{
  "_id": "55ee5e4593b0702ec7feebad",
  "index": 1840,
  "guid": "91cf7d50-4757-44cd-9419-eab29276e01e",
  "isActive": true,
  "balance": "$6,115.34",
  "picture": "http://placehold.it/32x32",
  "age": 59,
  "eyeColor": "blue",
  "name": "Webb Sharp",
  "gender": "male",
  "company": "FRANSCENE",
  "email": "webbsharp@franscene.com",
  "phone": "+1 (805) 550-3398",
  "address": "879 Cox Place, Adamstown, Massachusetts, 1371",
  "about": "Veniam magna duis ullamco nulla laborum ut. Occaecat in ad et tempor eu nostrud ullamco est tempor. Cupidatat est laboris excepteur elit aliqua velit et cillum aute dolor ut enim.\r\n",
  "registered": "2014-07-28T05:12:16-07:00",
  "tags": [
    "esse",
    "sit",
    "dolore",
    "id",
    "sit",
    "consectetur",
    "ex"
  ],
  "friends": [
    {
      "id": 0,
      "name": "Molina Yates"
    },
    {
      "id": 1,
      "name": "Bell Cantu"
    },
    {
      "id": 2,
      "name": "Bette Perry"
    }
  ],
  "greeting": "Hello, Webb Sharp! You have 9 unread messages.",
  "favoriteFruit": "banana",
  "location": {
    "latitude": -41.274455,
    "longitude": 54.198632
  },
  "docFormat": "json",
  "triples": [
    {
      "triple": {
        "subject": "/sample-data/data-1840.json",
        "predicate": "http://www.w3.org/2000/01/rdf-schema#label",
        "object": "Webb Sharp"
      }
    },
    {
      "triple": {
        "subject": "/sample-data/data-1840.json",
        "predicate": "http://www.w3.org/1999/02/22-rdf-syntax-ns#type",
        "object": "http://xmlns.com/foaf/0.1/Person"
      }
    },
    {
      "triple": {
        "subject": "/sample-data/data-1840.json",
        "predicate": "http://xmlns.com/foaf/0.1/knows",
        "object": "/sample-data/data-910.json"
      }
    },
    {
      "triple": {
        "subject": "/sample-data/data-1840.json",
        "predicate": "http://xmlns.com/foaf/0.1/knows",
        "object": "/sample-data/data-1819.json"
      }
    },
    {
      "triple": {
        "subject": "/sample-data/data-1840.json",
        "predicate": "http://xmlns.com/foaf/0.1/knows",
        "object": "/sample-data/data-2048.json"
      }
    }
  ]
}