{
  "_id": "55ee5e4475f1509c888e6e3d",
  "index": 490,
  "guid": "cb05d3af-fd03-4734-ae3a-49e3a561d4f3",
  "isActive": true,
  "balance": "$1,242.36",
  "picture": "http://placehold.it/32x32",
  "age": 32,
  "eyeColor": "brown",
  "name": "Roseann Britt",
  "gender": "female",
  "company": "ENVIRE",
  "email": "roseannbritt@envire.com",
  "phone": "+1 (960) 555-3684",
  "address": "291 Mill Street, Hiwasse, Delaware, 2078",
  "about": "Voluptate est esse adipisicing enim. Non voluptate officia nisi minim ex culpa laborum et officia dolore laboris. Enim id sunt occaecat quis officia dolore non et in ea mollit. Ipsum mollit minim sit sit. Proident culpa irure sunt culpa est irure.\r\n",
  "registered": "2015-03-10T05:09:51-07:00",
  "tags": [
    "veniam",
    "mollit",
    "qui",
    "sunt",
    "nostrud",
    "ad",
    "in"
  ],
  "friends": [
    {
      "id": 0,
      "name": "Kristina Doyle"
    },
    {
      "id": 1,
      "name": "Page Wells"
    },
    {
      "id": 2,
      "name": "Melton King"
    }
  ],
  "greeting": "Hello, Roseann Britt! You have 9 unread messages.",
  "favoriteFruit": "orange",
  "location": {
    "latitude": 60.064952,
    "longitude": -25.260832
  },
  "docFormat": "json",
  "triples": [
    {
      "triple": {
        "subject": "/sample-data/data-490.json",
        "predicate": "http://www.w3.org/2000/01/rdf-schema#label",
        "object": "Roseann Britt"
      }
    },
    {
      "triple": {
        "subject": "/sample-data/data-490.json",
        "predicate": "http://www.w3.org/1999/02/22-rdf-syntax-ns#type",
        "object": "http://xmlns.com/foaf/0.1/Person"
      }
    },
    {
      "triple": {
        "subject": "/sample-data/data-490.json",
        "predicate": "http://xmlns.com/foaf/0.1/knows",
        "object": "/sample-data/data-417.json"
      }
    },
    {
      "triple": {
        "subject": "/sample-data/data-490.json",
        "predicate": "http://xmlns.com/foaf/0.1/knows",
        "object": "/sample-data/data-2374.json"
      }
    },
    {
      "triple": {
        "subject": "/sample-data/data-490.json",
        "predicate": "http://xmlns.com/foaf/0.1/knows",
        "object": "/sample-data/data-1843.json"
      }
    }
  ]
}