{
  "_id": "55ee5e9893a05efc3c38f23d",
  "index": 2061,
  "guid": "5ec2e430-0f93-46ba-b6d8-5cffee24ea34",
  "isActive": true,
  "balance": "$64,622.80",
  "picture": "http://placehold.it/32x32",
  "age": 36,
  "eyeColor": "green",
  "name": "Lucas Mcintyre",
  "gender": "male",
  "company": "REPETWIRE",
  "email": "lucasmcintyre@repetwire.com",
  "phone": "+1 (913) 561-2234",
  "address": "110 Saratoga Avenue, Grapeview, Kansas, 9937",
  "about": "Elit ipsum commodo qui quis ullamco dolor eiusmod culpa velit aliqua non qui ex. Lorem nisi qui deserunt est dolore consequat tempor elit non quis deserunt proident ea. Minim mollit eu laborum dolore ut eu fugiat eiusmod ut voluptate.\r\n",
  "registered": "2014-10-27T10:34:30-07:00",
  "tags": [
    "dolor",
    "velit",
    "velit",
    "elit",
    "laboris",
    "exercitation",
    "ullamco"
  ],
  "friends": [
    {
      "id": 0,
      "name": "Esperanza Wilcox"
    },
    {
      "id": 1,
      "name": "Louise Nielsen"
    },
    {
      "id": 2,
      "name": "Julia Curry"
    }
  ],
  "greeting": "Hello, Lucas Mcintyre! You have 4 unread messages.",
  "favoriteFruit": "banana",
  "location": {
    "latitude": -28.201746,
    "longitude": -92.481162
  },
  "docFormat": "json",
  "triples": [
    {
      "triple": {
        "subject": "/sample-data/data-2061.json",
        "predicate": "http://www.w3.org/2000/01/rdf-schema#label",
        "object": "Lucas Mcintyre"
      }
    },
    {
      "triple": {
        "subject": "/sample-data/data-2061.json",
        "predicate": "http://www.w3.org/1999/02/22-rdf-syntax-ns#type",
        "object": "http://xmlns.com/foaf/0.1/Person"
      }
    },
    {
      "triple": {
        "subject": "/sample-data/data-2061.json",
        "predicate": "http://xmlns.com/foaf/0.1/knows",
        "object": "/sample-data/data-1695.json"
      }
    },
    {
      "triple": {
        "subject": "/sample-data/data-2061.json",
        "predicate": "http://xmlns.com/foaf/0.1/knows",
        "object": "/sample-data/data-1134.json"
      }
    },
    {
      "triple": {
        "subject": "/sample-data/data-2061.json",
        "predicate": "http://xmlns.com/foaf/0.1/knows",
        "object": "/sample-data/data-2707.json"
      }
    }
  ]
}