{
  "_id": "55ee5e986b8ed63bd0f51754",
  "index": 2581,
  "guid": "6529a5f1-637e-4873-902b-25c3e0a60de5",
  "isActive": true,
  "balance": "$60,652.86",
  "picture": "http://placehold.it/32x32",
  "age": 20,
  "eyeColor": "brown",
  "name": "Margie Harvey",
  "gender": "female",
  "company": "GINKLE",
  "email": "margieharvey@ginkle.com",
  "phone": "+1 (974) 450-3613",
  "address": "591 Bushwick Court, Lemoyne, North Dakota, 338",
  "about": "Pariatur deserunt labore in sint officia ad elit cillum. Ut aliquip magna amet commodo do ipsum qui veniam mollit laboris. Sint aliquip occaecat ea amet reprehenderit esse eu reprehenderit eu dolore veniam duis. Occaecat pariatur officia duis labore pariatur in id. Sit ad occaecat labore commodo id duis.\r\n",
  "registered": "2014-09-30T10:38:32-07:00",
  "tags": [
    "nulla",
    "laboris",
    "voluptate",
    "aliqua",
    "magna",
    "reprehenderit",
    "consectetur"
  ],
  "friends": [
    {
      "id": 0,
      "name": "Letha Hardy"
    },
    {
      "id": 1,
      "name": "Toni Tyler"
    },
    {
      "id": 2,
      "name": "Marcy Cochran"
    }
  ],
  "greeting": "Hello, Margie Harvey! You have 3 unread messages.",
  "favoriteFruit": "banana",
  "location": {
    "latitude": 48.747283,
    "longitude": 136.863782
  },
  "docFormat": "json",
  "triples": [
    {
      "triple": {
        "subject": "/sample-data/data-2581.json",
        "predicate": "http://www.w3.org/2000/01/rdf-schema#label",
        "object": "Margie Harvey"
      }
    },
    {
      "triple": {
        "subject": "/sample-data/data-2581.json",
        "predicate": "http://www.w3.org/1999/02/22-rdf-syntax-ns#type",
        "object": "http://xmlns.com/foaf/0.1/Person"
      }
    },
    {
      "triple": {
        "subject": "/sample-data/data-2581.json",
        "predicate": "http://xmlns.com/foaf/0.1/knows",
        "object": "/sample-data/data-1796.json"
      }
    },
    {
      "triple": {
        "subject": "/sample-data/data-2581.json",
        "predicate": "http://xmlns.com/foaf/0.1/knows",
        "object": "/sample-data/data-2478.json"
      }
    },
    {
      "triple": {
        "subject": "/sample-data/data-2581.json",
        "predicate": "http://xmlns.com/foaf/0.1/knows",
        "object": "/sample-data/data-2526.json"
      }
    }
  ]
}