{
  "_id": "55ee5e4404b5b7f3dac56694",
  "index": 872,
  "guid": "f519e5bc-7af1-41f6-a72f-f14e4e0ee01c",
  "isActive": false,
  "balance": "$54,137.96",
  "picture": "http://placehold.it/32x32",
  "age": 45,
  "eyeColor": "blue",
  "name": "Jeanette Simmons",
  "gender": "female",
  "company": "CABLAM",
  "email": "jeanettesimmons@cablam.com",
  "phone": "+1 (861) 564-3282",
  "address": "547 Dorset Street, Hillsboro, Maine, 9054",
  "about": "Duis quis et et voluptate ipsum aute consectetur reprehenderit aute tempor fugiat consectetur sit. Ad sunt ut laboris pariatur in aliquip. Occaecat fugiat reprehenderit do reprehenderit id pariatur consectetur aliquip officia magna eiusmod dolor aliqua. Adipisicing commodo cillum ut proident. Ex laboris consequat in non aute nulla laboris officia aute exercitation amet.\r\n",
  "registered": "2014-12-06T04:22:35-07:00",
  "tags": [
    "laborum",
    "qui",
    "laboris",
    "do",
    "ad",
    "ad",
    "ea"
  ],
  "friends": [
    {
      "id": 0,
      "name": "Faulkner Patterson"
    },
    {
      "id": 1,
      "name": "Angel Joseph"
    },
    {
      "id": 2,
      "name": "Puckett Ingram"
    }
  ],
  "greeting": "Hello, Jeanette Simmons! You have 4 unread messages.",
  "favoriteFruit": "apple",
  "location": {
    "latitude": 83.426016,
    "longitude": 8.716967
  },
  "docFormat": "json",
  "triples": [
    {
      "triple": {
        "subject": "/sample-data/data-872.json",
        "predicate": "http://www.w3.org/2000/01/rdf-schema#label",
        "object": "Jeanette Simmons"
      }
    },
    {
      "triple": {
        "subject": "/sample-data/data-872.json",
        "predicate": "http://www.w3.org/1999/02/22-rdf-syntax-ns#type",
        "object": "http://xmlns.com/foaf/0.1/Person"
      }
    },
    {
      "triple": {
        "subject": "/sample-data/data-872.json",
        "predicate": "http://xmlns.com/foaf/0.1/knows",
        "object": "/sample-data/data-2835.json"
      }
    },
    {
      "triple": {
        "subject": "/sample-data/data-872.json",
        "predicate": "http://xmlns.com/foaf/0.1/knows",
        "object": "/sample-data/data-61.json"
      }
    },
    {
      "triple": {
        "subject": "/sample-data/data-872.json",
        "predicate": "http://xmlns.com/foaf/0.1/knows",
        "object": "/sample-data/data-976.json"
      }
    }
  ]
}