{
  "_id": "55ee5e45eff36a0c9e62f94b",
  "index": 1860,
  "guid": "5ab217e7-4b63-4295-8718-2c919a685bdb",
  "isActive": false,
  "balance": "$64,647.74",
  "picture": "http://placehold.it/32x32",
  "age": 48,
  "eyeColor": "blue",
  "name": "Imogene Neal",
  "gender": "female",
  "company": "PORTALIS",
  "email": "imogeneneal@portalis.com",
  "phone": "+1 (837) 458-2868",
  "address": "283 Jaffray Street, Glenshaw, Washington, 5940",
  "about": "Aliqua eiusmod laborum dolore aliquip duis Lorem enim veniam consectetur do nisi reprehenderit enim. Occaecat nostrud nisi nisi occaecat occaecat dolor aute proident. Qui Lorem fugiat amet eu ad irure nostrud ipsum laborum commodo laborum excepteur aliquip est. Consectetur mollit irure ea fugiat est duis esse proident aute amet enim culpa. Dolore cupidatat ex nisi dolore cillum ut irure nisi pariatur proident. Excepteur fugiat minim proident anim eiusmod minim culpa eiusmod consequat duis adipisicing deserunt.\r\n",
  "registered": "2014-12-17T08:19:56-07:00",
  "tags": [
    "nulla",
    "consectetur",
    "anim",
    "nostrud",
    "ut",
    "eu",
    "proident"
  ],
  "friends": [
    {
      "id": 0,
      "name": "Fannie Garrett"
    },
    {
      "id": 1,
      "name": "Griffin Leblanc"
    },
    {
      "id": 2,
      "name": "Geneva Simon"
    }
  ],
  "greeting": "Hello, Imogene Neal! You have 6 unread messages.",
  "favoriteFruit": "banana",
  "location": {
    "latitude": -68.99207,
    "longitude": -92.250252
  },
  "docFormat": "json",
  "triples": [
    {
      "triple": {
        "subject": "/sample-data/data-1860.json",
        "predicate": "http://www.w3.org/2000/01/rdf-schema#label",
        "object": "Imogene Neal"
      }
    },
    {
      "triple": {
        "subject": "/sample-data/data-1860.json",
        "predicate": "http://www.w3.org/1999/02/22-rdf-syntax-ns#type",
        "object": "http://xmlns.com/foaf/0.1/Person"
      }
    },
    {
      "triple": {
        "subject": "/sample-data/data-1860.json",
        "predicate": "http://xmlns.com/foaf/0.1/knows",
        "object": "/sample-data/data-297.json"
      }
    },
    {
      "triple": {
        "subject": "/sample-data/data-1860.json",
        "predicate": "http://xmlns.com/foaf/0.1/knows",
        "object": "/sample-data/data-119.json"
      }
    },
    {
      "triple": {
        "subject": "/sample-data/data-1860.json",
        "predicate": "http://xmlns.com/foaf/0.1/knows",
        "object": "/sample-data/data-1894.json"
      }
    }
  ]
}