{
  "_id": "55ee5e4529bb8c90e0865f6c",
  "index": 1676,
  "guid": "d089d125-c3b6-4c9b-b942-7f54ea9e5297",
  "isActive": true,
  "balance": "$63,962.75",
  "picture": "http://placehold.it/32x32",
  "age": 20,
  "eyeColor": "brown",
  "name": "Leonard Barr",
  "gender": "male",
  "company": "RODEMCO",
  "email": "leonardbarr@rodemco.com",
  "phone": "+1 (913) 407-2687",
  "address": "636 Thornton Street, Norvelt, Utah, 3532",
  "about": "Occaecat consectetur eiusmod enim reprehenderit elit ea proident. Cillum excepteur duis deserunt commodo veniam. Exercitation elit in reprehenderit laborum duis aliquip esse fugiat enim duis minim nulla nostrud. Enim magna est nulla pariatur Lorem laborum elit proident consequat reprehenderit irure enim fugiat do.\r\n",
  "registered": "2015-05-04T06:53:24-07:00",
  "tags": [
    "non",
    "culpa",
    "in",
    "sit",
    "reprehenderit",
    "enim",
    "commodo"
  ],
  "friends": [
    {
      "id": 0,
      "name": "Marian Love"
    },
    {
      "id": 1,
      "name": "Ramona Young"
    },
    {
      "id": 2,
      "name": "George Sullivan"
    }
  ],
  "greeting": "Hello, Leonard Barr! You have 10 unread messages.",
  "favoriteFruit": "pear",
  "location": {
    "latitude": -9.703981,
    "longitude": 165.040025
  },
  "docFormat": "json",
  "triples": [
    {
      "triple": {
        "subject": "/sample-data/data-1676.json",
        "predicate": "http://www.w3.org/2000/01/rdf-schema#label",
        "object": "Leonard Barr"
      }
    },
    {
      "triple": {
        "subject": "/sample-data/data-1676.json",
        "predicate": "http://www.w3.org/1999/02/22-rdf-syntax-ns#type",
        "object": "http://xmlns.com/foaf/0.1/Person"
      }
    },
    {
      "triple": {
        "subject": "/sample-data/data-1676.json",
        "predicate": "http://xmlns.com/foaf/0.1/knows",
        "object": "/sample-data/data-621.json"
      }
    },
    {
      "triple": {
        "subject": "/sample-data/data-1676.json",
        "predicate": "http://xmlns.com/foaf/0.1/knows",
        "object": "/sample-data/data-914.json"
      }
    },
    {
      "triple": {
        "subject": "/sample-data/data-1676.json",
        "predicate": "http://xmlns.com/foaf/0.1/knows",
        "object": "/sample-data/data-2934.json"
      }
    }
  ]
}