{
  "_id": "55ee5e983bbbddc6fabd6896",
  "index": 2125,
  "guid": "06dd756f-f5b5-4584-8f97-b173ee91db80",
  "isActive": true,
  "balance": "$79,854.74",
  "picture": "http://placehold.it/32x32",
  "age": 33,
  "eyeColor": "blue",
  "name": "Harvey Hood",
  "gender": "male",
  "company": "TERSANKI",
  "email": "harveyhood@tersanki.com",
  "phone": "+1 (908) 591-2065",
  "address": "785 Ross Street, Sunbury, West Virginia, 6792",
  "about": "Sit commodo cillum cillum consectetur cillum consectetur laborum non aliqua cupidatat ea. Magna exercitation quis enim ex ut quis. Nulla mollit laborum dolor elit ea consectetur sunt in voluptate occaecat excepteur minim pariatur.\r\n",
  "registered": "2014-04-06T11:41:01-07:00",
  "tags": [
    "mollit",
    "incididunt",
    "minim",
    "dolore",
    "consectetur",
    "Lorem",
    "ea"
  ],
  "friends": [
    {
      "id": 0,
      "name": "Jill Nichols"
    },
    {
      "id": 1,
      "name": "Dillon Webster"
    },
    {
      "id": 2,
      "name": "Erin Vargas"
    }
  ],
  "greeting": "Hello, Harvey Hood! You have 6 unread messages.",
  "favoriteFruit": "strawberry",
  "location": {
    "latitude": 72.436707,
    "longitude": 63.46476
  },
  "docFormat": "json",
  "triples": [
    {
      "triple": {
        "subject": "/sample-data/data-2125.json",
        "predicate": "http://www.w3.org/2000/01/rdf-schema#label",
        "object": "Harvey Hood"
      }
    },
    {
      "triple": {
        "subject": "/sample-data/data-2125.json",
        "predicate": "http://www.w3.org/1999/02/22-rdf-syntax-ns#type",
        "object": "http://xmlns.com/foaf/0.1/Person"
      }
    },
    {
      "triple": {
        "subject": "/sample-data/data-2125.json",
        "predicate": "http://xmlns.com/foaf/0.1/knows",
        "object": "/sample-data/data-1277.json"
      }
    },
    {
      "triple": {
        "subject": "/sample-data/data-2125.json",
        "predicate": "http://xmlns.com/foaf/0.1/knows",
        "object": "/sample-data/data-874.json"
      }
    },
    {
      "triple": {
        "subject": "/sample-data/data-2125.json",
        "predicate": "http://xmlns.com/foaf/0.1/knows",
        "object": "/sample-data/data-798.json"
      }
    }
  ]
}