{
  "_id": "55ee5e451b404f15b4a36db2",
  "index": 1704,
  "guid": "33f4c684-75ec-4799-b4a9-f264a45e511d",
  "isActive": false,
  "balance": "$29,538.39",
  "picture": "http://placehold.it/32x32",
  "age": 31,
  "eyeColor": "blue",
  "name": "Ester Burks",
  "gender": "female",
  "company": "GEOFARM",
  "email": "esterburks@geofarm.com",
  "phone": "+1 (941) 531-2506",
  "address": "598 Bayview Avenue, Crisman, Federated States Of Micronesia, 7601",
  "about": "Dolore magna ex dolore dolor ad. Officia excepteur quis irure mollit in amet consequat duis ea. Adipisicing irure id est deserunt nostrud elit tempor. Excepteur aliqua deserunt nostrud quis officia.\r\n",
  "registered": "2014-02-07T06:51:54-07:00",
  "tags": [
    "reprehenderit",
    "qui",
    "aliquip",
    "anim",
    "fugiat",
    "anim",
    "aute"
  ],
  "friends": [
    {
      "id": 0,
      "name": "Naomi Underwood"
    },
    {
      "id": 1,
      "name": "Rodgers Ferguson"
    },
    {
      "id": 2,
      "name": "Grimes Hess"
    }
  ],
  "greeting": "Hello, Ester Burks! You have 9 unread messages.",
  "favoriteFruit": "banana",
  "location": {
    "latitude": -89.528231,
    "longitude": -157.77472
  },
  "docFormat": "json",
  "triples": [
    {
      "triple": {
        "subject": "/sample-data/data-1704.json",
        "predicate": "http://www.w3.org/2000/01/rdf-schema#label",
        "object": "Ester Burks"
      }
    },
    {
      "triple": {
        "subject": "/sample-data/data-1704.json",
        "predicate": "http://www.w3.org/1999/02/22-rdf-syntax-ns#type",
        "object": "http://xmlns.com/foaf/0.1/Person"
      }
    },
    {
      "triple": {
        "subject": "/sample-data/data-1704.json",
        "predicate": "http://xmlns.com/foaf/0.1/knows",
        "object": "/sample-data/data-479.json"
      }
    },
    {
      "triple": {
        "subject": "/sample-data/data-1704.json",
        "predicate": "http://xmlns.com/foaf/0.1/knows",
        "object": "/sample-data/data-906.json"
      }
    },
    {
      "triple": {
        "subject": "/sample-data/data-1704.json",
        "predicate": "http://xmlns.com/foaf/0.1/knows",
        "object": "/sample-data/data-2642.json"
      }
    }
  ]
}