{
  "_id": "55ee5e443516f459cba6a76f",
  "index": 848,
  "guid": "97ad8f44-4579-424e-9be5-09e4d4ad95df",
  "isActive": false,
  "balance": "$10,227.01",
  "picture": "http://placehold.it/32x32",
  "age": 47,
  "eyeColor": "blue",
  "name": "Earline Medina",
  "gender": "female",
  "company": "BLUEGRAIN",
  "email": "earlinemedina@bluegrain.com",
  "phone": "+1 (960) 414-2489",
  "address": "868 Rockaway Parkway, Lydia, Nebraska, 9805",
  "about": "Officia velit nulla voluptate ipsum in nostrud sit adipisicing nisi culpa commodo laborum culpa. Proident sint laborum deserunt elit proident tempor aliqua est aliquip sint eu anim magna. Lorem ea reprehenderit do ad adipisicing exercitation non non ea et. Commodo qui adipisicing ex consequat consectetur aute et. Aliquip duis non eiusmod amet nisi Lorem reprehenderit adipisicing quis quis.\r\n",
  "registered": "2014-04-26T02:39:17-07:00",
  "tags": [
    "proident",
    "aute",
    "sit",
    "eiusmod",
    "enim",
    "laboris",
    "occaecat"
  ],
  "friends": [
    {
      "id": 0,
      "name": "Moses Tanner"
    },
    {
      "id": 1,
      "name": "Marquez Dunlap"
    },
    {
      "id": 2,
      "name": "Sondra Golden"
    }
  ],
  "greeting": "Hello, Earline Medina! You have 8 unread messages.",
  "favoriteFruit": "banana",
  "location": {
    "latitude": 73.386647,
    "longitude": 135.067395
  },
  "docFormat": "json",
  "triples": [
    {
      "triple": {
        "subject": "/sample-data/data-848.json",
        "predicate": "http://www.w3.org/2000/01/rdf-schema#label",
        "object": "Earline Medina"
      }
    },
    {
      "triple": {
        "subject": "/sample-data/data-848.json",
        "predicate": "http://www.w3.org/1999/02/22-rdf-syntax-ns#type",
        "object": "http://xmlns.com/foaf/0.1/Person"
      }
    },
    {
      "triple": {
        "subject": "/sample-data/data-848.json",
        "predicate": "http://xmlns.com/foaf/0.1/knows",
        "object": "/sample-data/data-1923.json"
      }
    },
    {
      "triple": {
        "subject": "/sample-data/data-848.json",
        "predicate": "http://xmlns.com/foaf/0.1/knows",
        "object": "/sample-data/data-2487.json"
      }
    },
    {
      "triple": {
        "subject": "/sample-data/data-848.json",
        "predicate": "http://xmlns.com/foaf/0.1/knows",
        "object": "/sample-data/data-1990.json"
      }
    }
  ]
}