{
  "_id": "55ee5e98a996f6225ba04981",
  "index": 2647,
  "guid": "9f524bdc-2bc3-4003-8041-d743d566cb18",
  "isActive": false,
  "balance": "$21,415.19",
  "picture": "http://placehold.it/32x32",
  "age": 20,
  "eyeColor": "hazel",
  "name": "Steele Finley",
  "gender": "male",
  "company": "DEVILTOE",
  "email": "steelefinley@deviltoe.com",
  "phone": "+1 (909) 452-3049",
  "address": "398 Greenpoint Avenue, Why, West Virginia, 9863",
  "about": "Incididunt laboris minim ut excepteur enim qui cupidatat non fugiat. Voluptate veniam ea sint magna ex et proident. Nisi fugiat aute velit culpa adipisicing occaecat veniam adipisicing sunt ipsum. Reprehenderit cillum tempor et esse mollit commodo nulla ipsum. Est sint aute ad sint nisi fugiat occaecat elit ipsum incididunt est. Ullamco irure aliqua excepteur esse ad amet non pariatur cillum ullamco aliqua esse esse fugiat. Ad sint mollit tempor ullamco aliquip commodo irure.\r\n",
  "registered": "2014-06-30T03:39:48-07:00",
  "tags": [
    "fugiat",
    "minim",
    "est",
    "quis",
    "in",
    "anim",
    "elit"
  ],
  "friends": [
    {
      "id": 0,
      "name": "Barton Bridges"
    },
    {
      "id": 1,
      "name": "Maricela Cash"
    },
    {
      "id": 2,
      "name": "Estes Bradley"
    }
  ],
  "greeting": "Hello, Steele Finley! You have 10 unread messages.",
  "favoriteFruit": "apple",
  "location": {
    "latitude": 36.328964,
    "longitude": 95.148154
  },
  "docFormat": "json",
  "triples": [
    {
      "triple": {
        "subject": "/sample-data/data-2647.json",
        "predicate": "http://www.w3.org/2000/01/rdf-schema#label",
        "object": "Steele Finley"
      }
    },
    {
      "triple": {
        "subject": "/sample-data/data-2647.json",
        "predicate": "http://www.w3.org/1999/02/22-rdf-syntax-ns#type",
        "object": "http://xmlns.com/foaf/0.1/Person"
      }
    },
    {
      "triple": {
        "subject": "/sample-data/data-2647.json",
        "predicate": "http://xmlns.com/foaf/0.1/knows",
        "object": "/sample-data/data-2133.json"
      }
    },
    {
      "triple": {
        "subject": "/sample-data/data-2647.json",
        "predicate": "http://xmlns.com/foaf/0.1/knows",
        "object": "/sample-data/data-2685.json"
      }
    },
    {
      "triple": {
        "subject": "/sample-data/data-2647.json",
        "predicate": "http://xmlns.com/foaf/0.1/knows",
        "object": "/sample-data/data-2436.json"
      }
    }
  ]
}