{
  "_id": "55ee5e44e205949cc8c0bd06",
  "index": 941,
  "guid": "6f25abe0-e938-4236-a0e1-0c42f4ff5ad5",
  "isActive": true,
  "balance": "$77,613.58",
  "picture": "http://placehold.it/32x32",
  "age": 69,
  "eyeColor": "green",
  "name": "Sherri Shepard",
  "gender": "female",
  "company": "CANOPOLY",
  "email": "sherrishepard@canopoly.com",
  "phone": "+1 (953) 433-2448",
  "address": "820 Franklin Avenue, Hickory, Georgia, 9473",
  "about": "Ad magna ea ea officia mollit irure. In consequat Lorem irure voluptate consectetur elit minim. Ex aliquip officia sit laborum commodo quis nostrud non exercitation aliquip consequat. Aute fugiat nostrud laborum consequat labore nisi cupidatat deserunt. Adipisicing aliqua commodo incididunt laboris.\r\n",
  "registered": "2015-08-22T06:18:32-07:00",
  "tags": [
    "fugiat",
    "sit",
    "labore",
    "ex",
    "sunt",
    "nisi",
    "dolore"
  ],
  "friends": [
    {
      "id": 0,
      "name": "Rita Valenzuela"
    },
    {
      "id": 1,
      "name": "Reeves Rhodes"
    },
    {
      "id": 2,
      "name": "Grant Frost"
    }
  ],
  "greeting": "Hello, Sherri Shepard! You have 9 unread messages.",
  "favoriteFruit": "strawberry",
  "location": {
    "latitude": 41.873162,
    "longitude": -32.198074
  },
  "docFormat": "json",
  "triples": [
    {
      "triple": {
        "subject": "/sample-data/data-941.json",
        "predicate": "http://www.w3.org/2000/01/rdf-schema#label",
        "object": "Sherri Shepard"
      }
    },
    {
      "triple": {
        "subject": "/sample-data/data-941.json",
        "predicate": "http://www.w3.org/1999/02/22-rdf-syntax-ns#type",
        "object": "http://xmlns.com/foaf/0.1/Person"
      }
    },
    {
      "triple": {
        "subject": "/sample-data/data-941.json",
        "predicate": "http://xmlns.com/foaf/0.1/knows",
        "object": "/sample-data/data-1776.json"
      }
    },
    {
      "triple": {
        "subject": "/sample-data/data-941.json",
        "predicate": "http://xmlns.com/foaf/0.1/knows",
        "object": "/sample-data/data-304.json"
      }
    },
    {
      "triple": {
        "subject": "/sample-data/data-941.json",
        "predicate": "http://xmlns.com/foaf/0.1/knows",
        "object": "/sample-data/data-1388.json"
      }
    }
  ]
}