{
  "_id": "55ee5e9863ac12a01478ef23",
  "index": 2352,
  "guid": "65875796-9754-43e0-b33a-8dd2de52f09e",
  "isActive": true,
  "balance": "$71,498.62",
  "picture": "http://placehold.it/32x32",
  "age": 39,
  "eyeColor": "honey",
  "name": "Wilcox Arnold",
  "gender": "male",
  "company": "APPLIDECK",
  "email": "wilcoxarnold@applideck.com",
  "phone": "+1 (899) 466-2010",
  "address": "600 Garfield Place, Draper, Northern Mariana Islands, 8318",
  "about": "Nostrud pariatur culpa amet elit ea fugiat quis non elit. Exercitation in sit occaecat do elit deserunt. Laboris ut irure sint aute.\r\n",
  "registered": "2014-11-20T05:27:55-07:00",
  "tags": [
    "exercitation",
    "labore",
    "amet",
    "ad",
    "nisi",
    "ea",
    "occaecat"
  ],
  "friends": [
    {
      "id": 0,
      "name": "Debora Robertson"
    },
    {
      "id": 1,
      "name": "Cecile Norman"
    },
    {
      "id": 2,
      "name": "Hatfield Noble"
    }
  ],
  "greeting": "Hello, Wilcox Arnold! You have 3 unread messages.",
  "favoriteFruit": "banana",
  "location": {
    "latitude": 84.566694,
    "longitude": 68.390979
  },
  "docFormat": "json",
  "triples": [
    {
      "triple": {
        "subject": "/sample-data/data-2352.json",
        "predicate": "http://www.w3.org/2000/01/rdf-schema#label",
        "object": "Wilcox Arnold"
      }
    },
    {
      "triple": {
        "subject": "/sample-data/data-2352.json",
        "predicate": "http://www.w3.org/1999/02/22-rdf-syntax-ns#type",
        "object": "http://xmlns.com/foaf/0.1/Person"
      }
    },
    {
      "triple": {
        "subject": "/sample-data/data-2352.json",
        "predicate": "http://xmlns.com/foaf/0.1/knows",
        "object": "/sample-data/data-272.json"
      }
    },
    {
      "triple": {
        "subject": "/sample-data/data-2352.json",
        "predicate": "http://xmlns.com/foaf/0.1/knows",
        "object": "/sample-data/data-2710.json"
      }
    },
    {
      "triple": {
        "subject": "/sample-data/data-2352.json",
        "predicate": "http://xmlns.com/foaf/0.1/knows",
        "object": "/sample-data/data-264.json"
      }
    }
  ]
}