{
  "_id": "55ee5e442713597ae89a2c96",
  "index": 1505,
  "guid": "0f4a8318-fddd-44c2-801a-72541375614c",
  "isActive": true,
  "balance": "$68,069.58",
  "picture": "http://placehold.it/32x32",
  "age": 57,
  "eyeColor": "blue",
  "name": "Margery Thomas",
  "gender": "female",
  "company": "GENEKOM",
  "email": "margerythomas@genekom.com",
  "phone": "+1 (875) 466-3811",
  "address": "139 Lois Avenue, Greenbackville, Texas, 4877",
  "about": "Commodo in velit magna cupidatat cillum. Voluptate officia enim nulla ea aliqua do sit excepteur velit. Pariatur duis incididunt irure Lorem et. Non amet do cillum aliquip fugiat ullamco id do ex. Occaecat cillum dolor magna minim aute nulla. Nulla eiusmod labore enim labore excepteur dolore labore nisi aliquip amet Lorem.\r\n",
  "registered": "2014-07-30T10:17:50-07:00",
  "tags": [
    "ex",
    "exercitation",
    "consectetur",
    "veniam",
    "eu",
    "quis",
    "consectetur"
  ],
  "friends": [
    {
      "id": 0,
      "name": "Cherry Richards"
    },
    {
      "id": 1,
      "name": "Shelton Hill"
    },
    {
      "id": 2,
      "name": "Stephenson Shaffer"
    }
  ],
  "greeting": "Hello, Margery Thomas! You have 8 unread messages.",
  "favoriteFruit": "orange",
  "location": {
    "latitude": 35.328195,
    "longitude": 48.826438
  },
  "docFormat": "json",
  "triples": [
    {
      "triple": {
        "subject": "/sample-data/data-1505.json",
        "predicate": "http://www.w3.org/2000/01/rdf-schema#label",
        "object": "Margery Thomas"
      }
    },
    {
      "triple": {
        "subject": "/sample-data/data-1505.json",
        "predicate": "http://www.w3.org/1999/02/22-rdf-syntax-ns#type",
        "object": "http://xmlns.com/foaf/0.1/Person"
      }
    },
    {
      "triple": {
        "subject": "/sample-data/data-1505.json",
        "predicate": "http://xmlns.com/foaf/0.1/knows",
        "object": "/sample-data/data-1590.json"
      }
    },
    {
      "triple": {
        "subject": "/sample-data/data-1505.json",
        "predicate": "http://xmlns.com/foaf/0.1/knows",
        "object": "/sample-data/data-1187.json"
      }
    },
    {
      "triple": {
        "subject": "/sample-data/data-1505.json",
        "predicate": "http://xmlns.com/foaf/0.1/knows",
        "object": "/sample-data/data-869.json"
      }
    }
  ]
}