{
  "_id": "55ee5e4457963aa1df578d32",
  "index": 783,
  "guid": "0e71757a-966a-4268-9ec3-c5c6100a548a",
  "isActive": false,
  "balance": "$48,889.82",
  "picture": "http://placehold.it/32x32",
  "age": 59,
  "eyeColor": "brown",
  "name": "Roberts Bass",
  "gender": "male",
  "company": "ZANILLA",
  "email": "robertsbass@zanilla.com",
  "phone": "+1 (970) 564-3172",
  "address": "687 Dennett Place, Fivepointville, Montana, 2756",
  "about": "Amet eiusmod dolor quis dolor quis Lorem do labore laboris. Sunt sunt do eiusmod nisi enim consequat. Sunt sit adipisicing ex dolor voluptate eu reprehenderit laborum. Veniam labore eiusmod cupidatat adipisicing duis anim. Labore nisi est ad veniam dolore. Esse sit pariatur dolore sunt anim amet eiusmod sit in ipsum laboris laborum adipisicing. Dolor veniam ad tempor ipsum nostrud officia anim.\r\n",
  "registered": "2014-10-21T05:53:10-07:00",
  "tags": [
    "in",
    "quis",
    "labore",
    "nisi",
    "deserunt",
    "laborum",
    "ipsum"
  ],
  "friends": [
    {
      "id": 0,
      "name": "Woods Harrington"
    },
    {
      "id": 1,
      "name": "Therese Hardin"
    },
    {
      "id": 2,
      "name": "Louise Ewing"
    }
  ],
  "greeting": "Hello, Roberts Bass! You have 6 unread messages.",
  "favoriteFruit": "strawberry",
  "location": {
    "latitude": 3.806265,
    "longitude": -119.988261
  },
  "docFormat": "json",
  "triples": [
    {
      "triple": {
        "subject": "/sample-data/data-783.json",
        "predicate": "http://www.w3.org/2000/01/rdf-schema#label",
        "object": "Roberts Bass"
      }
    },
    {
      "triple": {
        "subject": "/sample-data/data-783.json",
        "predicate": "http://www.w3.org/1999/02/22-rdf-syntax-ns#type",
        "object": "http://xmlns.com/foaf/0.1/Person"
      }
    },
    {
      "triple": {
        "subject": "/sample-data/data-783.json",
        "predicate": "http://xmlns.com/foaf/0.1/knows",
        "object": "/sample-data/data-337.json"
      }
    },
    {
      "triple": {
        "subject": "/sample-data/data-783.json",
        "predicate": "http://xmlns.com/foaf/0.1/knows",
        "object": "/sample-data/data-591.json"
      }
    },
    {
      "triple": {
        "subject": "/sample-data/data-783.json",
        "predicate": "http://xmlns.com/foaf/0.1/knows",
        "object": "/sample-data/data-2982.json"
      }
    }
  ]
}