{
  "_id": "55ee5e44fb3d06372bc6ddef",
  "index": 520,
  "guid": "20ce3acf-fafd-460c-a42c-107dc9f5bad3",
  "isActive": true,
  "balance": "$11,450.63",
  "picture": "http://placehold.it/32x32",
  "age": 45,
  "eyeColor": "blue",
  "name": "Alisa Wood",
  "gender": "female",
  "company": "PROVIDCO",
  "email": "alisawood@providco.com",
  "phone": "+1 (935) 400-3783",
  "address": "638 Sunnyside Avenue, Hegins, Virgin Islands, 9967",
  "about": "Aute sint esse est consequat excepteur ut magna non. Est fugiat aute officia sit aute elit ea Lorem est. Ullamco nulla eiusmod non velit aliqua incididunt. Excepteur veniam laborum sint laboris mollit et.\r\n",
  "registered": "2015-07-29T12:52:22-07:00",
  "tags": [
    "duis",
    "et",
    "et",
    "amet",
    "amet",
    "pariatur",
    "proident"
  ],
  "friends": [
    {
      "id": 0,
      "name": "Carole Spencer"
    },
    {
      "id": 1,
      "name": "Ethel Acosta"
    },
    {
      "id": 2,
      "name": "Tia Burris"
    }
  ],
  "greeting": "Hello, Alisa Wood! You have 10 unread messages.",
  "favoriteFruit": "strawberry",
  "location": {
    "latitude": -36.563236,
    "longitude": 49.586692
  },
  "docFormat": "json",
  "triples": [
    {
      "triple": {
        "subject": "/sample-data/data-520.json",
        "predicate": "http://www.w3.org/2000/01/rdf-schema#label",
        "object": "Alisa Wood"
      }
    },
    {
      "triple": {
        "subject": "/sample-data/data-520.json",
        "predicate": "http://www.w3.org/1999/02/22-rdf-syntax-ns#type",
        "object": "http://xmlns.com/foaf/0.1/Person"
      }
    },
    {
      "triple": {
        "subject": "/sample-data/data-520.json",
        "predicate": "http://xmlns.com/foaf/0.1/knows",
        "object": "/sample-data/data-900.json"
      }
    },
    {
      "triple": {
        "subject": "/sample-data/data-520.json",
        "predicate": "http://xmlns.com/foaf/0.1/knows",
        "object": "/sample-data/data-1586.json"
      }
    },
    {
      "triple": {
        "subject": "/sample-data/data-520.json",
        "predicate": "http://xmlns.com/foaf/0.1/knows",
        "object": "/sample-data/data-2562.json"
      }
    }
  ]
}