{
  "_id": "55ee5e44313b21970df286f2",
  "index": 961,
  "guid": "71cf874d-3d1d-440c-8b8b-5b3dc685440f",
  "isActive": false,
  "balance": "$69,164.32",
  "picture": "http://placehold.it/32x32",
  "age": 28,
  "eyeColor": "green",
  "name": "Florence Carney",
  "gender": "female",
  "company": "ZOMBOID",
  "email": "florencecarney@zomboid.com",
  "phone": "+1 (994) 431-2178",
  "address": "905 Rapelye Street, Tyhee, Connecticut, 5328",
  "about": "Nostrud ut tempor esse cillum non voluptate esse est veniam do cillum. Dolor irure aliquip consectetur irure occaecat ullamco duis commodo incididunt fugiat ut nisi culpa elit. Eiusmod occaecat officia proident occaecat fugiat veniam tempor labore. Ad amet culpa consectetur ex sint pariatur ad exercitation. Cillum tempor pariatur ullamco ut deserunt. Fugiat ipsum aliqua enim duis.\r\n",
  "registered": "2014-04-29T12:27:08-07:00",
  "tags": [
    "aliqua",
    "pariatur",
    "irure",
    "excepteur",
    "enim",
    "velit",
    "sint"
  ],
  "friends": [
    {
      "id": 0,
      "name": "Celina Hopper"
    },
    {
      "id": 1,
      "name": "Frye Meyer"
    },
    {
      "id": 2,
      "name": "Holmes Snider"
    }
  ],
  "greeting": "Hello, Florence Carney! You have 1 unread messages.",
  "favoriteFruit": "banana",
  "location": {
    "latitude": -82.416971,
    "longitude": -45.702181
  },
  "docFormat": "json",
  "triples": [
    {
      "triple": {
        "subject": "/sample-data/data-961.json",
        "predicate": "http://www.w3.org/2000/01/rdf-schema#label",
        "object": "Florence Carney"
      }
    },
    {
      "triple": {
        "subject": "/sample-data/data-961.json",
        "predicate": "http://www.w3.org/1999/02/22-rdf-syntax-ns#type",
        "object": "http://xmlns.com/foaf/0.1/Person"
      }
    },
    {
      "triple": {
        "subject": "/sample-data/data-961.json",
        "predicate": "http://xmlns.com/foaf/0.1/knows",
        "object": "/sample-data/data-1719.json"
      }
    },
    {
      "triple": {
        "subject": "/sample-data/data-961.json",
        "predicate": "http://xmlns.com/foaf/0.1/knows",
        "object": "/sample-data/data-563.json"
      }
    },
    {
      "triple": {
        "subject": "/sample-data/data-961.json",
        "predicate": "http://xmlns.com/foaf/0.1/knows",
        "object": "/sample-data/data-265.json"
      }
    }
  ]
}