{
  "_id": "55ee5e445028d51748a16ece",
  "index": 473,
  "guid": "6a624204-4482-4d6e-9834-1bd3a3ec7c84",
  "isActive": false,
  "balance": "$8,914.32",
  "picture": "http://placehold.it/32x32",
  "age": 38,
  "eyeColor": "brown",
  "name": "Shepard Burt",
  "gender": "male",
  "company": "CYTRAK",
  "email": "shepardburt@cytrak.com",
  "phone": "+1 (837) 502-2906",
  "address": "376 Bedford Avenue, Belmont, Florida, 3898",
  "about": "Velit excepteur occaecat ex sit velit minim. Eiusmod pariatur velit qui sit labore. Velit ea est consectetur est deserunt aliqua culpa. Mollit exercitation elit esse duis incididunt id consequat commodo dolor culpa.\r\n",
  "registered": "2014-12-10T10:39:13-07:00",
  "tags": [
    "sunt",
    "eu",
    "officia",
    "officia",
    "elit",
    "minim",
    "ipsum"
  ],
  "friends": [
    {
      "id": 0,
      "name": "Claudine Cabrera"
    },
    {
      "id": 1,
      "name": "Graciela Castillo"
    },
    {
      "id": 2,
      "name": "Rose Ortega"
    }
  ],
  "greeting": "Hello, Shepard Burt! You have 6 unread messages.",
  "favoriteFruit": "orange",
  "location": {
    "latitude": -82.740397,
    "longitude": -77.390176
  },
  "docFormat": "json",
  "triples": [
    {
      "triple": {
        "subject": "/sample-data/data-473.json",
        "predicate": "http://www.w3.org/2000/01/rdf-schema#label",
        "object": "Shepard Burt"
      }
    },
    {
      "triple": {
        "subject": "/sample-data/data-473.json",
        "predicate": "http://www.w3.org/1999/02/22-rdf-syntax-ns#type",
        "object": "http://xmlns.com/foaf/0.1/Person"
      }
    },
    {
      "triple": {
        "subject": "/sample-data/data-473.json",
        "predicate": "http://xmlns.com/foaf/0.1/knows",
        "object": "/sample-data/data-1958.json"
      }
    },
    {
      "triple": {
        "subject": "/sample-data/data-473.json",
        "predicate": "http://xmlns.com/foaf/0.1/knows",
        "object": "/sample-data/data-335.json"
      }
    },
    {
      "triple": {
        "subject": "/sample-data/data-473.json",
        "predicate": "http://xmlns.com/foaf/0.1/knows",
        "object": "/sample-data/data-970.json"
      }
    }
  ]
}