{
  "_id": "55ee5e984710051bd43f4378",
  "index": 2714,
  "guid": "315cd213-7db2-493a-8f30-8834b1d09db3",
  "isActive": false,
  "balance": "$71,339.98",
  "picture": "http://placehold.it/32x32",
  "age": 36,
  "eyeColor": "hazel",
  "name": "Maggie Malone",
  "gender": "female",
  "company": "AUTOMON",
  "email": "maggiemalone@automon.com",
  "phone": "+1 (944) 590-2403",
  "address": "340 Vernon Avenue, Dyckesville, Rhode Island, 9395",
  "about": "Deserunt ullamco anim ad anim tempor id. Occaecat officia sit excepteur ipsum dolor nulla fugiat culpa fugiat ad ipsum. Ea sit velit eu commodo do et esse quis minim ea exercitation fugiat. Occaecat magna culpa proident aliquip aute labore adipisicing ea veniam ipsum est et. Do elit et qui veniam exercitation eu sint consectetur ea magna aliqua nulla. Laborum duis ullamco in adipisicing velit cupidatat dolor. Dolor reprehenderit minim nulla ipsum aliqua consectetur proident voluptate elit.\r\n",
  "registered": "2014-11-27T10:52:16-07:00",
  "tags": [
    "excepteur",
    "minim",
    "incididunt",
    "ea",
    "minim",
    "qui",
    "irure"
  ],
  "friends": [
    {
      "id": 0,
      "name": "Lynn Gardner"
    },
    {
      "id": 1,
      "name": "Allyson Mueller"
    },
    {
      "id": 2,
      "name": "Dale Rich"
    }
  ],
  "greeting": "Hello, Maggie Malone! You have 8 unread messages.",
  "favoriteFruit": "apple",
  "location": {
    "latitude": 17.527648,
    "longitude": 58.569221
  },
  "docFormat": "json",
  "triples": [
    {
      "triple": {
        "subject": "/sample-data/data-2714.json",
        "predicate": "http://www.w3.org/2000/01/rdf-schema#label",
        "object": "Maggie Malone"
      }
    },
    {
      "triple": {
        "subject": "/sample-data/data-2714.json",
        "predicate": "http://www.w3.org/1999/02/22-rdf-syntax-ns#type",
        "object": "http://xmlns.com/foaf/0.1/Person"
      }
    },
    {
      "triple": {
        "subject": "/sample-data/data-2714.json",
        "predicate": "http://xmlns.com/foaf/0.1/knows",
        "object": "/sample-data/data-1779.json"
      }
    },
    {
      "triple": {
        "subject": "/sample-data/data-2714.json",
        "predicate": "http://xmlns.com/foaf/0.1/knows",
        "object": "/sample-data/data-1968.json"
      }
    },
    {
      "triple": {
        "subject": "/sample-data/data-2714.json",
        "predicate": "http://xmlns.com/foaf/0.1/knows",
        "object": "/sample-data/data-2817.json"
      }
    }
  ]
}