{
  "_id": "55ee5e98b08aec9e49c2fdb5",
  "index": 2344,
  "guid": "0a70ac74-3069-44d0-8485-df7299d6ce8a",
  "isActive": false,
  "balance": "$48,200.38",
  "picture": "http://placehold.it/32x32",
  "age": 25,
  "eyeColor": "blue",
  "name": "Short Holland",
  "gender": "male",
  "company": "ANACHO",
  "email": "shortholland@anacho.com",
  "phone": "+1 (822) 479-2745",
  "address": "519 Lee Avenue, Gibbsville, Palau, 4037",
  "about": "Aliquip culpa irure nulla esse dolor ea qui magna sit. Occaecat et id est do nulla fugiat fugiat commodo nostrud ex do. Consequat irure consequat tempor esse ut fugiat tempor enim. Qui pariatur duis ut enim nisi cupidatat culpa culpa elit proident aliqua non. Ea id duis consequat enim ad Lorem ut aliquip irure tempor sunt magna. Officia irure magna pariatur laborum eiusmod mollit voluptate aliquip labore officia ex eiusmod aliqua sit. Velit ut irure nostrud ipsum amet ullamco proident et mollit elit do dolor.\r\n",
  "registered": "2014-07-03T02:04:52-07:00",
  "tags": [
    "pariatur",
    "exercitation",
    "veniam",
    "ullamco",
    "adipisicing",
    "nostrud",
    "laborum"
  ],
  "friends": [
    {
      "id": 0,
      "name": "Mendez Roberson"
    },
    {
      "id": 1,
      "name": "Tonia Barber"
    },
    {
      "id": 2,
      "name": "Nieves Ochoa"
    }
  ],
  "greeting": "Hello, Short Holland! You have 1 unread messages.",
  "favoriteFruit": "banana",
  "location": {
    "latitude": -7.803274,
    "longitude": -107.187409
  },
  "docFormat": "json",
  "triples": [
    {
      "triple": {
        "subject": "/sample-data/data-2344.json",
        "predicate": "http://www.w3.org/2000/01/rdf-schema#label",
        "object": "Short Holland"
      }
    },
    {
      "triple": {
        "subject": "/sample-data/data-2344.json",
        "predicate": "http://www.w3.org/1999/02/22-rdf-syntax-ns#type",
        "object": "http://xmlns.com/foaf/0.1/Person"
      }
    },
    {
      "triple": {
        "subject": "/sample-data/data-2344.json",
        "predicate": "http://xmlns.com/foaf/0.1/knows",
        "object": "/sample-data/data-1693.json"
      }
    },
    {
      "triple": {
        "subject": "/sample-data/data-2344.json",
        "predicate": "http://xmlns.com/foaf/0.1/knows",
        "object": "/sample-data/data-1863.json"
      }
    },
    {
      "triple": {
        "subject": "/sample-data/data-2344.json",
        "predicate": "http://xmlns.com/foaf/0.1/knows",
        "object": "/sample-data/data-1948.json"
      }
    }
  ]
}