{
  "_id": "55ee5e9833787c65c1954ec1",
  "index": 2575,
  "guid": "9923362d-e586-42b9-b262-b3cc7608c599",
  "isActive": true,
  "balance": "$70,246.48",
  "picture": "http://placehold.it/32x32",
  "age": 36,
  "eyeColor": "blue",
  "name": "Chapman Parks",
  "gender": "male",
  "company": "TUBALUM",
  "email": "chapmanparks@tubalum.com",
  "phone": "+1 (858) 403-2010",
  "address": "184 Celeste Court, Limestone, Hawaii, 7447",
  "about": "Deserunt mollit dolor esse culpa adipisicing non esse nulla cupidatat do id et. Velit commodo officia aute cillum elit exercitation cillum anim magna nisi reprehenderit commodo do. Fugiat proident quis deserunt ex. Fugiat anim aute ullamco cupidatat commodo deserunt labore ullamco ipsum nulla velit. Ipsum laborum duis anim ea reprehenderit officia do culpa ea in.\r\n",
  "registered": "2015-06-20T06:38:44-07:00",
  "tags": [
    "proident",
    "qui",
    "aute",
    "nulla",
    "sunt",
    "id",
    "fugiat"
  ],
  "friends": [
    {
      "id": 0,
      "name": "Cora Frye"
    },
    {
      "id": 1,
      "name": "Eleanor Stark"
    },
    {
      "id": 2,
      "name": "Janice Wise"
    }
  ],
  "greeting": "Hello, Chapman Parks! You have 5 unread messages.",
  "favoriteFruit": "apple",
  "location": {
    "latitude": 76.438162,
    "longitude": 77.983781
  },
  "docFormat": "json",
  "triples": [
    {
      "triple": {
        "subject": "/sample-data/data-2575.json",
        "predicate": "http://www.w3.org/2000/01/rdf-schema#label",
        "object": "Chapman Parks"
      }
    },
    {
      "triple": {
        "subject": "/sample-data/data-2575.json",
        "predicate": "http://www.w3.org/1999/02/22-rdf-syntax-ns#type",
        "object": "http://xmlns.com/foaf/0.1/Person"
      }
    },
    {
      "triple": {
        "subject": "/sample-data/data-2575.json",
        "predicate": "http://xmlns.com/foaf/0.1/knows",
        "object": "/sample-data/data-2823.json"
      }
    },
    {
      "triple": {
        "subject": "/sample-data/data-2575.json",
        "predicate": "http://xmlns.com/foaf/0.1/knows",
        "object": "/sample-data/data-725.json"
      }
    },
    {
      "triple": {
        "subject": "/sample-data/data-2575.json",
        "predicate": "http://xmlns.com/foaf/0.1/knows",
        "object": "/sample-data/data-962.json"
      }
    }
  ]
}