{
  "_id": "55ee5e98630dc4e0bb32cdfe",
  "index": 2755,
  "guid": "8e766595-c566-4cca-a717-7e2feb20dff6",
  "isActive": false,
  "balance": "$45,788.41",
  "picture": "http://placehold.it/32x32",
  "age": 70,
  "eyeColor": "hazel",
  "name": "Elena Mcfarland",
  "gender": "female",
  "company": "COMCUBINE",
  "email": "elenamcfarland@comcubine.com",
  "phone": "+1 (948) 549-2799",
  "address": "337 Ashford Street, Tioga, North Dakota, 9444",
  "about": "Esse officia deserunt sunt dolore consectetur sunt laboris ipsum nostrud exercitation duis. Consequat mollit duis quis tempor aliquip qui anim velit excepteur nisi dolore nisi qui. Elit excepteur non eu id aliqua ipsum do anim velit aliquip veniam nisi dolor. Id velit enim ipsum ex Lorem. Non aliquip commodo ipsum dolore aute enim elit sit eu. Ullamco deserunt aliqua eu nisi ad ea ut. Enim dolore nulla cupidatat deserunt eiusmod.\r\n",
  "registered": "2014-07-26T04:00:34-07:00",
  "tags": [
    "aute",
    "Lorem",
    "qui",
    "nisi",
    "id",
    "laboris",
    "laborum"
  ],
  "friends": [
    {
      "id": 0,
      "name": "Barbra William"
    },
    {
      "id": 1,
      "name": "Olson Reeves"
    },
    {
      "id": 2,
      "name": "Mavis Shannon"
    }
  ],
  "greeting": "Hello, Elena Mcfarland! You have 7 unread messages.",
  "favoriteFruit": "orange",
  "location": {
    "latitude": 37.53663,
    "longitude": 117.704512
  },
  "docFormat": "json",
  "triples": [
    {
      "triple": {
        "subject": "/sample-data/data-2755.json",
        "predicate": "http://www.w3.org/2000/01/rdf-schema#label",
        "object": "Elena Mcfarland"
      }
    },
    {
      "triple": {
        "subject": "/sample-data/data-2755.json",
        "predicate": "http://www.w3.org/1999/02/22-rdf-syntax-ns#type",
        "object": "http://xmlns.com/foaf/0.1/Person"
      }
    },
    {
      "triple": {
        "subject": "/sample-data/data-2755.json",
        "predicate": "http://xmlns.com/foaf/0.1/knows",
        "object": "/sample-data/data-1822.json"
      }
    },
    {
      "triple": {
        "subject": "/sample-data/data-2755.json",
        "predicate": "http://xmlns.com/foaf/0.1/knows",
        "object": "/sample-data/data-2978.json"
      }
    },
    {
      "triple": {
        "subject": "/sample-data/data-2755.json",
        "predicate": "http://xmlns.com/foaf/0.1/knows",
        "object": "/sample-data/data-2802.json"
      }
    }
  ]
}