{
  "_id": "55ee5e4434af188bd5198c57",
  "index": 721,
  "guid": "bd70b91c-a47f-4f68-98fb-521b74335889",
  "isActive": false,
  "balance": "$12,223.08",
  "picture": "http://placehold.it/32x32",
  "age": 64,
  "eyeColor": "blue",
  "name": "Althea Meadows",
  "gender": "female",
  "company": "QOT",
  "email": "altheameadows@qot.com",
  "phone": "+1 (863) 529-3475",
  "address": "488 Dupont Street, Why, Wyoming, 3147",
  "about": "Ea eiusmod esse nostrud dolor veniam eiusmod eiusmod laboris voluptate laborum mollit do fugiat ad. Quis officia velit nisi aute dolor cillum ut excepteur irure proident ipsum mollit. Nulla minim cillum pariatur officia officia magna proident ex proident et minim. Magna cupidatat nisi Lorem culpa veniam velit voluptate. Aliquip eu eiusmod dolore do aute id laboris nostrud deserunt minim excepteur. Duis ea velit voluptate eu non ex enim proident esse voluptate et eu. Incididunt nulla deserunt nulla sint ea ullamco sint culpa commodo irure non cillum.\r\n",
  "registered": "2015-02-23T07:39:45-07:00",
  "tags": [
    "magna",
    "dolor",
    "labore",
    "voluptate",
    "culpa",
    "commodo",
    "id"
  ],
  "friends": [
    {
      "id": 0,
      "name": "Ivy Garrison"
    },
    {
      "id": 1,
      "name": "Beth Ellis"
    },
    {
      "id": 2,
      "name": "Bethany Fleming"
    }
  ],
  "greeting": "Hello, Althea Meadows! You have 8 unread messages.",
  "favoriteFruit": "banana",
  "location": {
    "latitude": 4.571927,
    "longitude": 172.786133
  },
  "docFormat": "json",
  "triples": [
    {
      "triple": {
        "subject": "/sample-data/data-721.json",
        "predicate": "http://www.w3.org/2000/01/rdf-schema#label",
        "object": "Althea Meadows"
      }
    },
    {
      "triple": {
        "subject": "/sample-data/data-721.json",
        "predicate": "http://www.w3.org/1999/02/22-rdf-syntax-ns#type",
        "object": "http://xmlns.com/foaf/0.1/Person"
      }
    },
    {
      "triple": {
        "subject": "/sample-data/data-721.json",
        "predicate": "http://xmlns.com/foaf/0.1/knows",
        "object": "/sample-data/data-2656.json"
      }
    },
    {
      "triple": {
        "subject": "/sample-data/data-721.json",
        "predicate": "http://xmlns.com/foaf/0.1/knows",
        "object": "/sample-data/data-2723.json"
      }
    },
    {
      "triple": {
        "subject": "/sample-data/data-721.json",
        "predicate": "http://xmlns.com/foaf/0.1/knows",
        "object": "/sample-data/data-33.json"
      }
    }
  ]
}