{
  "_id": "55ee5e98a038da656f2978dd",
  "index": 2036,
  "guid": "9b844e85-1c0e-4bbe-8672-fe32709a0377",
  "isActive": true,
  "balance": "$66,779.60",
  "picture": "http://placehold.it/32x32",
  "age": 65,
  "eyeColor": "blue",
  "name": "Carrie Mason",
  "gender": "female",
  "company": "EWEVILLE",
  "email": "carriemason@eweville.com",
  "phone": "+1 (959) 582-3075",
  "address": "108 Ashland Place, Como, Alabama, 1778",
  "about": "Enim sit magna est quis voluptate tempor ipsum commodo pariatur mollit officia. Officia elit ex culpa amet pariatur dolor eiusmod culpa velit consequat veniam anim. Quis consectetur id officia esse fugiat ad officia id dolore culpa anim. Ipsum dolore incididunt pariatur elit sit cupidatat enim sunt consequat cupidatat ullamco.\r\n",
  "registered": "2014-07-28T05:44:56-07:00",
  "tags": [
    "ad",
    "velit",
    "aute",
    "aliquip",
    "elit",
    "elit",
    "nisi"
  ],
  "friends": [
    {
      "id": 0,
      "name": "Castro Shepard"
    },
    {
      "id": 1,
      "name": "Patti Raymond"
    },
    {
      "id": 2,
      "name": "Maynard Craig"
    }
  ],
  "greeting": "Hello, Carrie Mason! You have 8 unread messages.",
  "favoriteFruit": "orange",
  "location": {
    "latitude": -43.689286,
    "longitude": 116.50725
  },
  "docFormat": "json",
  "triples": [
    {
      "triple": {
        "subject": "/sample-data/data-2036.json",
        "predicate": "http://www.w3.org/2000/01/rdf-schema#label",
        "object": "Carrie Mason"
      }
    },
    {
      "triple": {
        "subject": "/sample-data/data-2036.json",
        "predicate": "http://www.w3.org/1999/02/22-rdf-syntax-ns#type",
        "object": "http://xmlns.com/foaf/0.1/Person"
      }
    },
    {
      "triple": {
        "subject": "/sample-data/data-2036.json",
        "predicate": "http://xmlns.com/foaf/0.1/knows",
        "object": "/sample-data/data-1914.json"
      }
    },
    {
      "triple": {
        "subject": "/sample-data/data-2036.json",
        "predicate": "http://xmlns.com/foaf/0.1/knows",
        "object": "/sample-data/data-317.json"
      }
    },
    {
      "triple": {
        "subject": "/sample-data/data-2036.json",
        "predicate": "http://xmlns.com/foaf/0.1/knows",
        "object": "/sample-data/data-1786.json"
      }
    }
  ]
}