{
  "_id": "55ee5e985ce4086c04c930ea",
  "index": 2276,
  "guid": "c151da41-1276-42f0-8b29-9ba5a81702ca",
  "isActive": true,
  "balance": "$46,496.61",
  "picture": "http://placehold.it/32x32",
  "age": 65,
  "eyeColor": "hazel",
  "name": "Giles Mccormick",
  "gender": "male",
  "company": "ADORNICA",
  "email": "gilesmccormick@adornica.com",
  "phone": "+1 (920) 557-3282",
  "address": "629 Preston Court, Hickory, Illinois, 5521",
  "about": "Amet proident cillum adipisicing in id est dolore adipisicing reprehenderit deserunt nostrud et esse. Pariatur qui qui sit ex est et. Labore dolore ullamco ullamco dolor. Velit ullamco incididunt ut laboris dolore excepteur commodo veniam do veniam exercitation quis eiusmod deserunt. Et nulla reprehenderit officia enim ad mollit.\r\n",
  "registered": "2014-05-03T06:17:55-07:00",
  "tags": [
    "anim",
    "excepteur",
    "ullamco",
    "nisi",
    "do",
    "occaecat",
    "ut"
  ],
  "friends": [
    {
      "id": 0,
      "name": "Bonita Branch"
    },
    {
      "id": 1,
      "name": "Tammy Trujillo"
    },
    {
      "id": 2,
      "name": "Macias Meyer"
    }
  ],
  "greeting": "Hello, Giles Mccormick! You have 3 unread messages.",
  "favoriteFruit": "banana",
  "location": {
    "latitude": 25.614066,
    "longitude": 3.975104
  },
  "docFormat": "json",
  "triples": [
    {
      "triple": {
        "subject": "/sample-data/data-2276.json",
        "predicate": "http://www.w3.org/2000/01/rdf-schema#label",
        "object": "Giles Mccormick"
      }
    },
    {
      "triple": {
        "subject": "/sample-data/data-2276.json",
        "predicate": "http://www.w3.org/1999/02/22-rdf-syntax-ns#type",
        "object": "http://xmlns.com/foaf/0.1/Person"
      }
    },
    {
      "triple": {
        "subject": "/sample-data/data-2276.json",
        "predicate": "http://xmlns.com/foaf/0.1/knows",
        "object": "/sample-data/data-118.json"
      }
    },
    {
      "triple": {
        "subject": "/sample-data/data-2276.json",
        "predicate": "http://xmlns.com/foaf/0.1/knows",
        "object": "/sample-data/data-2205.json"
      }
    },
    {
      "triple": {
        "subject": "/sample-data/data-2276.json",
        "predicate": "http://xmlns.com/foaf/0.1/knows",
        "object": "/sample-data/data-687.json"
      }
    }
  ]
}