{
  "_id": "55ee5e9832ba6eac451e96cf",
  "index": 2493,
  "guid": "6c862700-f2f4-45dc-b4f4-8f73e94a40a2",
  "isActive": true,
  "balance": "$36,748.07",
  "picture": "http://placehold.it/32x32",
  "age": 45,
  "eyeColor": "blue",
  "name": "Cantu Wilkins",
  "gender": "male",
  "company": "XANIDE",
  "email": "cantuwilkins@xanide.com",
  "phone": "+1 (955) 439-3485",
  "address": "368 Ditmas Avenue, Bluffview, Massachusetts, 4733",
  "about": "Eiusmod culpa minim esse aute magna laboris dolor pariatur et mollit culpa. Qui sint proident laborum dolore labore est nisi enim. Magna laborum consequat tempor velit laboris nulla quis consectetur sit dolor. Voluptate irure laborum dolore non non enim laborum ex aliquip tempor elit sunt est.\r\n",
  "registered": "2014-06-16T12:19:22-07:00",
  "tags": [
    "excepteur",
    "reprehenderit",
    "irure",
    "veniam",
    "ea",
    "enim",
    "in"
  ],
  "friends": [
    {
      "id": 0,
      "name": "Althea Cervantes"
    },
    {
      "id": 1,
      "name": "Marion Blevins"
    },
    {
      "id": 2,
      "name": "Contreras Sloan"
    }
  ],
  "greeting": "Hello, Cantu Wilkins! You have 4 unread messages.",
  "favoriteFruit": "strawberry",
  "location": {
    "latitude": -30.636605,
    "longitude": -123.985326
  },
  "docFormat": "json",
  "triples": [
    {
      "triple": {
        "subject": "/sample-data/data-2493.json",
        "predicate": "http://www.w3.org/2000/01/rdf-schema#label",
        "object": "Cantu Wilkins"
      }
    },
    {
      "triple": {
        "subject": "/sample-data/data-2493.json",
        "predicate": "http://www.w3.org/1999/02/22-rdf-syntax-ns#type",
        "object": "http://xmlns.com/foaf/0.1/Person"
      }
    },
    {
      "triple": {
        "subject": "/sample-data/data-2493.json",
        "predicate": "http://xmlns.com/foaf/0.1/knows",
        "object": "/sample-data/data-784.json"
      }
    },
    {
      "triple": {
        "subject": "/sample-data/data-2493.json",
        "predicate": "http://xmlns.com/foaf/0.1/knows",
        "object": "/sample-data/data-611.json"
      }
    },
    {
      "triple": {
        "subject": "/sample-data/data-2493.json",
        "predicate": "http://xmlns.com/foaf/0.1/knows",
        "object": "/sample-data/data-2557.json"
      }
    }
  ]
}