{
  "_id": "55ee5e98eb11c5527f7d9c21",
  "index": 2850,
  "guid": "97ca0e2c-1958-43d0-851c-86a38e525b8a",
  "isActive": true,
  "balance": "$36,542.40",
  "picture": "http://placehold.it/32x32",
  "age": 24,
  "eyeColor": "brown",
  "name": "Clay West",
  "gender": "male",
  "company": "CORIANDER",
  "email": "claywest@coriander.com",
  "phone": "+1 (956) 544-3129",
  "address": "224 Newkirk Avenue, Cotopaxi, Montana, 7870",
  "about": "Mollit incididunt officia aliqua tempor velit duis veniam ut in. Anim deserunt amet mollit nulla incididunt laboris aliquip id nostrud sit do. Duis tempor magna cillum tempor incididunt nostrud. Non culpa non sunt laborum cillum. Amet sunt aliqua id reprehenderit. Enim consectetur qui nostrud id tempor.\r\n",
  "registered": "2015-05-31T04:35:55-07:00",
  "tags": [
    "eiusmod",
    "ea",
    "labore",
    "quis",
    "ullamco",
    "amet",
    "aute"
  ],
  "friends": [
    {
      "id": 0,
      "name": "Lee Coffey"
    },
    {
      "id": 1,
      "name": "Terry Watkins"
    },
    {
      "id": 2,
      "name": "Riley Barr"
    }
  ],
  "greeting": "Hello, Clay West! You have 9 unread messages.",
  "favoriteFruit": "apple",
  "location": {
    "latitude": 11.564084,
    "longitude": -11.337489
  },
  "docFormat": "json",
  "triples": [
    {
      "triple": {
        "subject": "/sample-data/data-2850.json",
        "predicate": "http://www.w3.org/2000/01/rdf-schema#label",
        "object": "Clay West"
      }
    },
    {
      "triple": {
        "subject": "/sample-data/data-2850.json",
        "predicate": "http://www.w3.org/1999/02/22-rdf-syntax-ns#type",
        "object": "http://xmlns.com/foaf/0.1/Person"
      }
    },
    {
      "triple": {
        "subject": "/sample-data/data-2850.json",
        "predicate": "http://xmlns.com/foaf/0.1/knows",
        "object": "/sample-data/data-2085.json"
      }
    },
    {
      "triple": {
        "subject": "/sample-data/data-2850.json",
        "predicate": "http://xmlns.com/foaf/0.1/knows",
        "object": "/sample-data/data-2444.json"
      }
    },
    {
      "triple": {
        "subject": "/sample-data/data-2850.json",
        "predicate": "http://xmlns.com/foaf/0.1/knows",
        "object": "/sample-data/data-2048.json"
      }
    }
  ]
}