{
  "_id": "55ee5e4486f88ff692c73ccc",
  "index": 412,
  "guid": "6912f1e9-39cf-4de7-abdf-bb1e21edbb27",
  "isActive": false,
  "balance": "$40,802.96",
  "picture": "http://placehold.it/32x32",
  "age": 62,
  "eyeColor": "brown",
  "name": "Hubbard Hamilton",
  "gender": "male",
  "company": "ORBAXTER",
  "email": "hubbardhamilton@orbaxter.com",
  "phone": "+1 (957) 413-3990",
  "address": "464 Ross Street, Gorham, Alabama, 9310",
  "about": "Consectetur ad adipisicing non esse consequat reprehenderit. Est ad reprehenderit eiusmod nisi aliquip esse qui. Voluptate exercitation cillum velit ullamco quis commodo fugiat esse non velit ipsum ex tempor. Minim irure anim et sunt velit mollit magna sit commodo exercitation deserunt sunt.\r\n",
  "registered": "2014-02-06T12:48:01-07:00",
  "tags": [
    "magna",
    "incididunt",
    "esse",
    "consequat",
    "nulla",
    "nulla",
    "ipsum"
  ],
  "friends": [
    {
      "id": 0,
      "name": "Weeks Howard"
    },
    {
      "id": 1,
      "name": "Noble Hester"
    },
    {
      "id": 2,
      "name": "Darla Swanson"
    }
  ],
  "greeting": "Hello, Hubbard Hamilton! You have 8 unread messages.",
  "favoriteFruit": "orange",
  "location": {
    "latitude": -9.165499,
    "longitude": 64.52592
  },
  "docFormat": "json",
  "triples": [
    {
      "triple": {
        "subject": "/sample-data/data-412.json",
        "predicate": "http://www.w3.org/2000/01/rdf-schema#label",
        "object": "Hubbard Hamilton"
      }
    },
    {
      "triple": {
        "subject": "/sample-data/data-412.json",
        "predicate": "http://www.w3.org/1999/02/22-rdf-syntax-ns#type",
        "object": "http://xmlns.com/foaf/0.1/Person"
      }
    },
    {
      "triple": {
        "subject": "/sample-data/data-412.json",
        "predicate": "http://xmlns.com/foaf/0.1/knows",
        "object": "/sample-data/data-492.json"
      }
    },
    {
      "triple": {
        "subject": "/sample-data/data-412.json",
        "predicate": "http://xmlns.com/foaf/0.1/knows",
        "object": "/sample-data/data-374.json"
      }
    },
    {
      "triple": {
        "subject": "/sample-data/data-412.json",
        "predicate": "http://xmlns.com/foaf/0.1/knows",
        "object": "/sample-data/data-2183.json"
      }
    }
  ]
}