{
  "_id": "55ee5e985662f3c5628d20c0",
  "index": 2260,
  "guid": "f1562a83-2625-44f8-9e9b-39f30a140b05",
  "isActive": false,
  "balance": "$72,035.84",
  "picture": "http://placehold.it/32x32",
  "age": 25,
  "eyeColor": "honey",
  "name": "Mercado Gutierrez",
  "gender": "male",
  "company": "SENMAO",
  "email": "mercadogutierrez@senmao.com",
  "phone": "+1 (967) 498-2504",
  "address": "978 Navy Street, Navarre, Oklahoma, 8162",
  "about": "Enim mollit sit do magna culpa ut proident nisi incididunt excepteur. Reprehenderit occaecat dolor est officia quis adipisicing ea labore esse non. Magna in aliquip veniam eiusmod aliqua dolore ea voluptate et cillum voluptate fugiat laborum tempor. Exercitation et officia anim incididunt sint nulla labore laboris veniam non id. Irure in nostrud nisi cillum est irure pariatur esse Lorem.\r\n",
  "registered": "2014-10-17T02:03:51-07:00",
  "tags": [
    "irure",
    "labore",
    "sint",
    "pariatur",
    "cupidatat",
    "ipsum",
    "fugiat"
  ],
  "friends": [
    {
      "id": 0,
      "name": "Harrington Bean"
    },
    {
      "id": 1,
      "name": "Harmon Lindsay"
    },
    {
      "id": 2,
      "name": "Rocha Hooper"
    }
  ],
  "greeting": "Hello, Mercado Gutierrez! You have 7 unread messages.",
  "favoriteFruit": "orange",
  "location": {
    "latitude": -22.932521,
    "longitude": 148.003777
  },
  "docFormat": "json",
  "triples": [
    {
      "triple": {
        "subject": "/sample-data/data-2260.json",
        "predicate": "http://www.w3.org/2000/01/rdf-schema#label",
        "object": "Mercado Gutierrez"
      }
    },
    {
      "triple": {
        "subject": "/sample-data/data-2260.json",
        "predicate": "http://www.w3.org/1999/02/22-rdf-syntax-ns#type",
        "object": "http://xmlns.com/foaf/0.1/Person"
      }
    },
    {
      "triple": {
        "subject": "/sample-data/data-2260.json",
        "predicate": "http://xmlns.com/foaf/0.1/knows",
        "object": "/sample-data/data-1252.json"
      }
    },
    {
      "triple": {
        "subject": "/sample-data/data-2260.json",
        "predicate": "http://xmlns.com/foaf/0.1/knows",
        "object": "/sample-data/data-1051.json"
      }
    },
    {
      "triple": {
        "subject": "/sample-data/data-2260.json",
        "predicate": "http://xmlns.com/foaf/0.1/knows",
        "object": "/sample-data/data-2647.json"
      }
    }
  ]
}