{
  "_id": "55ee5e98022dd023e68013c0",
  "index": 2164,
  "guid": "f19444fb-8ee1-4608-93b3-8bc3a0923975",
  "isActive": false,
  "balance": "$14,138.92",
  "picture": "http://placehold.it/32x32",
  "age": 58,
  "eyeColor": "hazel",
  "name": "Marcia Hickman",
  "gender": "female",
  "company": "ENOMEN",
  "email": "marciahickman@enomen.com",
  "phone": "+1 (859) 476-2163",
  "address": "235 Jaffray Street, Cuylerville, Virgin Islands, 2454",
  "about": "Labore cillum ipsum esse occaecat dolor magna cillum reprehenderit mollit. Ad id labore sunt quis proident enim excepteur qui reprehenderit nostrud excepteur reprehenderit fugiat sint. Ad adipisicing consequat incididunt id non voluptate nostrud ad ea. Minim cupidatat in consequat qui culpa sit minim dolor cupidatat ea culpa. Lorem dolor eiusmod aute qui. Duis irure consequat fugiat qui amet proident duis non enim elit occaecat fugiat mollit minim.\r\n",
  "registered": "2014-02-19T11:30:57-07:00",
  "tags": [
    "exercitation",
    "do",
    "id",
    "sunt",
    "mollit",
    "ullamco",
    "eiusmod"
  ],
  "friends": [
    {
      "id": 0,
      "name": "Lucinda Alford"
    },
    {
      "id": 1,
      "name": "Ofelia Mcdowell"
    },
    {
      "id": 2,
      "name": "Duncan Silva"
    }
  ],
  "greeting": "Hello, Marcia Hickman! You have 1 unread messages.",
  "favoriteFruit": "banana",
  "location": {
    "latitude": -77.021265,
    "longitude": 160.303227
  },
  "docFormat": "json",
  "triples": [
    {
      "triple": {
        "subject": "/sample-data/data-2164.json",
        "predicate": "http://www.w3.org/2000/01/rdf-schema#label",
        "object": "Marcia Hickman"
      }
    },
    {
      "triple": {
        "subject": "/sample-data/data-2164.json",
        "predicate": "http://www.w3.org/1999/02/22-rdf-syntax-ns#type",
        "object": "http://xmlns.com/foaf/0.1/Person"
      }
    },
    {
      "triple": {
        "subject": "/sample-data/data-2164.json",
        "predicate": "http://xmlns.com/foaf/0.1/knows",
        "object": "/sample-data/data-2210.json"
      }
    },
    {
      "triple": {
        "subject": "/sample-data/data-2164.json",
        "predicate": "http://xmlns.com/foaf/0.1/knows",
        "object": "/sample-data/data-1234.json"
      }
    },
    {
      "triple": {
        "subject": "/sample-data/data-2164.json",
        "predicate": "http://xmlns.com/foaf/0.1/knows",
        "object": "/sample-data/data-108.json"
      }
    }
  ]
}