{
  "_id": "55ee5e44eb6e18cd81b378aa",
  "index": 1066,
  "guid": "af340f18-4320-4a4c-b5e9-05dd9c95497e",
  "isActive": false,
  "balance": "$57,791.70",
  "picture": "http://placehold.it/32x32",
  "age": 60,
  "eyeColor": "brown",
  "name": "Judith Head",
  "gender": "female",
  "company": "ACIUM",
  "email": "judithhead@acium.com",
  "phone": "+1 (961) 499-2145",
  "address": "586 Ford Street, Catharine, Federated States Of Micronesia, 3329",
  "about": "Ex aliqua aute commodo magna. Esse mollit cillum consectetur veniam velit ut consequat. Culpa fugiat proident voluptate duis velit eiusmod cupidatat adipisicing nisi cillum velit enim ipsum reprehenderit. Aliquip laborum aliqua elit nisi sit.\r\n",
  "registered": "2014-05-06T10:55:10-07:00",
  "tags": [
    "mollit",
    "ex",
    "quis",
    "commodo",
    "culpa",
    "tempor",
    "amet"
  ],
  "friends": [
    {
      "id": 0,
      "name": "Mcmillan Bennett"
    },
    {
      "id": 1,
      "name": "Tamera Benson"
    },
    {
      "id": 2,
      "name": "Watkins Davenport"
    }
  ],
  "greeting": "Hello, Judith Head! You have 4 unread messages.",
  "favoriteFruit": "banana",
  "location": {
    "latitude": -72.606267,
    "longitude": -147.376833
  },
  "docFormat": "json",
  "triples": [
    {
      "triple": {
        "subject": "/sample-data/data-1066.json",
        "predicate": "http://www.w3.org/2000/01/rdf-schema#label",
        "object": "Judith Head"
      }
    },
    {
      "triple": {
        "subject": "/sample-data/data-1066.json",
        "predicate": "http://www.w3.org/1999/02/22-rdf-syntax-ns#type",
        "object": "http://xmlns.com/foaf/0.1/Person"
      }
    },
    {
      "triple": {
        "subject": "/sample-data/data-1066.json",
        "predicate": "http://xmlns.com/foaf/0.1/knows",
        "object": "/sample-data/data-257.json"
      }
    },
    {
      "triple": {
        "subject": "/sample-data/data-1066.json",
        "predicate": "http://xmlns.com/foaf/0.1/knows",
        "object": "/sample-data/data-2066.json"
      }
    },
    {
      "triple": {
        "subject": "/sample-data/data-1066.json",
        "predicate": "http://xmlns.com/foaf/0.1/knows",
        "object": "/sample-data/data-2235.json"
      }
    }
  ]
}