{
  "_id": "55ee5e985abb6f9fc0696b6f",
  "index": 2098,
  "guid": "a176c309-7006-4e3d-9ae0-1bb66ce00369",
  "isActive": true,
  "balance": "$53,857.00",
  "picture": "http://placehold.it/32x32",
  "age": 45,
  "eyeColor": "green",
  "name": "Norma Vang",
  "gender": "female",
  "company": "RUBADUB",
  "email": "normavang@rubadub.com",
  "phone": "+1 (979) 415-2796",
  "address": "188 Boulevard Court, Teasdale, Florida, 1616",
  "about": "Enim qui consectetur quis occaecat Lorem voluptate nostrud ullamco mollit ut culpa elit. Consectetur non aliquip dolore sint irure. Ea aute proident Lorem voluptate. Dolor ut laborum duis incididunt magna laborum magna sint elit deserunt.\r\n",
  "registered": "2014-02-21T05:58:27-07:00",
  "tags": [
    "minim",
    "Lorem",
    "ullamco",
    "pariatur",
    "id",
    "aute",
    "elit"
  ],
  "friends": [
    {
      "id": 0,
      "name": "Woods Terrell"
    },
    {
      "id": 1,
      "name": "Avery Middleton"
    },
    {
      "id": 2,
      "name": "Robyn Carney"
    }
  ],
  "greeting": "Hello, Norma Vang! You have 9 unread messages.",
  "favoriteFruit": "banana",
  "location": {
    "latitude": -24.037082,
    "longitude": -105.131385
  },
  "docFormat": "json",
  "triples": [
    {
      "triple": {
        "subject": "/sample-data/data-2098.json",
        "predicate": "http://www.w3.org/2000/01/rdf-schema#label",
        "object": "Norma Vang"
      }
    },
    {
      "triple": {
        "subject": "/sample-data/data-2098.json",
        "predicate": "http://www.w3.org/1999/02/22-rdf-syntax-ns#type",
        "object": "http://xmlns.com/foaf/0.1/Person"
      }
    },
    {
      "triple": {
        "subject": "/sample-data/data-2098.json",
        "predicate": "http://xmlns.com/foaf/0.1/knows",
        "object": "/sample-data/data-2378.json"
      }
    },
    {
      "triple": {
        "subject": "/sample-data/data-2098.json",
        "predicate": "http://xmlns.com/foaf/0.1/knows",
        "object": "/sample-data/data-1546.json"
      }
    },
    {
      "triple": {
        "subject": "/sample-data/data-2098.json",
        "predicate": "http://xmlns.com/foaf/0.1/knows",
        "object": "/sample-data/data-1439.json"
      }
    }
  ]
}