{
  "_id": "55ee5e4491ae08ba51e32f61",
  "index": 720,
  "guid": "4bf57eb1-91e9-479a-9ea8-e22920394330",
  "isActive": true,
  "balance": "$31,203.77",
  "picture": "http://placehold.it/32x32",
  "age": 63,
  "eyeColor": "blue",
  "name": "Joyce Winters",
  "gender": "male",
  "company": "ANARCO",
  "email": "joycewinters@anarco.com",
  "phone": "+1 (974) 451-3205",
  "address": "278 Wyckoff Street, Loyalhanna, Virginia, 2833",
  "about": "Voluptate est commodo non qui consectetur nostrud dolore dolore adipisicing qui cupidatat. Incididunt ullamco deserunt aute voluptate consectetur elit ut aute consequat. Labore nostrud ex esse nisi dolor eu ex laborum.\r\n",
  "registered": "2015-07-26T08:07:05-07:00",
  "tags": [
    "pariatur",
    "exercitation",
    "fugiat",
    "eu",
    "anim",
    "ex",
    "occaecat"
  ],
  "friends": [
    {
      "id": 0,
      "name": "Merrill Cannon"
    },
    {
      "id": 1,
      "name": "Terrie Carson"
    },
    {
      "id": 2,
      "name": "Roth Pollard"
    }
  ],
  "greeting": "Hello, Joyce Winters! You have 9 unread messages.",
  "favoriteFruit": "banana",
  "location": {
    "latitude": -18.539429,
    "longitude": -99.859473
  },
  "docFormat": "json",
  "triples": [
    {
      "triple": {
        "subject": "/sample-data/data-720.json",
        "predicate": "http://www.w3.org/2000/01/rdf-schema#label",
        "object": "Joyce Winters"
      }
    },
    {
      "triple": {
        "subject": "/sample-data/data-720.json",
        "predicate": "http://www.w3.org/1999/02/22-rdf-syntax-ns#type",
        "object": "http://xmlns.com/foaf/0.1/Person"
      }
    },
    {
      "triple": {
        "subject": "/sample-data/data-720.json",
        "predicate": "http://xmlns.com/foaf/0.1/knows",
        "object": "/sample-data/data-1924.json"
      }
    },
    {
      "triple": {
        "subject": "/sample-data/data-720.json",
        "predicate": "http://xmlns.com/foaf/0.1/knows",
        "object": "/sample-data/data-2215.json"
      }
    },
    {
      "triple": {
        "subject": "/sample-data/data-720.json",
        "predicate": "http://xmlns.com/foaf/0.1/knows",
        "object": "/sample-data/data-418.json"
      }
    }
  ]
}