{
  "_id": "55ee5e455a0891231795c95d",
  "index": 1641,
  "guid": "2ec33239-75b1-4a14-a7e2-1f15ef083baf",
  "isActive": true,
  "balance": "$63,242.05",
  "picture": "http://placehold.it/32x32",
  "age": 44,
  "eyeColor": "green",
  "name": "Romero Watts",
  "gender": "male",
  "company": "DYMI",
  "email": "romerowatts@dymi.com",
  "phone": "+1 (972) 414-2537",
  "address": "425 Nassau Avenue, Chestnut, West Virginia, 3291",
  "about": "Id Lorem adipisicing elit veniam dolor in nostrud laborum ea do ea pariatur sit ipsum. Lorem dolor commodo eiusmod labore ullamco aute anim minim anim. Enim enim quis nisi elit aliquip et. Sint adipisicing id quis nostrud pariatur commodo fugiat veniam Lorem magna ullamco minim. Reprehenderit eiusmod exercitation elit Lorem esse enim ullamco irure nisi mollit. Non ad non dolor nulla qui ex labore veniam ea ut sit elit nulla. Ipsum sunt sunt sit magna aliqua est ea.\r\n",
  "registered": "2014-07-23T07:03:31-07:00",
  "tags": [
    "ad",
    "fugiat",
    "ut",
    "esse",
    "voluptate",
    "aliquip",
    "duis"
  ],
  "friends": [
    {
      "id": 0,
      "name": "Brandie Yang"
    },
    {
      "id": 1,
      "name": "Amparo Lott"
    },
    {
      "id": 2,
      "name": "Burton Kramer"
    }
  ],
  "greeting": "Hello, Romero Watts! You have 6 unread messages.",
  "favoriteFruit": "banana",
  "location": {
    "latitude": 3.35656,
    "longitude": -78.269315
  },
  "docFormat": "json",
  "triples": [
    {
      "triple": {
        "subject": "/sample-data/data-1641.json",
        "predicate": "http://www.w3.org/2000/01/rdf-schema#label",
        "object": "Romero Watts"
      }
    },
    {
      "triple": {
        "subject": "/sample-data/data-1641.json",
        "predicate": "http://www.w3.org/1999/02/22-rdf-syntax-ns#type",
        "object": "http://xmlns.com/foaf/0.1/Person"
      }
    },
    {
      "triple": {
        "subject": "/sample-data/data-1641.json",
        "predicate": "http://xmlns.com/foaf/0.1/knows",
        "object": "/sample-data/data-665.json"
      }
    },
    {
      "triple": {
        "subject": "/sample-data/data-1641.json",
        "predicate": "http://xmlns.com/foaf/0.1/knows",
        "object": "/sample-data/data-2171.json"
      }
    },
    {
      "triple": {
        "subject": "/sample-data/data-1641.json",
        "predicate": "http://xmlns.com/foaf/0.1/knows",
        "object": "/sample-data/data-1226.json"
      }
    }
  ]
}