{
  "_id": "55ee5e987570fa081230306b",
  "index": 2099,
  "guid": "c61669b4-e26e-4882-bf4f-e328fd564302",
  "isActive": false,
  "balance": "$29,563.71",
  "picture": "http://placehold.it/32x32",
  "age": 69,
  "eyeColor": "green",
  "name": "Booth Jefferson",
  "gender": "male",
  "company": "NEPTIDE",
  "email": "boothjefferson@neptide.com",
  "phone": "+1 (912) 583-3903",
  "address": "554 Boerum Place, Ogema, Puerto Rico, 8245",
  "about": "Eiusmod ullamco enim ipsum tempor tempor enim excepteur reprehenderit. Ea aute commodo proident pariatur esse ad consequat commodo eu. Amet deserunt proident veniam sit et nisi. Tempor esse proident officia eu. Cupidatat laboris non fugiat duis elit magna. Veniam eiusmod voluptate pariatur adipisicing officia. Qui aliquip anim veniam est eiusmod aliquip officia ipsum.\r\n",
  "registered": "2014-12-27T04:03:06-07:00",
  "tags": [
    "excepteur",
    "ut",
    "duis",
    "consectetur",
    "incididunt",
    "aliqua",
    "eu"
  ],
  "friends": [
    {
      "id": 0,
      "name": "Hale Cantrell"
    },
    {
      "id": 1,
      "name": "Kelsey Molina"
    },
    {
      "id": 2,
      "name": "Holcomb Livingston"
    }
  ],
  "greeting": "Hello, Booth Jefferson! You have 10 unread messages.",
  "favoriteFruit": "banana",
  "location": {
    "latitude": -67.923037,
    "longitude": -83.511538
  },
  "docFormat": "json",
  "triples": [
    {
      "triple": {
        "subject": "/sample-data/data-2099.json",
        "predicate": "http://www.w3.org/2000/01/rdf-schema#label",
        "object": "Booth Jefferson"
      }
    },
    {
      "triple": {
        "subject": "/sample-data/data-2099.json",
        "predicate": "http://www.w3.org/1999/02/22-rdf-syntax-ns#type",
        "object": "http://xmlns.com/foaf/0.1/Person"
      }
    },
    {
      "triple": {
        "subject": "/sample-data/data-2099.json",
        "predicate": "http://xmlns.com/foaf/0.1/knows",
        "object": "/sample-data/data-255.json"
      }
    },
    {
      "triple": {
        "subject": "/sample-data/data-2099.json",
        "predicate": "http://xmlns.com/foaf/0.1/knows",
        "object": "/sample-data/data-207.json"
      }
    },
    {
      "triple": {
        "subject": "/sample-data/data-2099.json",
        "predicate": "http://xmlns.com/foaf/0.1/knows",
        "object": "/sample-data/data-832.json"
      }
    }
  ]
}