{
  "_id": "55ee5e441b9f4b936183f2bf",
  "index": 976,
  "guid": "202798f5-c4b0-461f-a251-13ea40282eda",
  "isActive": false,
  "balance": "$30,969.67",
  "picture": "http://placehold.it/32x32",
  "age": 22,
  "eyeColor": "brown",
  "name": "Welch Mckay",
  "gender": "male",
  "company": "COMBOGEN",
  "email": "welchmckay@combogen.com",
  "phone": "+1 (860) 577-3924",
  "address": "260 Gallatin Place, Caroline, North Dakota, 4026",
  "about": "Est in velit in cillum excepteur in voluptate aute nisi. Sunt eu ipsum dolore fugiat do eiusmod ipsum nostrud sunt in ipsum. Excepteur qui qui exercitation quis ut excepteur. Lorem elit ullamco do et non id commodo officia proident ipsum anim occaecat reprehenderit. Quis consectetur dolor mollit labore dolor aute sit mollit cupidatat id nulla id sunt aute. Est sit enim laborum ipsum eiusmod dolor Lorem ut qui.\r\n",
  "registered": "2014-10-02T01:37:06-07:00",
  "tags": [
    "amet",
    "elit",
    "laboris",
    "laboris",
    "veniam",
    "sit",
    "occaecat"
  ],
  "friends": [
    {
      "id": 0,
      "name": "Cohen Sanchez"
    },
    {
      "id": 1,
      "name": "Lee Downs"
    },
    {
      "id": 2,
      "name": "Elise Horn"
    }
  ],
  "greeting": "Hello, Welch Mckay! You have 10 unread messages.",
  "favoriteFruit": "strawberry",
  "location": {
    "latitude": 78.303543,
    "longitude": -34.700828
  },
  "docFormat": "json",
  "triples": [
    {
      "triple": {
        "subject": "/sample-data/data-976.json",
        "predicate": "http://www.w3.org/2000/01/rdf-schema#label",
        "object": "Welch Mckay"
      }
    },
    {
      "triple": {
        "subject": "/sample-data/data-976.json",
        "predicate": "http://www.w3.org/1999/02/22-rdf-syntax-ns#type",
        "object": "http://xmlns.com/foaf/0.1/Person"
      }
    },
    {
      "triple": {
        "subject": "/sample-data/data-976.json",
        "predicate": "http://xmlns.com/foaf/0.1/knows",
        "object": "/sample-data/data-318.json"
      }
    },
    {
      "triple": {
        "subject": "/sample-data/data-976.json",
        "predicate": "http://xmlns.com/foaf/0.1/knows",
        "object": "/sample-data/data-2990.json"
      }
    },
    {
      "triple": {
        "subject": "/sample-data/data-976.json",
        "predicate": "http://xmlns.com/foaf/0.1/knows",
        "object": "/sample-data/data-2887.json"
      }
    }
  ]
}