{
  "_id": "55ee5e44da8097941583e5c5",
  "index": 853,
  "guid": "731789da-44d6-4df7-b006-d8d2d950bf0e",
  "isActive": false,
  "balance": "$46,129.66",
  "picture": "http://placehold.it/32x32",
  "age": 65,
  "eyeColor": "blue",
  "name": "Wendi Greer",
  "gender": "female",
  "company": "ANIXANG",
  "email": "wendigreer@anixang.com",
  "phone": "+1 (975) 453-2649",
  "address": "429 Hegeman Avenue, Logan, Minnesota, 4500",
  "about": "Consequat est nisi proident ea voluptate pariatur deserunt aliquip non sunt velit. Consequat fugiat proident quis voluptate duis eu ut nostrud cillum non est. Ullamco velit ipsum non consectetur amet ex. Sunt aute occaecat sint exercitation cillum qui. Sit in fugiat non quis. Proident excepteur id laboris ipsum. Irure consequat amet irure sunt ipsum deserunt.\r\n",
  "registered": "2014-05-03T10:23:12-07:00",
  "tags": [
    "id",
    "ea",
    "aliquip",
    "reprehenderit",
    "tempor",
    "nulla",
    "est"
  ],
  "friends": [
    {
      "id": 0,
      "name": "Sellers Merritt"
    },
    {
      "id": 1,
      "name": "Duffy Russo"
    },
    {
      "id": 2,
      "name": "Hurst Blankenship"
    }
  ],
  "greeting": "Hello, Wendi Greer! You have 7 unread messages.",
  "favoriteFruit": "strawberry",
  "location": {
    "latitude": -5.284435,
    "longitude": -15.661509
  },
  "docFormat": "json",
  "triples": [
    {
      "triple": {
        "subject": "/sample-data/data-853.json",
        "predicate": "http://www.w3.org/2000/01/rdf-schema#label",
        "object": "Wendi Greer"
      }
    },
    {
      "triple": {
        "subject": "/sample-data/data-853.json",
        "predicate": "http://www.w3.org/1999/02/22-rdf-syntax-ns#type",
        "object": "http://xmlns.com/foaf/0.1/Person"
      }
    },
    {
      "triple": {
        "subject": "/sample-data/data-853.json",
        "predicate": "http://xmlns.com/foaf/0.1/knows",
        "object": "/sample-data/data-630.json"
      }
    },
    {
      "triple": {
        "subject": "/sample-data/data-853.json",
        "predicate": "http://xmlns.com/foaf/0.1/knows",
        "object": "/sample-data/data-2868.json"
      }
    },
    {
      "triple": {
        "subject": "/sample-data/data-853.json",
        "predicate": "http://xmlns.com/foaf/0.1/knows",
        "object": "/sample-data/data-272.json"
      }
    }
  ]
}