{
  "_id": "55ee5e988e260c37fd0b7b9e",
  "index": 2830,
  "guid": "3588a466-5d54-4925-a5bc-351d85554316",
  "isActive": true,
  "balance": "$64,930.68",
  "picture": "http://placehold.it/32x32",
  "age": 24,
  "eyeColor": "honey",
  "name": "Brennan Nieves",
  "gender": "male",
  "company": "JIMBIES",
  "email": "brennannieves@jimbies.com",
  "phone": "+1 (962) 518-3504",
  "address": "956 Clymer Street, Abiquiu, Rhode Island, 5650",
  "about": "Amet nostrud officia incididunt proident eiusmod elit officia irure. Ea est do aliqua mollit consequat pariatur labore nostrud aute. Mollit sunt sunt in irure. Quis consectetur tempor consequat non labore commodo aliquip reprehenderit occaecat commodo deserunt incididunt enim esse.\r\n",
  "registered": "2014-01-18T04:32:58-07:00",
  "tags": [
    "commodo",
    "qui",
    "pariatur",
    "voluptate",
    "adipisicing",
    "nulla",
    "anim"
  ],
  "friends": [
    {
      "id": 0,
      "name": "Dixie Jacobson"
    },
    {
      "id": 1,
      "name": "Silva Waller"
    },
    {
      "id": 2,
      "name": "Guy Harvey"
    }
  ],
  "greeting": "Hello, Brennan Nieves! You have 2 unread messages.",
  "favoriteFruit": "banana",
  "location": {
    "latitude": -64.557133,
    "longitude": -33.438241
  },
  "docFormat": "json",
  "triples": [
    {
      "triple": {
        "subject": "/sample-data/data-2830.json",
        "predicate": "http://www.w3.org/2000/01/rdf-schema#label",
        "object": "Brennan Nieves"
      }
    },
    {
      "triple": {
        "subject": "/sample-data/data-2830.json",
        "predicate": "http://www.w3.org/1999/02/22-rdf-syntax-ns#type",
        "object": "http://xmlns.com/foaf/0.1/Person"
      }
    },
    {
      "triple": {
        "subject": "/sample-data/data-2830.json",
        "predicate": "http://xmlns.com/foaf/0.1/knows",
        "object": "/sample-data/data-2146.json"
      }
    },
    {
      "triple": {
        "subject": "/sample-data/data-2830.json",
        "predicate": "http://xmlns.com/foaf/0.1/knows",
        "object": "/sample-data/data-2751.json"
      }
    },
    {
      "triple": {
        "subject": "/sample-data/data-2830.json",
        "predicate": "http://xmlns.com/foaf/0.1/knows",
        "object": "/sample-data/data-404.json"
      }
    }
  ]
}