{
  "_id": "55ee5e988f57240f3ccdc8c0",
  "index": 2108,
  "guid": "38bf8ec0-9396-4447-a240-600f4d1881e1",
  "isActive": true,
  "balance": "$24,753.22",
  "picture": "http://placehold.it/32x32",
  "age": 29,
  "eyeColor": "honey",
  "name": "Deborah Pennington",
  "gender": "female",
  "company": "ELITA",
  "email": "deborahpennington@elita.com",
  "phone": "+1 (853) 404-3994",
  "address": "599 Humboldt Street, Cedarville, South Dakota, 4224",
  "about": "Ex ad commodo nisi veniam amet nostrud voluptate ut est exercitation sint. Officia cillum amet amet dolore est dolor esse fugiat quis ad. Exercitation qui nostrud enim quis irure pariatur. Ullamco nostrud culpa officia incididunt aliqua in non do aliqua velit sit proident. Duis sit ut eiusmod aute aliqua aliqua occaecat duis ipsum Lorem. Laboris officia est sunt voluptate occaecat aliquip nisi amet elit laborum nisi duis ipsum dolor. Elit cupidatat pariatur nisi anim enim.\r\n",
  "registered": "2014-05-01T03:30:01-07:00",
  "tags": [
    "sunt",
    "irure",
    "nisi",
    "adipisicing",
    "cupidatat",
    "quis",
    "velit"
  ],
  "friends": [
    {
      "id": 0,
      "name": "Sharron Hubbard"
    },
    {
      "id": 1,
      "name": "Amber Schmidt"
    },
    {
      "id": 2,
      "name": "Daisy Long"
    }
  ],
  "greeting": "Hello, Deborah Pennington! You have 7 unread messages.",
  "favoriteFruit": "banana",
  "location": {
    "latitude": 28.108828,
    "longitude": 32.582138
  },
  "docFormat": "json",
  "triples": [
    {
      "triple": {
        "subject": "/sample-data/data-2108.json",
        "predicate": "http://www.w3.org/2000/01/rdf-schema#label",
        "object": "Deborah Pennington"
      }
    },
    {
      "triple": {
        "subject": "/sample-data/data-2108.json",
        "predicate": "http://www.w3.org/1999/02/22-rdf-syntax-ns#type",
        "object": "http://xmlns.com/foaf/0.1/Person"
      }
    },
    {
      "triple": {
        "subject": "/sample-data/data-2108.json",
        "predicate": "http://xmlns.com/foaf/0.1/knows",
        "object": "/sample-data/data-893.json"
      }
    },
    {
      "triple": {
        "subject": "/sample-data/data-2108.json",
        "predicate": "http://xmlns.com/foaf/0.1/knows",
        "object": "/sample-data/data-1444.json"
      }
    },
    {
      "triple": {
        "subject": "/sample-data/data-2108.json",
        "predicate": "http://xmlns.com/foaf/0.1/knows",
        "object": "/sample-data/data-2762.json"
      }
    }
  ]
}