{
  "_id": "55ee5e440ace1e22aec02f3f",
  "index": 218,
  "guid": "b3c0bc68-17c6-44ec-93a0-d48fdf95578b",
  "isActive": true,
  "balance": "$67,079.41",
  "picture": "http://placehold.it/32x32",
  "age": 49,
  "eyeColor": "green",
  "name": "Staci Rose",
  "gender": "female",
  "company": "TRASOLA",
  "email": "stacirose@trasola.com",
  "phone": "+1 (857) 497-2849",
  "address": "334 Vermont Court, Belvoir, Mississippi, 8763",
  "about": "Quis labore do eu deserunt enim tempor id ut anim enim ipsum commodo aliqua. Excepteur deserunt consequat excepteur eu voluptate ad. Commodo adipisicing ut enim excepteur labore irure in aliquip est id sit qui. Quis occaecat est cupidatat occaecat adipisicing aliquip enim exercitation cupidatat.\r\n",
  "registered": "2014-03-11T02:01:26-07:00",
  "tags": [
    "veniam",
    "magna",
    "laboris",
    "dolore",
    "pariatur",
    "dolore",
    "eiusmod"
  ],
  "friends": [
    {
      "id": 0,
      "name": "Roth Hyde"
    },
    {
      "id": 1,
      "name": "Tameka Bonner"
    },
    {
      "id": 2,
      "name": "Willie Glover"
    }
  ],
  "greeting": "Hello, Staci Rose! You have 10 unread messages.",
  "favoriteFruit": "orange",
  "location": {
    "latitude": 55.379604,
    "longitude": -110.116919
  },
  "docFormat": "json",
  "triples": [
    {
      "triple": {
        "subject": "/sample-data/data-218.json",
        "predicate": "http://www.w3.org/2000/01/rdf-schema#label",
        "object": "Staci Rose"
      }
    },
    {
      "triple": {
        "subject": "/sample-data/data-218.json",
        "predicate": "http://www.w3.org/1999/02/22-rdf-syntax-ns#type",
        "object": "http://xmlns.com/foaf/0.1/Person"
      }
    },
    {
      "triple": {
        "subject": "/sample-data/data-218.json",
        "predicate": "http://xmlns.com/foaf/0.1/knows",
        "object": "/sample-data/data-2684.json"
      }
    },
    {
      "triple": {
        "subject": "/sample-data/data-218.json",
        "predicate": "http://xmlns.com/foaf/0.1/knows",
        "object": "/sample-data/data-1458.json"
      }
    },
    {
      "triple": {
        "subject": "/sample-data/data-218.json",
        "predicate": "http://xmlns.com/foaf/0.1/knows",
        "object": "/sample-data/data-1536.json"
      }
    }
  ]
}