{
  "_id": "55ee5e984089a472f5b969b8",
  "index": 2488,
  "guid": "f281a195-d7bf-4c78-984f-23e088f3ac9e",
  "isActive": false,
  "balance": "$60,479.67",
  "picture": "http://placehold.it/32x32",
  "age": 41,
  "eyeColor": "blue",
  "name": "Rene Roth",
  "gender": "female",
  "company": "TRIPSCH",
  "email": "reneroth@tripsch.com",
  "phone": "+1 (952) 444-3046",
  "address": "580 Bushwick Avenue, Nicholson, Louisiana, 3101",
  "about": "Ad magna aute velit consectetur. Et adipisicing est laborum consequat aliqua aliqua. Velit voluptate dolore sit ea ad eiusmod. Cillum eiusmod cillum eiusmod anim qui consectetur proident officia occaecat.\r\n",
  "registered": "2014-03-07T12:46:41-07:00",
  "tags": [
    "exercitation",
    "proident",
    "tempor",
    "fugiat",
    "mollit",
    "consectetur",
    "et"
  ],
  "friends": [
    {
      "id": 0,
      "name": "Rice Soto"
    },
    {
      "id": 1,
      "name": "Rosa Phillips"
    },
    {
      "id": 2,
      "name": "Antonia Osborne"
    }
  ],
  "greeting": "Hello, Rene Roth! You have 3 unread messages.",
  "favoriteFruit": "banana",
  "location": {
    "latitude": 83.783423,
    "longitude": -119.975253
  },
  "docFormat": "json",
  "triples": [
    {
      "triple": {
        "subject": "/sample-data/data-2488.json",
        "predicate": "http://www.w3.org/2000/01/rdf-schema#label",
        "object": "Rene Roth"
      }
    },
    {
      "triple": {
        "subject": "/sample-data/data-2488.json",
        "predicate": "http://www.w3.org/1999/02/22-rdf-syntax-ns#type",
        "object": "http://xmlns.com/foaf/0.1/Person"
      }
    },
    {
      "triple": {
        "subject": "/sample-data/data-2488.json",
        "predicate": "http://xmlns.com/foaf/0.1/knows",
        "object": "/sample-data/data-1642.json"
      }
    },
    {
      "triple": {
        "subject": "/sample-data/data-2488.json",
        "predicate": "http://xmlns.com/foaf/0.1/knows",
        "object": "/sample-data/data-733.json"
      }
    },
    {
      "triple": {
        "subject": "/sample-data/data-2488.json",
        "predicate": "http://xmlns.com/foaf/0.1/knows",
        "object": "/sample-data/data-854.json"
      }
    }
  ]
}