{
  "_id": "55ee5e44ccab4ff169d6f336",
  "index": 982,
  "guid": "2945be97-66d6-4596-8663-261648e7f84b",
  "isActive": true,
  "balance": "$53,459.57",
  "picture": "http://placehold.it/32x32",
  "age": 26,
  "eyeColor": "blue",
  "name": "Conrad Ellison",
  "gender": "male",
  "company": "PRIMORDIA",
  "email": "conradellison@primordia.com",
  "phone": "+1 (843) 507-3469",
  "address": "530 Leonora Court, Cornucopia, Maryland, 3171",
  "about": "Do consectetur dolor aliqua sint et pariatur exercitation Lorem. Quis proident incididunt aliqua do aliquip adipisicing sunt et consectetur ullamco commodo. Tempor qui eu ullamco non id qui quis. Amet enim proident mollit labore sit ullamco id commodo officia ipsum duis aliquip ipsum. Incididunt do id Lorem Lorem elit velit nisi id in cupidatat proident ex do.\r\n",
  "registered": "2015-01-15T12:57:52-07:00",
  "tags": [
    "laboris",
    "ut",
    "nulla",
    "dolore",
    "dolore",
    "enim",
    "consectetur"
  ],
  "friends": [
    {
      "id": 0,
      "name": "Gregory Cooley"
    },
    {
      "id": 1,
      "name": "Krystal Henry"
    },
    {
      "id": 2,
      "name": "Moon Kane"
    }
  ],
  "greeting": "Hello, Conrad Ellison! You have 5 unread messages.",
  "favoriteFruit": "pear",
  "location": {
    "latitude": 18.320444,
    "longitude": -110.465823
  },
  "docFormat": "json",
  "triples": [
    {
      "triple": {
        "subject": "/sample-data/data-982.json",
        "predicate": "http://www.w3.org/2000/01/rdf-schema#label",
        "object": "Conrad Ellison"
      }
    },
    {
      "triple": {
        "subject": "/sample-data/data-982.json",
        "predicate": "http://www.w3.org/1999/02/22-rdf-syntax-ns#type",
        "object": "http://xmlns.com/foaf/0.1/Person"
      }
    },
    {
      "triple": {
        "subject": "/sample-data/data-982.json",
        "predicate": "http://xmlns.com/foaf/0.1/knows",
        "object": "/sample-data/data-1004.json"
      }
    },
    {
      "triple": {
        "subject": "/sample-data/data-982.json",
        "predicate": "http://xmlns.com/foaf/0.1/knows",
        "object": "/sample-data/data-2781.json"
      }
    },
    {
      "triple": {
        "subject": "/sample-data/data-982.json",
        "predicate": "http://xmlns.com/foaf/0.1/knows",
        "object": "/sample-data/data-1089.json"
      }
    }
  ]
}