{
  "_id": "55ee5e45dcb77a924a89156e",
  "index": 1929,
  "guid": "2def8c9c-6c6e-4a32-b52f-baae6d1e6c59",
  "isActive": false,
  "balance": "$81,263.73",
  "picture": "http://placehold.it/32x32",
  "age": 49,
  "eyeColor": "green",
  "name": "Yang Hodges",
  "gender": "male",
  "company": "HIVEDOM",
  "email": "yanghodges@hivedom.com",
  "phone": "+1 (828) 536-3418",
  "address": "753 Buffalo Avenue, Vivian, South Dakota, 6139",
  "about": "Cillum duis consequat ullamco ea eu aliquip. Tempor laboris nostrud amet veniam velit nisi ea ut id quis. Ipsum ex do aliquip exercitation consectetur. Veniam deserunt in fugiat mollit eiusmod cillum id labore duis magna ex amet in cillum. Commodo proident nisi sunt esse mollit consequat consectetur consequat ex sint pariatur laboris sunt deserunt. Do proident nostrud ullamco non voluptate duis ea fugiat fugiat officia commodo deserunt cillum et. Voluptate consequat culpa anim minim commodo ea aliquip culpa.\r\n",
  "registered": "2015-06-22T12:01:50-07:00",
  "tags": [
    "magna",
    "ipsum",
    "commodo",
    "nisi",
    "ex",
    "et",
    "eiusmod"
  ],
  "friends": [
    {
      "id": 0,
      "name": "Newman Whitaker"
    },
    {
      "id": 1,
      "name": "Lea Santana"
    },
    {
      "id": 2,
      "name": "Foley Ashley"
    }
  ],
  "greeting": "Hello, Yang Hodges! You have 10 unread messages.",
  "favoriteFruit": "orange",
  "location": {
    "latitude": -82.966006,
    "longitude": 13.370528
  },
  "docFormat": "json",
  "triples": [
    {
      "triple": {
        "subject": "/sample-data/data-1929.json",
        "predicate": "http://www.w3.org/2000/01/rdf-schema#label",
        "object": "Yang Hodges"
      }
    },
    {
      "triple": {
        "subject": "/sample-data/data-1929.json",
        "predicate": "http://www.w3.org/1999/02/22-rdf-syntax-ns#type",
        "object": "http://xmlns.com/foaf/0.1/Person"
      }
    },
    {
      "triple": {
        "subject": "/sample-data/data-1929.json",
        "predicate": "http://xmlns.com/foaf/0.1/knows",
        "object": "/sample-data/data-1395.json"
      }
    },
    {
      "triple": {
        "subject": "/sample-data/data-1929.json",
        "predicate": "http://xmlns.com/foaf/0.1/knows",
        "object": "/sample-data/data-1264.json"
      }
    },
    {
      "triple": {
        "subject": "/sample-data/data-1929.json",
        "predicate": "http://xmlns.com/foaf/0.1/knows",
        "object": "/sample-data/data-979.json"
      }
    }
  ]
}