{
  "_id": "55ee5e4467779417ffd1b82e",
  "index": 798,
  "guid": "cf3f45da-3915-4505-bcab-7b5b12bc8c22",
  "isActive": true,
  "balance": "$81,821.40",
  "picture": "http://placehold.it/32x32",
  "age": 46,
  "eyeColor": "green",
  "name": "Mcintyre Page",
  "gender": "male",
  "company": "POSHOME",
  "email": "mcintyrepage@poshome.com",
  "phone": "+1 (816) 435-3049",
  "address": "872 Beadel Street, Umapine, Mississippi, 3712",
  "about": "Ea fugiat anim dolor aute. Labore id magna eiusmod velit cillum esse ad ipsum. Commodo consectetur eu cupidatat enim aute elit adipisicing velit exercitation minim enim culpa sint ea. Pariatur do consectetur reprehenderit sint minim ut consectetur nostrud irure magna magna laborum irure tempor. Exercitation nostrud mollit ad incididunt sint velit elit exercitation aliquip aute exercitation. Fugiat est adipisicing non adipisicing adipisicing ipsum ex labore ex amet. Ex nostrud Lorem amet voluptate minim elit minim tempor sunt.\r\n",
  "registered": "2015-08-02T11:35:05-07:00",
  "tags": [
    "ex",
    "officia",
    "irure",
    "nisi",
    "elit",
    "aliqua",
    "consequat"
  ],
  "friends": [
    {
      "id": 0,
      "name": "Wall Rivers"
    },
    {
      "id": 1,
      "name": "Joyner Wise"
    },
    {
      "id": 2,
      "name": "Janna Morales"
    }
  ],
  "greeting": "Hello, Mcintyre Page! You have 1 unread messages.",
  "favoriteFruit": "pear",
  "location": {
    "latitude": 61.043812,
    "longitude": 75.938586
  },
  "docFormat": "json",
  "triples": [
    {
      "triple": {
        "subject": "/sample-data/data-798.json",
        "predicate": "http://www.w3.org/2000/01/rdf-schema#label",
        "object": "Mcintyre Page"
      }
    },
    {
      "triple": {
        "subject": "/sample-data/data-798.json",
        "predicate": "http://www.w3.org/1999/02/22-rdf-syntax-ns#type",
        "object": "http://xmlns.com/foaf/0.1/Person"
      }
    },
    {
      "triple": {
        "subject": "/sample-data/data-798.json",
        "predicate": "http://xmlns.com/foaf/0.1/knows",
        "object": "/sample-data/data-1597.json"
      }
    },
    {
      "triple": {
        "subject": "/sample-data/data-798.json",
        "predicate": "http://xmlns.com/foaf/0.1/knows",
        "object": "/sample-data/data-890.json"
      }
    },
    {
      "triple": {
        "subject": "/sample-data/data-798.json",
        "predicate": "http://xmlns.com/foaf/0.1/knows",
        "object": "/sample-data/data-223.json"
      }
    }
  ]
}