{
  "_id": "55ee5e4527b63c72fe30e688",
  "index": 1769,
  "guid": "b5099de6-d1b7-453e-95fb-13c299436d42",
  "isActive": true,
  "balance": "$54,211.46",
  "picture": "http://placehold.it/32x32",
  "age": 64,
  "eyeColor": "blue",
  "name": "Jan Spencer",
  "gender": "female",
  "company": "PARCOE",
  "email": "janspencer@parcoe.com",
  "phone": "+1 (904) 575-2008",
  "address": "773 Grant Avenue, Ilchester, Montana, 3975",
  "about": "Dolore sint in Lorem pariatur irure qui. In cillum nisi dolore eiusmod mollit ut anim consequat. Nostrud ipsum aliqua dolor ad eu qui ad mollit consequat proident nisi. Sunt elit mollit voluptate aute commodo ullamco nostrud laborum.\r\n",
  "registered": "2014-08-27T03:46:01-07:00",
  "tags": [
    "consequat",
    "Lorem",
    "sit",
    "aute",
    "eiusmod",
    "fugiat",
    "est"
  ],
  "friends": [
    {
      "id": 0,
      "name": "Whitfield Acosta"
    },
    {
      "id": 1,
      "name": "Massey Burris"
    },
    {
      "id": 2,
      "name": "Adrian Griffin"
    }
  ],
  "greeting": "Hello, Jan Spencer! You have 10 unread messages.",
  "favoriteFruit": "orange",
  "location": {
    "latitude": 59.58305,
    "longitude": -109.03456
  },
  "docFormat": "json",
  "triples": [
    {
      "triple": {
        "subject": "/sample-data/data-1769.json",
        "predicate": "http://www.w3.org/2000/01/rdf-schema#label",
        "object": "Jan Spencer"
      }
    },
    {
      "triple": {
        "subject": "/sample-data/data-1769.json",
        "predicate": "http://www.w3.org/1999/02/22-rdf-syntax-ns#type",
        "object": "http://xmlns.com/foaf/0.1/Person"
      }
    },
    {
      "triple": {
        "subject": "/sample-data/data-1769.json",
        "predicate": "http://xmlns.com/foaf/0.1/knows",
        "object": "/sample-data/data-1057.json"
      }
    },
    {
      "triple": {
        "subject": "/sample-data/data-1769.json",
        "predicate": "http://xmlns.com/foaf/0.1/knows",
        "object": "/sample-data/data-1711.json"
      }
    },
    {
      "triple": {
        "subject": "/sample-data/data-1769.json",
        "predicate": "http://xmlns.com/foaf/0.1/knows",
        "object": "/sample-data/data-1854.json"
      }
    }
  ]
}