{
  "_id": "55ee5e449686adb4312d393a",
  "index": 824,
  "guid": "aac51953-bb25-4d11-89d8-1754d4e3586e",
  "isActive": false,
  "balance": "$85,720.91",
  "picture": "http://placehold.it/32x32",
  "age": 41,
  "eyeColor": "brown",
  "name": "Briggs Reeves",
  "gender": "male",
  "company": "BUZZOPIA",
  "email": "briggsreeves@buzzopia.com",
  "phone": "+1 (979) 524-2284",
  "address": "978 Sullivan Place, Fairforest, Oregon, 2368",
  "about": "Consectetur fugiat velit commodo nisi ad ullamco adipisicing duis voluptate excepteur ullamco. Id cillum quis minim do. Elit eu quis labore magna fugiat do labore irure ullamco. Anim duis dolore nisi enim sint. Nostrud proident non est culpa veniam est enim veniam mollit dolore est culpa nostrud. Anim do ut enim ea.\r\n",
  "registered": "2014-12-25T12:06:38-07:00",
  "tags": [
    "enim",
    "duis",
    "adipisicing",
    "voluptate",
    "ad",
    "exercitation",
    "ullamco"
  ],
  "friends": [
    {
      "id": 0,
      "name": "Vicki Leonard"
    },
    {
      "id": 1,
      "name": "Hayden Franks"
    },
    {
      "id": 2,
      "name": "Carroll Harding"
    }
  ],
  "greeting": "Hello, Briggs Reeves! You have 6 unread messages.",
  "favoriteFruit": "orange",
  "location": {
    "latitude": 49.972848,
    "longitude": 43.176012
  },
  "docFormat": "json",
  "triples": [
    {
      "triple": {
        "subject": "/sample-data/data-824.json",
        "predicate": "http://www.w3.org/2000/01/rdf-schema#label",
        "object": "Briggs Reeves"
      }
    },
    {
      "triple": {
        "subject": "/sample-data/data-824.json",
        "predicate": "http://www.w3.org/1999/02/22-rdf-syntax-ns#type",
        "object": "http://xmlns.com/foaf/0.1/Person"
      }
    },
    {
      "triple": {
        "subject": "/sample-data/data-824.json",
        "predicate": "http://xmlns.com/foaf/0.1/knows",
        "object": "/sample-data/data-2304.json"
      }
    },
    {
      "triple": {
        "subject": "/sample-data/data-824.json",
        "predicate": "http://xmlns.com/foaf/0.1/knows",
        "object": "/sample-data/data-633.json"
      }
    },
    {
      "triple": {
        "subject": "/sample-data/data-824.json",
        "predicate": "http://xmlns.com/foaf/0.1/knows",
        "object": "/sample-data/data-2095.json"
      }
    }
  ]
}