{
  "_id": "55ee5e44a6797b8fa69603c3",
  "index": 649,
  "guid": "74f46f25-d67d-41f7-ae20-990ced19650a",
  "isActive": false,
  "balance": "$61,174.76",
  "picture": "http://placehold.it/32x32",
  "age": 69,
  "eyeColor": "brown",
  "name": "Selma Haynes",
  "gender": "female",
  "company": "RETRACK",
  "email": "selmahaynes@retrack.com",
  "phone": "+1 (848) 504-3005",
  "address": "873 Livonia Avenue, Veguita, California, 3529",
  "about": "Ipsum sint enim id non fugiat deserunt dolor magna in. Cupidatat eiusmod minim officia magna et eu. Laborum ut occaecat sint culpa sit excepteur sit sit. Excepteur officia voluptate nostrud elit nisi ut ipsum ullamco Lorem. Commodo cupidatat laborum minim Lorem consequat cupidatat officia Lorem enim minim. Irure eu irure nulla aliqua eu nisi sunt.\r\n",
  "registered": "2015-08-20T09:00:39-07:00",
  "tags": [
    "dolore",
    "nulla",
    "culpa",
    "incididunt",
    "amet",
    "ut",
    "elit"
  ],
  "friends": [
    {
      "id": 0,
      "name": "Ruiz Chaney"
    },
    {
      "id": 1,
      "name": "Alexandra Gill"
    },
    {
      "id": 2,
      "name": "Rhoda Kinney"
    }
  ],
  "greeting": "Hello, Selma Haynes! You have 2 unread messages.",
  "favoriteFruit": "orange",
  "location": {
    "latitude": 3.173291,
    "longitude": -170.732194
  },
  "docFormat": "json",
  "triples": [
    {
      "triple": {
        "subject": "/sample-data/data-649.json",
        "predicate": "http://www.w3.org/2000/01/rdf-schema#label",
        "object": "Selma Haynes"
      }
    },
    {
      "triple": {
        "subject": "/sample-data/data-649.json",
        "predicate": "http://www.w3.org/1999/02/22-rdf-syntax-ns#type",
        "object": "http://xmlns.com/foaf/0.1/Person"
      }
    },
    {
      "triple": {
        "subject": "/sample-data/data-649.json",
        "predicate": "http://xmlns.com/foaf/0.1/knows",
        "object": "/sample-data/data-1450.json"
      }
    },
    {
      "triple": {
        "subject": "/sample-data/data-649.json",
        "predicate": "http://xmlns.com/foaf/0.1/knows",
        "object": "/sample-data/data-1486.json"
      }
    },
    {
      "triple": {
        "subject": "/sample-data/data-649.json",
        "predicate": "http://xmlns.com/foaf/0.1/knows",
        "object": "/sample-data/data-2663.json"
      }
    }
  ]
}