{
  "_id": "55ee5e44869fd41a35818a34",
  "index": 605,
  "guid": "dd87b5bf-df77-4593-b74a-788753e8a520",
  "isActive": true,
  "balance": "$27,514.48",
  "picture": "http://placehold.it/32x32",
  "age": 70,
  "eyeColor": "blue",
  "name": "Hughes Walls",
  "gender": "male",
  "company": "QUIZMO",
  "email": "hugheswalls@quizmo.com",
  "phone": "+1 (912) 598-2995",
  "address": "798 Dictum Court, Bagtown, Wyoming, 9895",
  "about": "Ut cillum officia veniam excepteur ad proident occaecat in qui quis nulla cillum aute. Sunt do sit labore enim eu anim tempor eu consectetur qui et. Culpa ad non amet non magna adipisicing culpa eiusmod ullamco esse ipsum. Dolore reprehenderit eu eu aute do sit ut. Eu in commodo deserunt Lorem est labore ex. Aute ex aute magna voluptate Lorem eiusmod laboris aliqua esse amet aliquip commodo.\r\n",
  "registered": "2014-05-23T10:23:25-07:00",
  "tags": [
    "commodo",
    "anim",
    "do",
    "incididunt",
    "excepteur",
    "in",
    "mollit"
  ],
  "friends": [
    {
      "id": 0,
      "name": "Susanna Bradley"
    },
    {
      "id": 1,
      "name": "Shannon Barker"
    },
    {
      "id": 2,
      "name": "Rosanna Rosario"
    }
  ],
  "greeting": "Hello, Hughes Walls! You have 8 unread messages.",
  "favoriteFruit": "orange",
  "location": {
    "latitude": -84.704068,
    "longitude": -4.506035
  },
  "docFormat": "json",
  "triples": [
    {
      "triple": {
        "subject": "/sample-data/data-605.json",
        "predicate": "http://www.w3.org/2000/01/rdf-schema#label",
        "object": "Hughes Walls"
      }
    },
    {
      "triple": {
        "subject": "/sample-data/data-605.json",
        "predicate": "http://www.w3.org/1999/02/22-rdf-syntax-ns#type",
        "object": "http://xmlns.com/foaf/0.1/Person"
      }
    },
    {
      "triple": {
        "subject": "/sample-data/data-605.json",
        "predicate": "http://xmlns.com/foaf/0.1/knows",
        "object": "/sample-data/data-1310.json"
      }
    },
    {
      "triple": {
        "subject": "/sample-data/data-605.json",
        "predicate": "http://xmlns.com/foaf/0.1/knows",
        "object": "/sample-data/data-2791.json"
      }
    },
    {
      "triple": {
        "subject": "/sample-data/data-605.json",
        "predicate": "http://xmlns.com/foaf/0.1/knows",
        "object": "/sample-data/data-24.json"
      }
    }
  ]
}