{
  "_id": "55ee5e98cf4d7a83d0893880",
  "index": 2981,
  "guid": "40b1595d-9eb1-4490-9f3f-3332dc4c260b",
  "isActive": true,
  "balance": "$2,094.81",
  "picture": "http://placehold.it/32x32",
  "age": 37,
  "eyeColor": "blue",
  "name": "Hyde Day",
  "gender": "male",
  "company": "KIGGLE",
  "email": "hydeday@kiggle.com",
  "phone": "+1 (886) 515-2723",
  "address": "556 Norfolk Street, Dana, Hawaii, 1116",
  "about": "Voluptate eu anim dolore ut deserunt sunt tempor. Anim occaecat dolore aliqua est. Commodo anim anim nulla mollit nisi occaecat pariatur. Do aliquip amet culpa esse eu dolor nostrud ad excepteur ipsum.\r\n",
  "registered": "2015-08-31T07:43:56-07:00",
  "tags": [
    "id",
    "amet",
    "aliqua",
    "sunt",
    "est",
    "eiusmod",
    "aliquip"
  ],
  "friends": [
    {
      "id": 0,
      "name": "Salazar England"
    },
    {
      "id": 1,
      "name": "Aurelia Summers"
    },
    {
      "id": 2,
      "name": "Poole Saunders"
    }
  ],
  "greeting": "Hello, Hyde Day! You have 9 unread messages.",
  "favoriteFruit": "strawberry",
  "location": {
    "latitude": -53.348252,
    "longitude": -29.100729
  },
  "docFormat": "json",
  "triples": [
    {
      "triple": {
        "subject": "/sample-data/data-2981.json",
        "predicate": "http://www.w3.org/2000/01/rdf-schema#label",
        "object": "Hyde Day"
      }
    },
    {
      "triple": {
        "subject": "/sample-data/data-2981.json",
        "predicate": "http://www.w3.org/1999/02/22-rdf-syntax-ns#type",
        "object": "http://xmlns.com/foaf/0.1/Person"
      }
    },
    {
      "triple": {
        "subject": "/sample-data/data-2981.json",
        "predicate": "http://xmlns.com/foaf/0.1/knows",
        "object": "/sample-data/data-2466.json"
      }
    },
    {
      "triple": {
        "subject": "/sample-data/data-2981.json",
        "predicate": "http://xmlns.com/foaf/0.1/knows",
        "object": "/sample-data/data-969.json"
      }
    },
    {
      "triple": {
        "subject": "/sample-data/data-2981.json",
        "predicate": "http://xmlns.com/foaf/0.1/knows",
        "object": "/sample-data/data-2008.json"
      }
    }
  ]
}