{
  "_id": "55ee5e98498b55fac488dedc",
  "index": 2542,
  "guid": "a385df36-bc8f-4ce0-8d92-cd0da91026f7",
  "isActive": false,
  "balance": "$54,435.91",
  "picture": "http://placehold.it/32x32",
  "age": 60,
  "eyeColor": "blue",
  "name": "Stefanie Mcgee",
  "gender": "female",
  "company": "INSURON",
  "email": "stefaniemcgee@insuron.com",
  "phone": "+1 (819) 444-3518",
  "address": "372 Lawn Court, Urie, South Carolina, 3415",
  "about": "Laboris pariatur laborum ipsum velit duis est non. Officia non ad irure excepteur cillum aliqua duis non culpa commodo incididunt nostrud. Pariatur pariatur id mollit est sit occaecat ea culpa ad ea ullamco deserunt tempor labore.\r\n",
  "registered": "2015-01-14T04:31:50-07:00",
  "tags": [
    "anim",
    "sint",
    "officia",
    "ex",
    "consequat",
    "dolor",
    "ea"
  ],
  "friends": [
    {
      "id": 0,
      "name": "Patrica Moon"
    },
    {
      "id": 1,
      "name": "Lynch Bennett"
    },
    {
      "id": 2,
      "name": "Jennifer Moran"
    }
  ],
  "greeting": "Hello, Stefanie Mcgee! You have 1 unread messages.",
  "favoriteFruit": "strawberry",
  "location": {
    "latitude": 28.64591,
    "longitude": -52.673839
  },
  "docFormat": "json",
  "triples": [
    {
      "triple": {
        "subject": "/sample-data/data-2542.json",
        "predicate": "http://www.w3.org/2000/01/rdf-schema#label",
        "object": "Stefanie Mcgee"
      }
    },
    {
      "triple": {
        "subject": "/sample-data/data-2542.json",
        "predicate": "http://www.w3.org/1999/02/22-rdf-syntax-ns#type",
        "object": "http://xmlns.com/foaf/0.1/Person"
      }
    },
    {
      "triple": {
        "subject": "/sample-data/data-2542.json",
        "predicate": "http://xmlns.com/foaf/0.1/knows",
        "object": "/sample-data/data-1177.json"
      }
    },
    {
      "triple": {
        "subject": "/sample-data/data-2542.json",
        "predicate": "http://xmlns.com/foaf/0.1/knows",
        "object": "/sample-data/data-1707.json"
      }
    },
    {
      "triple": {
        "subject": "/sample-data/data-2542.json",
        "predicate": "http://xmlns.com/foaf/0.1/knows",
        "object": "/sample-data/data-71.json"
      }
    }
  ]
}