{
  "_id": "55ee5e987ed91e395784dc08",
  "index": 2261,
  "guid": "c325892f-83ac-468f-879f-c3f5638ebb61",
  "isActive": true,
  "balance": "$17,468.11",
  "picture": "http://placehold.it/32x32",
  "age": 34,
  "eyeColor": "blue",
  "name": "Sondra Lee",
  "gender": "female",
  "company": "UPLINX",
  "email": "sondralee@uplinx.com",
  "phone": "+1 (895) 590-3117",
  "address": "373 Campus Road, Brenton, Massachusetts, 7675",
  "about": "Irure occaecat ipsum voluptate velit pariatur. Enim irure aliquip irure deserunt sit ex ad est excepteur irure ut magna nostrud. Adipisicing ex esse proident esse minim dolore dolor quis nisi eiusmod.\r\n",
  "registered": "2014-12-22T10:57:07-07:00",
  "tags": [
    "reprehenderit",
    "duis",
    "culpa",
    "magna",
    "proident",
    "reprehenderit",
    "in"
  ],
  "friends": [
    {
      "id": 0,
      "name": "Wilma Moody"
    },
    {
      "id": 1,
      "name": "Brigitte Lowe"
    },
    {
      "id": 2,
      "name": "Mildred Valencia"
    }
  ],
  "greeting": "Hello, Sondra Lee! You have 7 unread messages.",
  "favoriteFruit": "apple",
  "location": {
    "latitude": 55.427122,
    "longitude": 179.753043
  },
  "docFormat": "json",
  "triples": [
    {
      "triple": {
        "subject": "/sample-data/data-2261.json",
        "predicate": "http://www.w3.org/2000/01/rdf-schema#label",
        "object": "Sondra Lee"
      }
    },
    {
      "triple": {
        "subject": "/sample-data/data-2261.json",
        "predicate": "http://www.w3.org/1999/02/22-rdf-syntax-ns#type",
        "object": "http://xmlns.com/foaf/0.1/Person"
      }
    },
    {
      "triple": {
        "subject": "/sample-data/data-2261.json",
        "predicate": "http://xmlns.com/foaf/0.1/knows",
        "object": "/sample-data/data-2749.json"
      }
    },
    {
      "triple": {
        "subject": "/sample-data/data-2261.json",
        "predicate": "http://xmlns.com/foaf/0.1/knows",
        "object": "/sample-data/data-2793.json"
      }
    },
    {
      "triple": {
        "subject": "/sample-data/data-2261.json",
        "predicate": "http://xmlns.com/foaf/0.1/knows",
        "object": "/sample-data/data-1455.json"
      }
    }
  ]
}