{
  "_id": "55ee5e987e936c1263d85314",
  "index": 2283,
  "guid": "aca15e31-a52d-4175-aa25-b7c4f9730ac3",
  "isActive": true,
  "balance": "$86,567.33",
  "picture": "http://placehold.it/32x32",
  "age": 49,
  "eyeColor": "amethyst",
  "name": "Nguyen Ingram",
  "gender": "male",
  "company": "ZOID",
  "email": "nguyeningram@zoid.com",
  "phone": "+1 (953) 479-2293",
  "address": "685 Arion Place, Belleview, Maryland, 1422",
  "about": "Excepteur velit sunt minim sunt. Eiusmod aliquip cupidatat irure sunt minim culpa sint adipisicing est nisi. Ipsum proident qui sint cillum.\r\n",
  "registered": "2014-01-10T09:02:40-07:00",
  "tags": [
    "nulla",
    "consequat",
    "officia",
    "consequat",
    "veniam",
    "voluptate",
    "exercitation"
  ],
  "friends": [
    {
      "id": 0,
      "name": "Massey Brennan"
    },
    {
      "id": 1,
      "name": "Cecilia Fisher"
    },
    {
      "id": 2,
      "name": "Stacie Daniels"
    }
  ],
  "greeting": "Hello, Nguyen Ingram! You have 2 unread messages.",
  "favoriteFruit": "apple",
  "location": {
    "latitude": -57.18696,
    "longitude": 14.311921
  },
  "docFormat": "json",
  "triples": [
    {
      "triple": {
        "subject": "/sample-data/data-2283.json",
        "predicate": "http://www.w3.org/2000/01/rdf-schema#label",
        "object": "Nguyen Ingram"
      }
    },
    {
      "triple": {
        "subject": "/sample-data/data-2283.json",
        "predicate": "http://www.w3.org/1999/02/22-rdf-syntax-ns#type",
        "object": "http://xmlns.com/foaf/0.1/Person"
      }
    },
    {
      "triple": {
        "subject": "/sample-data/data-2283.json",
        "predicate": "http://xmlns.com/foaf/0.1/knows",
        "object": "/sample-data/data-2760.json"
      }
    },
    {
      "triple": {
        "subject": "/sample-data/data-2283.json",
        "predicate": "http://xmlns.com/foaf/0.1/knows",
        "object": "/sample-data/data-2467.json"
      }
    },
    {
      "triple": {
        "subject": "/sample-data/data-2283.json",
        "predicate": "http://xmlns.com/foaf/0.1/knows",
        "object": "/sample-data/data-2410.json"
      }
    }
  ]
}