{
  "_id": "55ee5e4557f9a18f5cbdff28",
  "index": 1572,
  "guid": "a5fb3872-e42e-4cc1-9e4c-9d8536cef9de",
  "isActive": false,
  "balance": "$48,472.50",
  "picture": "http://placehold.it/32x32",
  "age": 52,
  "eyeColor": "blue",
  "name": "Rosario Wooten",
  "gender": "female",
  "company": "LUNCHPAD",
  "email": "rosariowooten@lunchpad.com",
  "phone": "+1 (873) 483-3329",
  "address": "539 Nolans Lane, Cowiche, Alabama, 6959",
  "about": "Laborum est in enim sint aliquip pariatur ea duis non. Occaecat pariatur non pariatur ad. Fugiat adipisicing adipisicing sunt adipisicing officia. Et deserunt elit deserunt exercitation id incididunt ex duis irure cillum ullamco.\r\n",
  "registered": "2014-03-31T09:41:37-07:00",
  "tags": [
    "esse",
    "fugiat",
    "amet",
    "irure",
    "mollit",
    "laboris",
    "aute"
  ],
  "friends": [
    {
      "id": 0,
      "name": "Sears Hudson"
    },
    {
      "id": 1,
      "name": "Haley Martinez"
    },
    {
      "id": 2,
      "name": "Mcmillan Hunter"
    }
  ],
  "greeting": "Hello, Rosario Wooten! You have 6 unread messages.",
  "favoriteFruit": "banana",
  "location": {
    "latitude": 79.348019,
    "longitude": 131.527046
  },
  "docFormat": "json",
  "triples": [
    {
      "triple": {
        "subject": "/sample-data/data-1572.json",
        "predicate": "http://www.w3.org/2000/01/rdf-schema#label",
        "object": "Rosario Wooten"
      }
    },
    {
      "triple": {
        "subject": "/sample-data/data-1572.json",
        "predicate": "http://www.w3.org/1999/02/22-rdf-syntax-ns#type",
        "object": "http://xmlns.com/foaf/0.1/Person"
      }
    },
    {
      "triple": {
        "subject": "/sample-data/data-1572.json",
        "predicate": "http://xmlns.com/foaf/0.1/knows",
        "object": "/sample-data/data-244.json"
      }
    },
    {
      "triple": {
        "subject": "/sample-data/data-1572.json",
        "predicate": "http://xmlns.com/foaf/0.1/knows",
        "object": "/sample-data/data-35.json"
      }
    },
    {
      "triple": {
        "subject": "/sample-data/data-1572.json",
        "predicate": "http://xmlns.com/foaf/0.1/knows",
        "object": "/sample-data/data-602.json"
      }
    }
  ]
}