{
  "_id": "55ee5e98757fe164dc41a691",
  "index": 2387,
  "guid": "93437d6f-4f49-4d89-adba-412d5e665532",
  "isActive": true,
  "balance": "$86,422.89",
  "picture": "http://placehold.it/32x32",
  "age": 42,
  "eyeColor": "honey",
  "name": "Gay Hodge",
  "gender": "female",
  "company": "JETSILK",
  "email": "gayhodge@jetsilk.com",
  "phone": "+1 (815) 417-3211",
  "address": "910 Gates Avenue, Muir, Iowa, 9611",
  "about": "Enim anim anim sunt in nulla enim velit quis in consectetur et elit ex nulla. Reprehenderit duis sit exercitation amet in nulla. Sit enim et elit proident ipsum do magna. Aute magna proident velit magna ipsum. Officia officia irure officia labore sunt in consectetur excepteur Lorem ipsum occaecat velit ullamco.\r\n",
  "registered": "2015-06-22T01:24:42-07:00",
  "tags": [
    "mollit",
    "dolore",
    "qui",
    "adipisicing",
    "aute",
    "aliquip",
    "velit"
  ],
  "friends": [
    {
      "id": 0,
      "name": "English Glover"
    },
    {
      "id": 1,
      "name": "Key Spencer"
    },
    {
      "id": 2,
      "name": "Hartman Bryant"
    }
  ],
  "greeting": "Hello, Gay Hodge! You have 8 unread messages.",
  "favoriteFruit": "pear",
  "location": {
    "latitude": -33.773995,
    "longitude": -129.949609
  },
  "docFormat": "json",
  "triples": [
    {
      "triple": {
        "subject": "/sample-data/data-2387.json",
        "predicate": "http://www.w3.org/2000/01/rdf-schema#label",
        "object": "Gay Hodge"
      }
    },
    {
      "triple": {
        "subject": "/sample-data/data-2387.json",
        "predicate": "http://www.w3.org/1999/02/22-rdf-syntax-ns#type",
        "object": "http://xmlns.com/foaf/0.1/Person"
      }
    },
    {
      "triple": {
        "subject": "/sample-data/data-2387.json",
        "predicate": "http://xmlns.com/foaf/0.1/knows",
        "object": "/sample-data/data-312.json"
      }
    },
    {
      "triple": {
        "subject": "/sample-data/data-2387.json",
        "predicate": "http://xmlns.com/foaf/0.1/knows",
        "object": "/sample-data/data-658.json"
      }
    },
    {
      "triple": {
        "subject": "/sample-data/data-2387.json",
        "predicate": "http://xmlns.com/foaf/0.1/knows",
        "object": "/sample-data/data-253.json"
      }
    }
  ]
}