{
  "_id": "55ee5e442fe1dd0499bfd52e",
  "index": 886,
  "guid": "dacc677c-4a0e-4a2b-881b-93ec92fc442d",
  "isActive": false,
  "balance": "$83,550.13",
  "picture": "http://placehold.it/32x32",
  "age": 26,
  "eyeColor": "brown",
  "name": "Ilene Camacho",
  "gender": "female",
  "company": "SLAX",
  "email": "ilenecamacho@slax.com",
  "phone": "+1 (821) 489-2290",
  "address": "146 Hancock Street, Verdi, Arkansas, 2930",
  "about": "Incididunt mollit labore reprehenderit eiusmod amet. Dolor magna tempor non esse reprehenderit aliqua non. Occaecat et magna reprehenderit commodo. Reprehenderit ex in aliquip qui id et minim minim aute quis exercitation esse ullamco nisi. Consectetur ut laboris ullamco exercitation ullamco.\r\n",
  "registered": "2014-11-15T04:42:57-07:00",
  "tags": [
    "ipsum",
    "tempor",
    "eiusmod",
    "ullamco",
    "enim",
    "id",
    "anim"
  ],
  "friends": [
    {
      "id": 0,
      "name": "Vinson Holt"
    },
    {
      "id": 1,
      "name": "Ware Velazquez"
    },
    {
      "id": 2,
      "name": "Mccormick Mcfadden"
    }
  ],
  "greeting": "Hello, Ilene Camacho! You have 8 unread messages.",
  "favoriteFruit": "orange",
  "location": {
    "latitude": 42.446685,
    "longitude": 102.378643
  },
  "docFormat": "json",
  "triples": [
    {
      "triple": {
        "subject": "/sample-data/data-886.json",
        "predicate": "http://www.w3.org/2000/01/rdf-schema#label",
        "object": "Ilene Camacho"
      }
    },
    {
      "triple": {
        "subject": "/sample-data/data-886.json",
        "predicate": "http://www.w3.org/1999/02/22-rdf-syntax-ns#type",
        "object": "http://xmlns.com/foaf/0.1/Person"
      }
    },
    {
      "triple": {
        "subject": "/sample-data/data-886.json",
        "predicate": "http://xmlns.com/foaf/0.1/knows",
        "object": "/sample-data/data-869.json"
      }
    },
    {
      "triple": {
        "subject": "/sample-data/data-886.json",
        "predicate": "http://xmlns.com/foaf/0.1/knows",
        "object": "/sample-data/data-64.json"
      }
    },
    {
      "triple": {
        "subject": "/sample-data/data-886.json",
        "predicate": "http://xmlns.com/foaf/0.1/knows",
        "object": "/sample-data/data-2819.json"
      }
    }
  ]
}