{
  "_id": "55ee5e98b91ea157bbf55594",
  "index": 2667,
  "guid": "560a548a-8cc4-455f-a68c-b991d98b4fb4",
  "isActive": true,
  "balance": "$84,375.42",
  "picture": "http://placehold.it/32x32",
  "age": 41,
  "eyeColor": "hazel",
  "name": "Lynn Fry",
  "gender": "female",
  "company": "EVENTEX",
  "email": "lynnfry@eventex.com",
  "phone": "+1 (898) 561-3912",
  "address": "536 Legion Street, Freelandville, Massachusetts, 9727",
  "about": "Adipisicing adipisicing dolor sint in elit ea aliquip eiusmod et sint officia anim. Ullamco est adipisicing in minim consequat magna do consectetur proident dolore exercitation minim. Ullamco dolor qui dolor enim occaecat magna voluptate reprehenderit aute. Deserunt laborum magna fugiat non.\r\n",
  "registered": "2014-07-03T08:23:52-07:00",
  "tags": [
    "consequat",
    "anim",
    "nisi",
    "commodo",
    "velit",
    "voluptate",
    "excepteur"
  ],
  "friends": [
    {
      "id": 0,
      "name": "Clark Chapman"
    },
    {
      "id": 1,
      "name": "Ruiz Tate"
    },
    {
      "id": 2,
      "name": "Barry Farrell"
    }
  ],
  "greeting": "Hello, Lynn Fry! You have 4 unread messages.",
  "favoriteFruit": "banana",
  "location": {
    "latitude": -39.50124,
    "longitude": -48.915014
  },
  "docFormat": "json",
  "triples": [
    {
      "triple": {
        "subject": "/sample-data/data-2667.json",
        "predicate": "http://www.w3.org/2000/01/rdf-schema#label",
        "object": "Lynn Fry"
      }
    },
    {
      "triple": {
        "subject": "/sample-data/data-2667.json",
        "predicate": "http://www.w3.org/1999/02/22-rdf-syntax-ns#type",
        "object": "http://xmlns.com/foaf/0.1/Person"
      }
    },
    {
      "triple": {
        "subject": "/sample-data/data-2667.json",
        "predicate": "http://xmlns.com/foaf/0.1/knows",
        "object": "/sample-data/data-2316.json"
      }
    },
    {
      "triple": {
        "subject": "/sample-data/data-2667.json",
        "predicate": "http://xmlns.com/foaf/0.1/knows",
        "object": "/sample-data/data-2877.json"
      }
    },
    {
      "triple": {
        "subject": "/sample-data/data-2667.json",
        "predicate": "http://xmlns.com/foaf/0.1/knows",
        "object": "/sample-data/data-1977.json"
      }
    }
  ]
}