{
  "_id": "55ee5e445023cf77b941758b",
  "index": 306,
  "guid": "002a0bcc-1410-4edb-b71e-4b9692be4fe0",
  "isActive": false,
  "balance": "$54,676.08",
  "picture": "http://placehold.it/32x32",
  "age": 44,
  "eyeColor": "brown",
  "name": "Mcbride Travis",
  "gender": "male",
  "company": "ENERVATE",
  "email": "mcbridetravis@enervate.com",
  "phone": "+1 (942) 503-2291",
  "address": "367 Miller Avenue, Cleary, Arkansas, 5571",
  "about": "Tempor est ea nulla labore. In culpa anim id velit ad velit. Consectetur eu irure culpa adipisicing adipisicing ad duis nulla cupidatat labore sint irure ad fugiat. Culpa adipisicing mollit consectetur dolor id dolor. Ullamco ea aute enim consequat. Magna irure minim velit nulla magna Lorem Lorem duis quis proident Lorem. Ipsum ad dolore ut velit laborum eu anim reprehenderit enim culpa commodo labore.\r\n",
  "registered": "2014-09-12T01:28:21-07:00",
  "tags": [
    "dolor",
    "nulla",
    "labore",
    "exercitation",
    "commodo",
    "sit",
    "veniam"
  ],
  "friends": [
    {
      "id": 0,
      "name": "Ray Mays"
    },
    {
      "id": 1,
      "name": "Juliette Vance"
    },
    {
      "id": 2,
      "name": "Bonner Myers"
    }
  ],
  "greeting": "Hello, Mcbride Travis! You have 4 unread messages.",
  "favoriteFruit": "banana",
  "location": {
    "latitude": -9.001408,
    "longitude": -77.884359
  },
  "docFormat": "json",
  "triples": [
    {
      "triple": {
        "subject": "/sample-data/data-306.json",
        "predicate": "http://www.w3.org/2000/01/rdf-schema#label",
        "object": "Mcbride Travis"
      }
    },
    {
      "triple": {
        "subject": "/sample-data/data-306.json",
        "predicate": "http://www.w3.org/1999/02/22-rdf-syntax-ns#type",
        "object": "http://xmlns.com/foaf/0.1/Person"
      }
    },
    {
      "triple": {
        "subject": "/sample-data/data-306.json",
        "predicate": "http://xmlns.com/foaf/0.1/knows",
        "object": "/sample-data/data-2279.json"
      }
    },
    {
      "triple": {
        "subject": "/sample-data/data-306.json",
        "predicate": "http://xmlns.com/foaf/0.1/knows",
        "object": "/sample-data/data-1520.json"
      }
    },
    {
      "triple": {
        "subject": "/sample-data/data-306.json",
        "predicate": "http://xmlns.com/foaf/0.1/knows",
        "object": "/sample-data/data-778.json"
      }
    }
  ]
}