{
  "_id": "55ee5e44bbfae27f73d23396",
  "index": 262,
  "guid": "3bd7459d-9383-43d2-bff8-0243be652e4a",
  "isActive": false,
  "balance": "$82,735.12",
  "picture": "http://placehold.it/32x32",
  "age": 42,
  "eyeColor": "brown",
  "name": "Ada Guerrero",
  "gender": "female",
  "company": "BOSTONIC",
  "email": "adaguerrero@bostonic.com",
  "phone": "+1 (985) 452-3242",
  "address": "315 Bridgewater Street, Oretta, Iowa, 6434",
  "about": "Non qui nostrud proident pariatur nostrud dolor fugiat sit nostrud laboris laboris anim. In mollit cillum non irure ullamco irure consequat ex ea do nulla excepteur veniam elit. Officia ipsum pariatur consequat enim nostrud minim et sunt et ad. Ea laboris tempor commodo tempor minim fugiat duis duis consectetur et officia. Dolore excepteur ullamco proident id dolor dolore quis. Do exercitation non commodo veniam sint elit et qui magna amet sit est mollit Lorem. Ullamco aute pariatur occaecat aliqua mollit consectetur laborum nisi anim id cupidatat officia proident labore.\r\n",
  "registered": "2014-01-04T02:30:24-07:00",
  "tags": [
    "pariatur",
    "laboris",
    "ullamco",
    "amet",
    "exercitation",
    "id",
    "pariatur"
  ],
  "friends": [
    {
      "id": 0,
      "name": "Sherry Davidson"
    },
    {
      "id": 1,
      "name": "Whitfield Chapman"
    },
    {
      "id": 2,
      "name": "Blanca Meyers"
    }
  ],
  "greeting": "Hello, Ada Guerrero! You have 7 unread messages.",
  "favoriteFruit": "orange",
  "location": {
    "latitude": 5.244402,
    "longitude": -108.723322
  },
  "docFormat": "json",
  "triples": [
    {
      "triple": {
        "subject": "/sample-data/data-262.json",
        "predicate": "http://www.w3.org/2000/01/rdf-schema#label",
        "object": "Ada Guerrero"
      }
    },
    {
      "triple": {
        "subject": "/sample-data/data-262.json",
        "predicate": "http://www.w3.org/1999/02/22-rdf-syntax-ns#type",
        "object": "http://xmlns.com/foaf/0.1/Person"
      }
    },
    {
      "triple": {
        "subject": "/sample-data/data-262.json",
        "predicate": "http://xmlns.com/foaf/0.1/knows",
        "object": "/sample-data/data-76.json"
      }
    },
    {
      "triple": {
        "subject": "/sample-data/data-262.json",
        "predicate": "http://xmlns.com/foaf/0.1/knows",
        "object": "/sample-data/data-399.json"
      }
    },
    {
      "triple": {
        "subject": "/sample-data/data-262.json",
        "predicate": "http://xmlns.com/foaf/0.1/knows",
        "object": "/sample-data/data-2472.json"
      }
    }
  ]
}