{
  "_id": "55ee5e44f94601da1300f07f",
  "index": 234,
  "guid": "e1083ba1-185c-4655-b5d9-b8beecb7ad78",
  "isActive": false,
  "balance": "$93,308.31",
  "picture": "http://placehold.it/32x32",
  "age": 32,
  "eyeColor": "brown",
  "name": "Strickland Mathis",
  "gender": "male",
  "company": "BUGSALL",
  "email": "stricklandmathis@bugsall.com",
  "phone": "+1 (950) 587-3821",
  "address": "235 Schenck Court, Leyner, Maine, 7741",
  "about": "Aliquip est cillum non eiusmod et deserunt minim non in do aliqua. Consequat ipsum ut in in elit est nulla tempor cillum minim officia. Deserunt veniam voluptate ad commodo Lorem aliqua ad ullamco aliquip adipisicing ea aliqua nostrud. Occaecat officia laboris laboris aute eiusmod fugiat. Consectetur aute laboris irure tempor qui dolor mollit proident nulla veniam. Consequat adipisicing proident non ad. Proident eiusmod quis qui fugiat deserunt ad non veniam enim labore.\r\n",
  "registered": "2015-08-27T08:55:15-07:00",
  "tags": [
    "laborum",
    "voluptate",
    "consectetur",
    "magna",
    "voluptate",
    "veniam",
    "aute"
  ],
  "friends": [
    {
      "id": 0,
      "name": "Myrna Haley"
    },
    {
      "id": 1,
      "name": "Juliana Williamson"
    },
    {
      "id": 2,
      "name": "Monique Mayo"
    }
  ],
  "greeting": "Hello, Strickland Mathis! You have 7 unread messages.",
  "favoriteFruit": "pear",
  "location": {
    "latitude": 55.691392,
    "longitude": 7.577743
  },
  "docFormat": "json",
  "triples": [
    {
      "triple": {
        "subject": "/sample-data/data-234.json",
        "predicate": "http://www.w3.org/2000/01/rdf-schema#label",
        "object": "Strickland Mathis"
      }
    },
    {
      "triple": {
        "subject": "/sample-data/data-234.json",
        "predicate": "http://www.w3.org/1999/02/22-rdf-syntax-ns#type",
        "object": "http://xmlns.com/foaf/0.1/Person"
      }
    },
    {
      "triple": {
        "subject": "/sample-data/data-234.json",
        "predicate": "http://xmlns.com/foaf/0.1/knows",
        "object": "/sample-data/data-687.json"
      }
    },
    {
      "triple": {
        "subject": "/sample-data/data-234.json",
        "predicate": "http://xmlns.com/foaf/0.1/knows",
        "object": "/sample-data/data-1388.json"
      }
    },
    {
      "triple": {
        "subject": "/sample-data/data-234.json",
        "predicate": "http://xmlns.com/foaf/0.1/knows",
        "object": "/sample-data/data-65.json"
      }
    }
  ]
}