{
  "_id": "55ee5e44d002920c0bd45013",
  "index": 625,
  "guid": "a02457de-ded9-4c57-a5da-47d63c05e4f8",
  "isActive": false,
  "balance": "$66,192.03",
  "picture": "http://placehold.it/32x32",
  "age": 58,
  "eyeColor": "green",
  "name": "Saundra Clay",
  "gender": "female",
  "company": "COLAIRE",
  "email": "saundraclay@colaire.com",
  "phone": "+1 (842) 493-3440",
  "address": "570 Church Avenue, Shawmut, North Carolina, 5014",
  "about": "Occaecat est magna fugiat occaecat Lorem ea. Laboris aliquip elit sit do laboris dolor. Non non Lorem elit ut nisi culpa. Laboris proident ex voluptate excepteur nisi et pariatur. Sint amet est tempor nisi commodo duis incididunt ut. Anim pariatur ipsum fugiat eu irure in nostrud eiusmod ad elit tempor aliquip do eiusmod.\r\n",
  "registered": "2015-04-04T08:43:12-07:00",
  "tags": [
    "est",
    "tempor",
    "eu",
    "ex",
    "nostrud",
    "excepteur",
    "voluptate"
  ],
  "friends": [
    {
      "id": 0,
      "name": "Pearson Delaney"
    },
    {
      "id": 1,
      "name": "Lenore Reed"
    },
    {
      "id": 2,
      "name": "Shannon Diaz"
    }
  ],
  "greeting": "Hello, Saundra Clay! You have 2 unread messages.",
  "favoriteFruit": "pear",
  "location": {
    "latitude": 31.127635,
    "longitude": -146.111427
  },
  "docFormat": "json",
  "triples": [
    {
      "triple": {
        "subject": "/sample-data/data-625.json",
        "predicate": "http://www.w3.org/2000/01/rdf-schema#label",
        "object": "Saundra Clay"
      }
    },
    {
      "triple": {
        "subject": "/sample-data/data-625.json",
        "predicate": "http://www.w3.org/1999/02/22-rdf-syntax-ns#type",
        "object": "http://xmlns.com/foaf/0.1/Person"
      }
    },
    {
      "triple": {
        "subject": "/sample-data/data-625.json",
        "predicate": "http://xmlns.com/foaf/0.1/knows",
        "object": "/sample-data/data-1910.json"
      }
    },
    {
      "triple": {
        "subject": "/sample-data/data-625.json",
        "predicate": "http://xmlns.com/foaf/0.1/knows",
        "object": "/sample-data/data-244.json"
      }
    },
    {
      "triple": {
        "subject": "/sample-data/data-625.json",
        "predicate": "http://xmlns.com/foaf/0.1/knows",
        "object": "/sample-data/data-1033.json"
      }
    }
  ]
}