{
  "_id": "55ee5e45e01a89cd110b0c97",
  "index": 1728,
  "guid": "6bfabaa2-002a-4bec-b181-cad785c3d29b",
  "isActive": true,
  "balance": "$34,108.34",
  "picture": "http://placehold.it/32x32",
  "age": 66,
  "eyeColor": "brown",
  "name": "Scott Riddle",
  "gender": "male",
  "company": "SPEEDBOLT",
  "email": "scottriddle@speedbolt.com",
  "phone": "+1 (978) 588-2008",
  "address": "137 Estate Road, Caron, Kentucky, 9203",
  "about": "Reprehenderit sit reprehenderit Lorem eiusmod est dolore nostrud est aliquip culpa cillum velit eiusmod. Mollit commodo laboris proident nostrud culpa ea ea cupidatat reprehenderit dolore ullamco non sint. Deserunt proident et aliquip amet adipisicing anim veniam amet labore irure. Non culpa aute laboris enim officia ad dolore laborum ut nostrud quis mollit cillum pariatur.\r\n",
  "registered": "2015-03-13T05:16:30-07:00",
  "tags": [
    "laboris",
    "mollit",
    "mollit",
    "esse",
    "duis",
    "adipisicing",
    "id"
  ],
  "friends": [
    {
      "id": 0,
      "name": "Joyce Hubbard"
    },
    {
      "id": 1,
      "name": "Merrill Cameron"
    },
    {
      "id": 2,
      "name": "Roth Gates"
    }
  ],
  "greeting": "Hello, Scott Riddle! You have 8 unread messages.",
  "favoriteFruit": "banana",
  "location": {
    "latitude": 78.154549,
    "longitude": 43.2149
  },
  "docFormat": "json",
  "triples": [
    {
      "triple": {
        "subject": "/sample-data/data-1728.json",
        "predicate": "http://www.w3.org/2000/01/rdf-schema#label",
        "object": "Scott Riddle"
      }
    },
    {
      "triple": {
        "subject": "/sample-data/data-1728.json",
        "predicate": "http://www.w3.org/1999/02/22-rdf-syntax-ns#type",
        "object": "http://xmlns.com/foaf/0.1/Person"
      }
    },
    {
      "triple": {
        "subject": "/sample-data/data-1728.json",
        "predicate": "http://xmlns.com/foaf/0.1/knows",
        "object": "/sample-data/data-430.json"
      }
    },
    {
      "triple": {
        "subject": "/sample-data/data-1728.json",
        "predicate": "http://xmlns.com/foaf/0.1/knows",
        "object": "/sample-data/data-2463.json"
      }
    },
    {
      "triple": {
        "subject": "/sample-data/data-1728.json",
        "predicate": "http://xmlns.com/foaf/0.1/knows",
        "object": "/sample-data/data-2862.json"
      }
    }
  ]
}