{
  "_id": "55ee5e449b9fad026349f076",
  "index": 347,
  "guid": "0dec4228-78d3-440e-8637-326a1bb10e81",
  "isActive": true,
  "balance": "$18,722.97",
  "picture": "http://placehold.it/32x32",
  "age": 64,
  "eyeColor": "brown",
  "name": "Glenna Evans",
  "gender": "female",
  "company": "GINK",
  "email": "glennaevans@gink.com",
  "phone": "+1 (917) 596-2813",
  "address": "737 Russell Street, Morningside, Pennsylvania, 6967",
  "about": "Cupidatat aute occaecat ex tempor do fugiat dolor. Commodo velit aute officia pariatur incididunt laborum labore duis in dolor nisi dolor. Id enim ullamco cillum veniam labore amet occaecat est magna. Consequat eiusmod laborum commodo ullamco eiusmod esse cupidatat reprehenderit amet pariatur quis in. Enim proident labore Lorem labore enim officia deserunt nisi labore aliqua culpa.\r\n",
  "registered": "2014-03-31T07:30:47-07:00",
  "tags": [
    "sunt",
    "cillum",
    "aliquip",
    "labore",
    "culpa",
    "id",
    "enim"
  ],
  "friends": [
    {
      "id": 0,
      "name": "Mack Duncan"
    },
    {
      "id": 1,
      "name": "Gay Strickland"
    },
    {
      "id": 2,
      "name": "Georgina Wilcox"
    }
  ],
  "greeting": "Hello, Glenna Evans! You have 6 unread messages.",
  "favoriteFruit": "apple",
  "location": {
    "latitude": 87.478649,
    "longitude": -5.873765
  },
  "docFormat": "json",
  "triples": [
    {
      "triple": {
        "subject": "/sample-data/data-347.json",
        "predicate": "http://www.w3.org/2000/01/rdf-schema#label",
        "object": "Glenna Evans"
      }
    },
    {
      "triple": {
        "subject": "/sample-data/data-347.json",
        "predicate": "http://www.w3.org/1999/02/22-rdf-syntax-ns#type",
        "object": "http://xmlns.com/foaf/0.1/Person"
      }
    },
    {
      "triple": {
        "subject": "/sample-data/data-347.json",
        "predicate": "http://xmlns.com/foaf/0.1/knows",
        "object": "/sample-data/data-1605.json"
      }
    },
    {
      "triple": {
        "subject": "/sample-data/data-347.json",
        "predicate": "http://xmlns.com/foaf/0.1/knows",
        "object": "/sample-data/data-2121.json"
      }
    },
    {
      "triple": {
        "subject": "/sample-data/data-347.json",
        "predicate": "http://xmlns.com/foaf/0.1/knows",
        "object": "/sample-data/data-2323.json"
      }
    }
  ]
}