{
  "_id": "55ee5e44c7505f363c000428",
  "index": 777,
  "guid": "e5b83706-8494-494c-b137-86241ba40d26",
  "isActive": true,
  "balance": "$21,507.31",
  "picture": "http://placehold.it/32x32",
  "age": 67,
  "eyeColor": "green",
  "name": "Teri Spence",
  "gender": "female",
  "company": "PYRAMAX",
  "email": "terispence@pyramax.com",
  "phone": "+1 (946) 580-3509",
  "address": "868 Voorhies Avenue, Concho, Louisiana, 6006",
  "about": "Consectetur laborum nulla cillum labore sit sunt cupidatat id. Veniam et nisi ipsum in culpa consectetur veniam in. Duis eu ad tempor nisi pariatur cupidatat nulla cillum. Ex proident laboris aliquip sunt nostrud deserunt sunt consequat sunt.\r\n",
  "registered": "2015-03-14T09:19:05-07:00",
  "tags": [
    "duis",
    "laborum",
    "elit",
    "esse",
    "dolore",
    "laborum",
    "dolore"
  ],
  "friends": [
    {
      "id": 0,
      "name": "Adrienne Fox"
    },
    {
      "id": 1,
      "name": "Augusta Holden"
    },
    {
      "id": 2,
      "name": "Bush Cochran"
    }
  ],
  "greeting": "Hello, Teri Spence! You have 1 unread messages.",
  "favoriteFruit": "orange",
  "location": {
    "latitude": -0.08639,
    "longitude": -38.94669
  },
  "docFormat": "json",
  "triples": [
    {
      "triple": {
        "subject": "/sample-data/data-777.json",
        "predicate": "http://www.w3.org/2000/01/rdf-schema#label",
        "object": "Teri Spence"
      }
    },
    {
      "triple": {
        "subject": "/sample-data/data-777.json",
        "predicate": "http://www.w3.org/1999/02/22-rdf-syntax-ns#type",
        "object": "http://xmlns.com/foaf/0.1/Person"
      }
    },
    {
      "triple": {
        "subject": "/sample-data/data-777.json",
        "predicate": "http://xmlns.com/foaf/0.1/knows",
        "object": "/sample-data/data-2411.json"
      }
    },
    {
      "triple": {
        "subject": "/sample-data/data-777.json",
        "predicate": "http://xmlns.com/foaf/0.1/knows",
        "object": "/sample-data/data-2937.json"
      }
    },
    {
      "triple": {
        "subject": "/sample-data/data-777.json",
        "predicate": "http://xmlns.com/foaf/0.1/knows",
        "object": "/sample-data/data-427.json"
      }
    }
  ]
}