{
  "_id": "55ee5e98f19b22bf13606167",
  "index": 2368,
  "guid": "7e650b78-262d-42d4-976e-e22493b3c7ed",
  "isActive": true,
  "balance": "$70,019.59",
  "picture": "http://placehold.it/32x32",
  "age": 22,
  "eyeColor": "honey",
  "name": "Wilda Burke",
  "gender": "female",
  "company": "MAINELAND",
  "email": "wildaburke@maineland.com",
  "phone": "+1 (937) 446-2391",
  "address": "864 Division Place, Blackgum, South Carolina, 1178",
  "about": "Elit cupidatat dolor reprehenderit ex. Amet labore qui commodo duis officia laboris occaecat in ullamco mollit voluptate. Consectetur sint consequat adipisicing laboris ipsum. Mollit occaecat veniam culpa ea aliquip veniam ad dolore dolore officia ut veniam id. Aliquip mollit minim qui labore.\r\n",
  "registered": "2014-02-12T06:24:32-07:00",
  "tags": [
    "ad",
    "cupidatat",
    "amet",
    "irure",
    "id",
    "aliquip",
    "irure"
  ],
  "friends": [
    {
      "id": 0,
      "name": "Moon Schwartz"
    },
    {
      "id": 1,
      "name": "Wilkerson Hughes"
    },
    {
      "id": 2,
      "name": "Francisca Hurst"
    }
  ],
  "greeting": "Hello, Wilda Burke! You have 4 unread messages.",
  "favoriteFruit": "banana",
  "location": {
    "latitude": 46.703187,
    "longitude": -147.235156
  },
  "docFormat": "json",
  "triples": [
    {
      "triple": {
        "subject": "/sample-data/data-2368.json",
        "predicate": "http://www.w3.org/2000/01/rdf-schema#label",
        "object": "Wilda Burke"
      }
    },
    {
      "triple": {
        "subject": "/sample-data/data-2368.json",
        "predicate": "http://www.w3.org/1999/02/22-rdf-syntax-ns#type",
        "object": "http://xmlns.com/foaf/0.1/Person"
      }
    },
    {
      "triple": {
        "subject": "/sample-data/data-2368.json",
        "predicate": "http://xmlns.com/foaf/0.1/knows",
        "object": "/sample-data/data-2191.json"
      }
    },
    {
      "triple": {
        "subject": "/sample-data/data-2368.json",
        "predicate": "http://xmlns.com/foaf/0.1/knows",
        "object": "/sample-data/data-835.json"
      }
    },
    {
      "triple": {
        "subject": "/sample-data/data-2368.json",
        "predicate": "http://xmlns.com/foaf/0.1/knows",
        "object": "/sample-data/data-1740.json"
      }
    }
  ]
}