{
  "_id": "55ee5e98e946da5a8cd3e4a8",
  "index": 2466,
  "guid": "34af4f37-d694-4b7a-b7d4-3021196f68a6",
  "isActive": false,
  "balance": "$80,621.76",
  "picture": "http://placehold.it/32x32",
  "age": 47,
  "eyeColor": "brown",
  "name": "Davis Hartman",
  "gender": "male",
  "company": "CINASTER",
  "email": "davishartman@cinaster.com",
  "phone": "+1 (977) 579-3248",
  "address": "382 Fair Street, Freetown, Oregon, 2146",
  "about": "Excepteur et dolore est reprehenderit sit nisi ipsum laborum consequat nostrud aliqua pariatur sunt. Reprehenderit voluptate reprehenderit elit ea pariatur. Mollit in ex ex veniam non culpa voluptate aute in nostrud veniam ex exercitation culpa. Tempor mollit excepteur dolore ea magna do ipsum consequat. Lorem incididunt et consectetur et.\r\n",
  "registered": "2015-02-14T08:37:13-07:00",
  "tags": [
    "sit",
    "qui",
    "duis",
    "fugiat",
    "sit",
    "minim",
    "esse"
  ],
  "friends": [
    {
      "id": 0,
      "name": "Duran Jenkins"
    },
    {
      "id": 1,
      "name": "Therese Hunter"
    },
    {
      "id": 2,
      "name": "Shields Higgins"
    }
  ],
  "greeting": "Hello, Davis Hartman! You have 9 unread messages.",
  "favoriteFruit": "pear",
  "location": {
    "latitude": 39.535879,
    "longitude": -107.123999
  },
  "docFormat": "json",
  "triples": [
    {
      "triple": {
        "subject": "/sample-data/data-2466.json",
        "predicate": "http://www.w3.org/2000/01/rdf-schema#label",
        "object": "Davis Hartman"
      }
    },
    {
      "triple": {
        "subject": "/sample-data/data-2466.json",
        "predicate": "http://www.w3.org/1999/02/22-rdf-syntax-ns#type",
        "object": "http://xmlns.com/foaf/0.1/Person"
      }
    },
    {
      "triple": {
        "subject": "/sample-data/data-2466.json",
        "predicate": "http://xmlns.com/foaf/0.1/knows",
        "object": "/sample-data/data-2694.json"
      }
    },
    {
      "triple": {
        "subject": "/sample-data/data-2466.json",
        "predicate": "http://xmlns.com/foaf/0.1/knows",
        "object": "/sample-data/data-1505.json"
      }
    },
    {
      "triple": {
        "subject": "/sample-data/data-2466.json",
        "predicate": "http://xmlns.com/foaf/0.1/knows",
        "object": "/sample-data/data-1496.json"
      }
    }
  ]
}