{
  "_id": "55ee5e98c4aeb226ec5565f2",
  "index": 2240,
  "guid": "eb3a7b30-d18f-49af-bdae-e75a406cecbc",
  "isActive": false,
  "balance": "$44,905.21",
  "picture": "http://placehold.it/32x32",
  "age": 24,
  "eyeColor": "amethyst",
  "name": "Townsend Frank",
  "gender": "male",
  "company": "COMTRAIL",
  "email": "townsendfrank@comtrail.com",
  "phone": "+1 (820) 595-2276",
  "address": "722 Windsor Place, Manila, New York, 757",
  "about": "Do deserunt irure culpa magna anim et consectetur duis sunt in. Labore labore aute officia qui exercitation dolore quis consectetur. Eu dolor incididunt labore nulla. Est laborum nulla adipisicing duis sunt magna tempor consectetur sunt. Cupidatat laborum in in ex eu sit et amet duis non excepteur magna id. Laboris qui exercitation nulla aute eu amet exercitation. Magna exercitation Lorem eiusmod nisi consequat.\r\n",
  "registered": "2015-05-27T07:51:44-07:00",
  "tags": [
    "nulla",
    "sit",
    "culpa",
    "incididunt",
    "culpa",
    "eiusmod",
    "adipisicing"
  ],
  "friends": [
    {
      "id": 0,
      "name": "Barbra Ramos"
    },
    {
      "id": 1,
      "name": "Mavis Parsons"
    },
    {
      "id": 2,
      "name": "Pittman Stein"
    }
  ],
  "greeting": "Hello, Townsend Frank! You have 7 unread messages.",
  "favoriteFruit": "strawberry",
  "location": {
    "latitude": 65.746927,
    "longitude": 64.68312
  },
  "docFormat": "json",
  "triples": [
    {
      "triple": {
        "subject": "/sample-data/data-2240.json",
        "predicate": "http://www.w3.org/2000/01/rdf-schema#label",
        "object": "Townsend Frank"
      }
    },
    {
      "triple": {
        "subject": "/sample-data/data-2240.json",
        "predicate": "http://www.w3.org/1999/02/22-rdf-syntax-ns#type",
        "object": "http://xmlns.com/foaf/0.1/Person"
      }
    },
    {
      "triple": {
        "subject": "/sample-data/data-2240.json",
        "predicate": "http://xmlns.com/foaf/0.1/knows",
        "object": "/sample-data/data-149.json"
      }
    },
    {
      "triple": {
        "subject": "/sample-data/data-2240.json",
        "predicate": "http://xmlns.com/foaf/0.1/knows",
        "object": "/sample-data/data-233.json"
      }
    },
    {
      "triple": {
        "subject": "/sample-data/data-2240.json",
        "predicate": "http://xmlns.com/foaf/0.1/knows",
        "object": "/sample-data/data-1309.json"
      }
    }
  ]
}