{
  "_id": "55ee5e44b8e69990c87ec38a",
  "index": 472,
  "guid": "f18381c5-df26-415e-afc3-32fdc9c56170",
  "isActive": false,
  "balance": "$76,527.09",
  "picture": "http://placehold.it/32x32",
  "age": 69,
  "eyeColor": "brown",
  "name": "Letitia Fleming",
  "gender": "female",
  "company": "FORTEAN",
  "email": "letitiafleming@fortean.com",
  "phone": "+1 (858) 545-3521",
  "address": "823 Langham Street, Tooleville, Kansas, 574",
  "about": "Elit est et amet sunt labore ex sint sunt dolore ullamco esse minim ipsum irure. Velit culpa ullamco proident ipsum proident laborum duis ut consequat exercitation ipsum sunt cillum aliqua. Non est do ipsum amet enim magna et irure velit sint culpa. Laborum anim laboris laboris exercitation. Tempor Lorem irure voluptate nostrud mollit eu aliqua adipisicing.\r\n",
  "registered": "2015-04-21T10:24:43-07:00",
  "tags": [
    "sit",
    "eu",
    "fugiat",
    "consectetur",
    "officia",
    "non",
    "minim"
  ],
  "friends": [
    {
      "id": 0,
      "name": "Kathy Sloan"
    },
    {
      "id": 1,
      "name": "Krystal Gilmore"
    },
    {
      "id": 2,
      "name": "Horton Mccoy"
    }
  ],
  "greeting": "Hello, Letitia Fleming! You have 9 unread messages.",
  "favoriteFruit": "strawberry",
  "location": {
    "latitude": 45.293016,
    "longitude": 134.933811
  },
  "docFormat": "json",
  "triples": [
    {
      "triple": {
        "subject": "/sample-data/data-472.json",
        "predicate": "http://www.w3.org/2000/01/rdf-schema#label",
        "object": "Letitia Fleming"
      }
    },
    {
      "triple": {
        "subject": "/sample-data/data-472.json",
        "predicate": "http://www.w3.org/1999/02/22-rdf-syntax-ns#type",
        "object": "http://xmlns.com/foaf/0.1/Person"
      }
    },
    {
      "triple": {
        "subject": "/sample-data/data-472.json",
        "predicate": "http://xmlns.com/foaf/0.1/knows",
        "object": "/sample-data/data-347.json"
      }
    },
    {
      "triple": {
        "subject": "/sample-data/data-472.json",
        "predicate": "http://xmlns.com/foaf/0.1/knows",
        "object": "/sample-data/data-1221.json"
      }
    },
    {
      "triple": {
        "subject": "/sample-data/data-472.json",
        "predicate": "http://xmlns.com/foaf/0.1/knows",
        "object": "/sample-data/data-1783.json"
      }
    }
  ]
}