{
  "_id": "55ee5e9860dc91a88c6b6dcc",
  "index": 2626,
  "guid": "3eb1ed42-9350-4e31-bdc2-ddd786975474",
  "isActive": true,
  "balance": "$25,771.27",
  "picture": "http://placehold.it/32x32",
  "age": 47,
  "eyeColor": "honey",
  "name": "Joan Carver",
  "gender": "female",
  "company": "SURETECH",
  "email": "joancarver@suretech.com",
  "phone": "+1 (899) 402-3641",
  "address": "943 Devoe Street, Harborton, Ohio, 3525",
  "about": "Sunt officia in magna eiusmod proident aliquip est nisi nisi. Ut enim aliquip sit minim exercitation nostrud ea nulla. Sint minim id incididunt do sit nisi. Lorem ullamco nulla mollit tempor ut occaecat eu tempor veniam aliquip tempor anim.\r\n",
  "registered": "2014-02-21T02:51:46-07:00",
  "tags": [
    "magna",
    "esse",
    "esse",
    "proident",
    "fugiat",
    "ex",
    "irure"
  ],
  "friends": [
    {
      "id": 0,
      "name": "Darcy Ratliff"
    },
    {
      "id": 1,
      "name": "Thelma Chang"
    },
    {
      "id": 2,
      "name": "Jensen Yates"
    }
  ],
  "greeting": "Hello, Joan Carver! You have 6 unread messages.",
  "favoriteFruit": "apple",
  "location": {
    "latitude": -3.764455,
    "longitude": 121.987889
  },
  "docFormat": "json",
  "triples": [
    {
      "triple": {
        "subject": "/sample-data/data-2626.json",
        "predicate": "http://www.w3.org/2000/01/rdf-schema#label",
        "object": "Joan Carver"
      }
    },
    {
      "triple": {
        "subject": "/sample-data/data-2626.json",
        "predicate": "http://www.w3.org/1999/02/22-rdf-syntax-ns#type",
        "object": "http://xmlns.com/foaf/0.1/Person"
      }
    },
    {
      "triple": {
        "subject": "/sample-data/data-2626.json",
        "predicate": "http://xmlns.com/foaf/0.1/knows",
        "object": "/sample-data/data-1730.json"
      }
    },
    {
      "triple": {
        "subject": "/sample-data/data-2626.json",
        "predicate": "http://xmlns.com/foaf/0.1/knows",
        "object": "/sample-data/data-1704.json"
      }
    },
    {
      "triple": {
        "subject": "/sample-data/data-2626.json",
        "predicate": "http://xmlns.com/foaf/0.1/knows",
        "object": "/sample-data/data-1571.json"
      }
    }
  ]
}