{
  "_id": "55ee5e4433d428d54460a1ac",
  "index": 845,
  "guid": "9dc07201-6524-42e3-bbb4-b1dd8692c325",
  "isActive": true,
  "balance": "$34,255.97",
  "picture": "http://placehold.it/32x32",
  "age": 52,
  "eyeColor": "brown",
  "name": "Maryellen Mills",
  "gender": "female",
  "company": "STOCKPOST",
  "email": "maryellenmills@stockpost.com",
  "phone": "+1 (896) 544-3815",
  "address": "767 Douglass Street, Garberville, Connecticut, 4934",
  "about": "Occaecat proident sint Lorem non nulla officia. Est dolore proident Lorem quis eiusmod in commodo sit proident. Cillum fugiat veniam cillum eu. Quis magna reprehenderit nisi deserunt culpa non laborum do adipisicing deserunt labore est ut. Ea officia est dolore ea ad duis ad id consequat proident.\r\n",
  "registered": "2015-03-28T09:51:08-07:00",
  "tags": [
    "adipisicing",
    "Lorem",
    "ex",
    "eiusmod",
    "qui",
    "anim",
    "culpa"
  ],
  "friends": [
    {
      "id": 0,
      "name": "Araceli Rich"
    },
    {
      "id": 1,
      "name": "Decker Whitley"
    },
    {
      "id": 2,
      "name": "Marylou Taylor"
    }
  ],
  "greeting": "Hello, Maryellen Mills! You have 3 unread messages.",
  "favoriteFruit": "apple",
  "location": {
    "latitude": 54.274127,
    "longitude": -2.334601
  },
  "docFormat": "json",
  "triples": [
    {
      "triple": {
        "subject": "/sample-data/data-845.json",
        "predicate": "http://www.w3.org/2000/01/rdf-schema#label",
        "object": "Maryellen Mills"
      }
    },
    {
      "triple": {
        "subject": "/sample-data/data-845.json",
        "predicate": "http://www.w3.org/1999/02/22-rdf-syntax-ns#type",
        "object": "http://xmlns.com/foaf/0.1/Person"
      }
    },
    {
      "triple": {
        "subject": "/sample-data/data-845.json",
        "predicate": "http://xmlns.com/foaf/0.1/knows",
        "object": "/sample-data/data-1545.json"
      }
    },
    {
      "triple": {
        "subject": "/sample-data/data-845.json",
        "predicate": "http://xmlns.com/foaf/0.1/knows",
        "object": "/sample-data/data-1463.json"
      }
    },
    {
      "triple": {
        "subject": "/sample-data/data-845.json",
        "predicate": "http://xmlns.com/foaf/0.1/knows",
        "object": "/sample-data/data-69.json"
      }
    }
  ]
}