{
  "_id": "55ee5e98613c450b4afb4ec6",
  "index": 2364,
  "guid": "e4dae005-f044-4908-a0b1-7111a2991296",
  "isActive": true,
  "balance": "$98,762.29",
  "picture": "http://placehold.it/32x32",
  "age": 51,
  "eyeColor": "green",
  "name": "Alexis Parrish",
  "gender": "female",
  "company": "TUBESYS",
  "email": "alexisparrish@tubesys.com",
  "phone": "+1 (938) 540-2315",
  "address": "607 Mersereau Court, Breinigsville, Minnesota, 9544",
  "about": "Lorem proident Lorem nostrud tempor aliqua mollit. Fugiat nisi commodo excepteur nisi. Sunt ut commodo veniam amet fugiat. Culpa enim excepteur excepteur veniam.\r\n",
  "registered": "2014-05-09T11:11:17-07:00",
  "tags": [
    "est",
    "dolore",
    "fugiat",
    "in",
    "adipisicing",
    "consequat",
    "laborum"
  ],
  "friends": [
    {
      "id": 0,
      "name": "Joyce Jensen"
    },
    {
      "id": 1,
      "name": "Foster Kerr"
    },
    {
      "id": 2,
      "name": "Shelly Manning"
    }
  ],
  "greeting": "Hello, Alexis Parrish! You have 6 unread messages.",
  "favoriteFruit": "strawberry",
  "location": {
    "latitude": 14.666353,
    "longitude": 144.563611
  },
  "docFormat": "json",
  "triples": [
    {
      "triple": {
        "subject": "/sample-data/data-2364.json",
        "predicate": "http://www.w3.org/2000/01/rdf-schema#label",
        "object": "Alexis Parrish"
      }
    },
    {
      "triple": {
        "subject": "/sample-data/data-2364.json",
        "predicate": "http://www.w3.org/1999/02/22-rdf-syntax-ns#type",
        "object": "http://xmlns.com/foaf/0.1/Person"
      }
    },
    {
      "triple": {
        "subject": "/sample-data/data-2364.json",
        "predicate": "http://xmlns.com/foaf/0.1/knows",
        "object": "/sample-data/data-2759.json"
      }
    },
    {
      "triple": {
        "subject": "/sample-data/data-2364.json",
        "predicate": "http://xmlns.com/foaf/0.1/knows",
        "object": "/sample-data/data-2889.json"
      }
    },
    {
      "triple": {
        "subject": "/sample-data/data-2364.json",
        "predicate": "http://xmlns.com/foaf/0.1/knows",
        "object": "/sample-data/data-2537.json"
      }
    }
  ]
}