{
  "_id": "55ee5e449fa2d9ae37fc0ed6",
  "index": 1495,
  "guid": "9bfe764e-c93f-4116-935f-ec988ffe5846",
  "isActive": true,
  "balance": "$14,463.23",
  "picture": "http://placehold.it/32x32",
  "age": 21,
  "eyeColor": "green",
  "name": "Marilyn Brennan",
  "gender": "female",
  "company": "PYRAMI",
  "email": "marilynbrennan@pyrami.com",
  "phone": "+1 (928) 525-3738",
  "address": "280 Willoughby Street, Saticoy, North Carolina, 7416",
  "about": "Duis officia dolor labore eiusmod consequat consequat tempor excepteur incididunt. Irure elit nulla commodo non cupidatat dolore. Eiusmod commodo enim in culpa aute mollit laborum nulla veniam sint velit aute elit. Est id officia ea velit consequat. Laborum mollit dolor sint laboris proident elit adipisicing anim aute duis excepteur velit incididunt mollit.\r\n",
  "registered": "2015-07-25T12:50:42-07:00",
  "tags": [
    "cupidatat",
    "nostrud",
    "voluptate",
    "nostrud",
    "in",
    "labore",
    "nostrud"
  ],
  "friends": [
    {
      "id": 0,
      "name": "Jamie George"
    },
    {
      "id": 1,
      "name": "Simmons Mcmillan"
    },
    {
      "id": 2,
      "name": "Lilian Key"
    }
  ],
  "greeting": "Hello, Marilyn Brennan! You have 10 unread messages.",
  "favoriteFruit": "orange",
  "location": {
    "latitude": -85.060725,
    "longitude": 148.877254
  },
  "docFormat": "json",
  "triples": [
    {
      "triple": {
        "subject": "/sample-data/data-1495.json",
        "predicate": "http://www.w3.org/2000/01/rdf-schema#label",
        "object": "Marilyn Brennan"
      }
    },
    {
      "triple": {
        "subject": "/sample-data/data-1495.json",
        "predicate": "http://www.w3.org/1999/02/22-rdf-syntax-ns#type",
        "object": "http://xmlns.com/foaf/0.1/Person"
      }
    },
    {
      "triple": {
        "subject": "/sample-data/data-1495.json",
        "predicate": "http://xmlns.com/foaf/0.1/knows",
        "object": "/sample-data/data-2630.json"
      }
    },
    {
      "triple": {
        "subject": "/sample-data/data-1495.json",
        "predicate": "http://xmlns.com/foaf/0.1/knows",
        "object": "/sample-data/data-677.json"
      }
    },
    {
      "triple": {
        "subject": "/sample-data/data-1495.json",
        "predicate": "http://xmlns.com/foaf/0.1/knows",
        "object": "/sample-data/data-158.json"
      }
    }
  ]
}