{
  "_id": "55ee5e453d09fae836085c71",
  "index": 1898,
  "guid": "df6a4560-8a14-46bf-a70c-6df0f9b5f182",
  "isActive": false,
  "balance": "$5,476.98",
  "picture": "http://placehold.it/32x32",
  "age": 30,
  "eyeColor": "green",
  "name": "Bradley Chaney",
  "gender": "male",
  "company": "GYNKO",
  "email": "bradleychaney@gynko.com",
  "phone": "+1 (984) 536-2362",
  "address": "361 Mermaid Avenue, Snowville, Massachusetts, 9049",
  "about": "Tempor mollit ex enim tempor minim proident in adipisicing. Excepteur mollit do est occaecat elit labore officia occaecat incididunt anim sint elit fugiat fugiat. Ad qui irure sit exercitation sit proident id voluptate elit. Minim exercitation est id consequat deserunt. Irure culpa irure minim occaecat sint eu ut officia cillum. Aliqua velit sunt incididunt Lorem velit officia id in veniam officia Lorem. Culpa enim anim proident exercitation consequat occaecat ea nostrud nostrud anim.\r\n",
  "registered": "2015-01-08T09:10:18-07:00",
  "tags": [
    "sit",
    "aute",
    "et",
    "officia",
    "irure",
    "nisi",
    "voluptate"
  ],
  "friends": [
    {
      "id": 0,
      "name": "Meyer Gill"
    },
    {
      "id": 1,
      "name": "Vinson Kinney"
    },
    {
      "id": 2,
      "name": "Rae Church"
    }
  ],
  "greeting": "Hello, Bradley Chaney! You have 6 unread messages.",
  "favoriteFruit": "orange",
  "location": {
    "latitude": 0.603515,
    "longitude": -29.851344
  },
  "docFormat": "json",
  "triples": [
    {
      "triple": {
        "subject": "/sample-data/data-1898.json",
        "predicate": "http://www.w3.org/2000/01/rdf-schema#label",
        "object": "Bradley Chaney"
      }
    },
    {
      "triple": {
        "subject": "/sample-data/data-1898.json",
        "predicate": "http://www.w3.org/1999/02/22-rdf-syntax-ns#type",
        "object": "http://xmlns.com/foaf/0.1/Person"
      }
    },
    {
      "triple": {
        "subject": "/sample-data/data-1898.json",
        "predicate": "http://xmlns.com/foaf/0.1/knows",
        "object": "/sample-data/data-2502.json"
      }
    },
    {
      "triple": {
        "subject": "/sample-data/data-1898.json",
        "predicate": "http://xmlns.com/foaf/0.1/knows",
        "object": "/sample-data/data-360.json"
      }
    },
    {
      "triple": {
        "subject": "/sample-data/data-1898.json",
        "predicate": "http://xmlns.com/foaf/0.1/knows",
        "object": "/sample-data/data-1758.json"
      }
    }
  ]
}