{
  "_id": "55ee5e44c6261b929598d55b",
  "index": 310,
  "guid": "d6ede690-8da3-4eeb-b5c0-a13d98f3b91c",
  "isActive": false,
  "balance": "$84,645.02",
  "picture": "http://placehold.it/32x32",
  "age": 46,
  "eyeColor": "blue",
  "name": "Mcfarland Jefferson",
  "gender": "male",
  "company": "QUARX",
  "email": "mcfarlandjefferson@quarx.com",
  "phone": "+1 (920) 421-3485",
  "address": "884 Batchelder Street, Fulford, Oklahoma, 9034",
  "about": "Duis cupidatat aute irure velit proident ad et Lorem est anim exercitation magna minim ad. Eiusmod anim laborum dolor ut magna id aute ullamco velit aliqua proident veniam anim. Deserunt laborum incididunt labore Lorem dolore nostrud duis. Ad nostrud sunt laborum adipisicing cupidatat. Lorem quis enim cupidatat aliqua eu est proident ad ex fugiat et adipisicing est quis. Sunt laboris minim laboris veniam fugiat proident adipisicing aute. Eu ex labore voluptate aute reprehenderit est proident.\r\n",
  "registered": "2014-01-08T01:36:37-07:00",
  "tags": [
    "do",
    "aliquip",
    "in",
    "id",
    "quis",
    "irure",
    "mollit"
  ],
  "friends": [
    {
      "id": 0,
      "name": "Raymond Preston"
    },
    {
      "id": 1,
      "name": "Katina Stephens"
    },
    {
      "id": 2,
      "name": "Darlene Maldonado"
    }
  ],
  "greeting": "Hello, Mcfarland Jefferson! You have 10 unread messages.",
  "favoriteFruit": "orange",
  "location": {
    "latitude": 33.933031,
    "longitude": 102.973333
  },
  "docFormat": "json",
  "triples": [
    {
      "triple": {
        "subject": "/sample-data/data-310.json",
        "predicate": "http://www.w3.org/2000/01/rdf-schema#label",
        "object": "Mcfarland Jefferson"
      }
    },
    {
      "triple": {
        "subject": "/sample-data/data-310.json",
        "predicate": "http://www.w3.org/1999/02/22-rdf-syntax-ns#type",
        "object": "http://xmlns.com/foaf/0.1/Person"
      }
    },
    {
      "triple": {
        "subject": "/sample-data/data-310.json",
        "predicate": "http://xmlns.com/foaf/0.1/knows",
        "object": "/sample-data/data-1464.json"
      }
    },
    {
      "triple": {
        "subject": "/sample-data/data-310.json",
        "predicate": "http://xmlns.com/foaf/0.1/knows",
        "object": "/sample-data/data-613.json"
      }
    },
    {
      "triple": {
        "subject": "/sample-data/data-310.json",
        "predicate": "http://xmlns.com/foaf/0.1/knows",
        "object": "/sample-data/data-2283.json"
      }
    }
  ]
}