{
  "_id": "55ee5e449ecad0d21fab1ccf",
  "index": 921,
  "guid": "e876fb01-0c6f-499e-a8f7-142d79a4b996",
  "isActive": true,
  "balance": "$4,516.42",
  "picture": "http://placehold.it/32x32",
  "age": 39,
  "eyeColor": "blue",
  "name": "Rivera Warner",
  "gender": "male",
  "company": "GENMEX",
  "email": "riverawarner@genmex.com",
  "phone": "+1 (959) 586-3212",
  "address": "851 Strong Place, Ola, Palau, 4652",
  "about": "Sit mollit exercitation id proident proident excepteur proident fugiat exercitation cupidatat id fugiat culpa. Culpa aliqua est proident eu enim labore cupidatat ea nulla exercitation voluptate ea dolore. Esse fugiat culpa amet eiusmod ullamco cupidatat esse sunt reprehenderit pariatur ex aliquip culpa eu.\r\n",
  "registered": "2014-12-19T02:35:53-07:00",
  "tags": [
    "aliqua",
    "irure",
    "mollit",
    "culpa",
    "proident",
    "ipsum",
    "non"
  ],
  "friends": [
    {
      "id": 0,
      "name": "Francis Dale"
    },
    {
      "id": 1,
      "name": "Glover Moody"
    },
    {
      "id": 2,
      "name": "Bettie Bird"
    }
  ],
  "greeting": "Hello, Rivera Warner! You have 10 unread messages.",
  "favoriteFruit": "orange",
  "location": {
    "latitude": -83.372713,
    "longitude": 85.362347
  },
  "docFormat": "json",
  "triples": [
    {
      "triple": {
        "subject": "/sample-data/data-921.json",
        "predicate": "http://www.w3.org/2000/01/rdf-schema#label",
        "object": "Rivera Warner"
      }
    },
    {
      "triple": {
        "subject": "/sample-data/data-921.json",
        "predicate": "http://www.w3.org/1999/02/22-rdf-syntax-ns#type",
        "object": "http://xmlns.com/foaf/0.1/Person"
      }
    },
    {
      "triple": {
        "subject": "/sample-data/data-921.json",
        "predicate": "http://xmlns.com/foaf/0.1/knows",
        "object": "/sample-data/data-2413.json"
      }
    },
    {
      "triple": {
        "subject": "/sample-data/data-921.json",
        "predicate": "http://xmlns.com/foaf/0.1/knows",
        "object": "/sample-data/data-105.json"
      }
    },
    {
      "triple": {
        "subject": "/sample-data/data-921.json",
        "predicate": "http://xmlns.com/foaf/0.1/knows",
        "object": "/sample-data/data-1772.json"
      }
    }
  ]
}