{
  "_id": "55ee5e442ac60217c0b297bc",
  "index": 541,
  "guid": "c79b10f4-f0fd-4c20-8446-f4eb317389a9",
  "isActive": false,
  "balance": "$78,742.88",
  "picture": "http://placehold.it/32x32",
  "age": 53,
  "eyeColor": "blue",
  "name": "Kelly Wright",
  "gender": "female",
  "company": "TOYLETRY",
  "email": "kellywright@toyletry.com",
  "phone": "+1 (928) 498-2589",
  "address": "704 Blake Court, Oneida, Marshall Islands, 6155",
  "about": "Ex commodo enim aliqua aute tempor duis excepteur cillum nulla reprehenderit. Reprehenderit eu ut reprehenderit id dolore veniam cupidatat velit dolore quis laborum in ipsum mollit. Elit aliqua duis duis labore incididunt. Velit et duis consequat id.\r\n",
  "registered": "2014-09-25T07:00:30-07:00",
  "tags": [
    "ipsum",
    "officia",
    "dolore",
    "cupidatat",
    "cupidatat",
    "qui",
    "incididunt"
  ],
  "friends": [
    {
      "id": 0,
      "name": "Nash Manning"
    },
    {
      "id": 1,
      "name": "Hendricks Giles"
    },
    {
      "id": 2,
      "name": "Jeannine Albert"
    }
  ],
  "greeting": "Hello, Kelly Wright! You have 8 unread messages.",
  "favoriteFruit": "banana",
  "location": {
    "latitude": -52.037648,
    "longitude": -0.986384
  },
  "docFormat": "json",
  "triples": [
    {
      "triple": {
        "subject": "/sample-data/data-541.json",
        "predicate": "http://www.w3.org/2000/01/rdf-schema#label",
        "object": "Kelly Wright"
      }
    },
    {
      "triple": {
        "subject": "/sample-data/data-541.json",
        "predicate": "http://www.w3.org/1999/02/22-rdf-syntax-ns#type",
        "object": "http://xmlns.com/foaf/0.1/Person"
      }
    },
    {
      "triple": {
        "subject": "/sample-data/data-541.json",
        "predicate": "http://xmlns.com/foaf/0.1/knows",
        "object": "/sample-data/data-129.json"
      }
    },
    {
      "triple": {
        "subject": "/sample-data/data-541.json",
        "predicate": "http://xmlns.com/foaf/0.1/knows",
        "object": "/sample-data/data-2435.json"
      }
    },
    {
      "triple": {
        "subject": "/sample-data/data-541.json",
        "predicate": "http://xmlns.com/foaf/0.1/knows",
        "object": "/sample-data/data-629.json"
      }
    }
  ]
}