{
  "_id": "55ee5e457a04ec4ae3884299",
  "index": 1790,
  "guid": "0b006399-9edd-433e-9aa1-97d1eb4ae951",
  "isActive": false,
  "balance": "$25,839.93",
  "picture": "http://placehold.it/32x32",
  "age": 61,
  "eyeColor": "green",
  "name": "Nikki Manning",
  "gender": "female",
  "company": "VIAGREAT",
  "email": "nikkimanning@viagreat.com",
  "phone": "+1 (904) 527-2453",
  "address": "863 Metrotech Courtr, Zeba, Tennessee, 8088",
  "about": "Quis sit do velit sunt ipsum qui pariatur eiusmod velit dolor ipsum. Nulla commodo aliqua irure elit est fugiat enim. Enim non incididunt do voluptate in consequat deserunt.\r\n",
  "registered": "2014-03-01T02:38:17-07:00",
  "tags": [
    "ipsum",
    "eiusmod",
    "dolore",
    "culpa",
    "deserunt",
    "nulla",
    "irure"
  ],
  "friends": [
    {
      "id": 0,
      "name": "Barnes Giles"
    },
    {
      "id": 1,
      "name": "Lucile Albert"
    },
    {
      "id": 2,
      "name": "Woodward Lancaster"
    }
  ],
  "greeting": "Hello, Nikki Manning! You have 10 unread messages.",
  "favoriteFruit": "strawberry",
  "location": {
    "latitude": -50.411046,
    "longitude": -81.688915
  },
  "docFormat": "json",
  "triples": [
    {
      "triple": {
        "subject": "/sample-data/data-1790.json",
        "predicate": "http://www.w3.org/2000/01/rdf-schema#label",
        "object": "Nikki Manning"
      }
    },
    {
      "triple": {
        "subject": "/sample-data/data-1790.json",
        "predicate": "http://www.w3.org/1999/02/22-rdf-syntax-ns#type",
        "object": "http://xmlns.com/foaf/0.1/Person"
      }
    },
    {
      "triple": {
        "subject": "/sample-data/data-1790.json",
        "predicate": "http://xmlns.com/foaf/0.1/knows",
        "object": "/sample-data/data-1347.json"
      }
    },
    {
      "triple": {
        "subject": "/sample-data/data-1790.json",
        "predicate": "http://xmlns.com/foaf/0.1/knows",
        "object": "/sample-data/data-384.json"
      }
    },
    {
      "triple": {
        "subject": "/sample-data/data-1790.json",
        "predicate": "http://xmlns.com/foaf/0.1/knows",
        "object": "/sample-data/data-2058.json"
      }
    }
  ]
}