{
  "_id": "55ee5e44d5471a7f9577438a",
  "index": 171,
  "guid": "a4327afa-d5ef-496e-a6cc-520d223d30ee",
  "isActive": true,
  "balance": "$18,752.81",
  "picture": "http://placehold.it/32x32",
  "age": 35,
  "eyeColor": "blue",
  "name": "Lawanda Alvarado",
  "gender": "female",
  "company": "BRAINQUIL",
  "email": "lawandaalvarado@brainquil.com",
  "phone": "+1 (801) 418-3482",
  "address": "690 Provost Street, Carrizo, Texas, 9422",
  "about": "Laborum laboris occaecat est nisi adipisicing amet. Quis ex sunt officia pariatur cupidatat duis deserunt enim non enim. Anim excepteur irure sit commodo. In quis qui cillum nostrud ea aute anim veniam ea. Duis incididunt est in do deserunt dolore ipsum ea nulla ut. Anim qui quis non aliqua minim quis id pariatur.\r\n",
  "registered": "2014-03-03T05:43:55-07:00",
  "tags": [
    "incididunt",
    "velit",
    "occaecat",
    "in",
    "dolore",
    "nulla",
    "eiusmod"
  ],
  "friends": [
    {
      "id": 0,
      "name": "Katy Compton"
    },
    {
      "id": 1,
      "name": "Janice Wilkinson"
    },
    {
      "id": 2,
      "name": "Burks Warner"
    }
  ],
  "greeting": "Hello, Lawanda Alvarado! You have 8 unread messages.",
  "favoriteFruit": "banana",
  "location": {
    "latitude": 59.268849,
    "longitude": 91.814644
  },
  "docFormat": "json",
  "triples": [
    {
      "triple": {
        "subject": "/sample-data/data-171.json",
        "predicate": "http://www.w3.org/2000/01/rdf-schema#label",
        "object": "Lawanda Alvarado"
      }
    },
    {
      "triple": {
        "subject": "/sample-data/data-171.json",
        "predicate": "http://www.w3.org/1999/02/22-rdf-syntax-ns#type",
        "object": "http://xmlns.com/foaf/0.1/Person"
      }
    },
    {
      "triple": {
        "subject": "/sample-data/data-171.json",
        "predicate": "http://xmlns.com/foaf/0.1/knows",
        "object": "/sample-data/data-2556.json"
      }
    },
    {
      "triple": {
        "subject": "/sample-data/data-171.json",
        "predicate": "http://xmlns.com/foaf/0.1/knows",
        "object": "/sample-data/data-1701.json"
      }
    },
    {
      "triple": {
        "subject": "/sample-data/data-171.json",
        "predicate": "http://xmlns.com/foaf/0.1/knows",
        "object": "/sample-data/data-2432.json"
      }
    }
  ]
}