{
  "_id": "55ee5e44d9c454271d019ca9",
  "index": 828,
  "guid": "89c54569-f4cd-4d59-8e47-c5740537bf4e",
  "isActive": false,
  "balance": "$38,211.03",
  "picture": "http://placehold.it/32x32",
  "age": 54,
  "eyeColor": "brown",
  "name": "Santos Crawford",
  "gender": "male",
  "company": "ZILLACON",
  "email": "santoscrawford@zillacon.com",
  "phone": "+1 (955) 457-3992",
  "address": "883 Classon Avenue, Foscoe, Arkansas, 773",
  "about": "Culpa ullamco minim officia esse magna esse laborum esse consectetur eu eiusmod ut. Consequat nisi reprehenderit non ipsum duis adipisicing aliqua fugiat do mollit eu. Labore adipisicing deserunt do excepteur. Aliquip ea aute tempor ipsum dolor anim excepteur nulla proident dolor sit ipsum. Ipsum mollit ipsum anim qui cillum id incididunt ad et eiusmod quis sunt. Nisi anim nisi dolore eu voluptate dolor ea ad quis voluptate Lorem cillum do. Esse qui sint sint adipisicing cillum.\r\n",
  "registered": "2014-08-08T04:23:56-07:00",
  "tags": [
    "aliquip",
    "occaecat",
    "ex",
    "cupidatat",
    "Lorem",
    "fugiat",
    "non"
  ],
  "friends": [
    {
      "id": 0,
      "name": "Morales Gallegos"
    },
    {
      "id": 1,
      "name": "Amy Stark"
    },
    {
      "id": 2,
      "name": "Miriam Dennis"
    }
  ],
  "greeting": "Hello, Santos Crawford! You have 8 unread messages.",
  "favoriteFruit": "strawberry",
  "location": {
    "latitude": 8.320699,
    "longitude": -27.19145
  },
  "docFormat": "json",
  "triples": [
    {
      "triple": {
        "subject": "/sample-data/data-828.json",
        "predicate": "http://www.w3.org/2000/01/rdf-schema#label",
        "object": "Santos Crawford"
      }
    },
    {
      "triple": {
        "subject": "/sample-data/data-828.json",
        "predicate": "http://www.w3.org/1999/02/22-rdf-syntax-ns#type",
        "object": "http://xmlns.com/foaf/0.1/Person"
      }
    },
    {
      "triple": {
        "subject": "/sample-data/data-828.json",
        "predicate": "http://xmlns.com/foaf/0.1/knows",
        "object": "/sample-data/data-2680.json"
      }
    },
    {
      "triple": {
        "subject": "/sample-data/data-828.json",
        "predicate": "http://xmlns.com/foaf/0.1/knows",
        "object": "/sample-data/data-2627.json"
      }
    },
    {
      "triple": {
        "subject": "/sample-data/data-828.json",
        "predicate": "http://xmlns.com/foaf/0.1/knows",
        "object": "/sample-data/data-1860.json"
      }
    }
  ]
}