{
  "_id": "55ee5e98bee0029cba24e4e1",
  "index": 2148,
  "guid": "9cc9c96a-3096-4841-a2d8-d27175f8c676",
  "isActive": false,
  "balance": "$99,163.13",
  "picture": "http://placehold.it/32x32",
  "age": 56,
  "eyeColor": "green",
  "name": "Kris Cash",
  "gender": "female",
  "company": "ORBALIX",
  "email": "kriscash@orbalix.com",
  "phone": "+1 (910) 477-2281",
  "address": "731 Bergen Court, Bedias, Kentucky, 8248",
  "about": "Minim irure aliqua officia eu sunt laboris duis in enim qui aliquip ullamco et exercitation. Id consequat eiusmod qui cupidatat sit eu id id minim sint. Do in et tempor incididunt aliqua duis Lorem veniam nisi irure laboris elit duis. Fugiat adipisicing anim elit minim labore consequat laboris dolore fugiat. Culpa incididunt nisi incididunt adipisicing tempor aute quis reprehenderit aliqua officia labore laborum.\r\n",
  "registered": "2015-04-20T09:29:06-07:00",
  "tags": [
    "velit",
    "do",
    "sit",
    "enim",
    "ad",
    "nisi",
    "id"
  ],
  "friends": [
    {
      "id": 0,
      "name": "Guthrie Bradley"
    },
    {
      "id": 1,
      "name": "Ophelia Rodgers"
    },
    {
      "id": 2,
      "name": "Rojas Talley"
    }
  ],
  "greeting": "Hello, Kris Cash! You have 6 unread messages.",
  "favoriteFruit": "pear",
  "location": {
    "latitude": -22.351833,
    "longitude": -164.448154
  },
  "docFormat": "json",
  "triples": [
    {
      "triple": {
        "subject": "/sample-data/data-2148.json",
        "predicate": "http://www.w3.org/2000/01/rdf-schema#label",
        "object": "Kris Cash"
      }
    },
    {
      "triple": {
        "subject": "/sample-data/data-2148.json",
        "predicate": "http://www.w3.org/1999/02/22-rdf-syntax-ns#type",
        "object": "http://xmlns.com/foaf/0.1/Person"
      }
    },
    {
      "triple": {
        "subject": "/sample-data/data-2148.json",
        "predicate": "http://xmlns.com/foaf/0.1/knows",
        "object": "/sample-data/data-7.json"
      }
    },
    {
      "triple": {
        "subject": "/sample-data/data-2148.json",
        "predicate": "http://xmlns.com/foaf/0.1/knows",
        "object": "/sample-data/data-212.json"
      }
    },
    {
      "triple": {
        "subject": "/sample-data/data-2148.json",
        "predicate": "http://xmlns.com/foaf/0.1/knows",
        "object": "/sample-data/data-1779.json"
      }
    }
  ]
}