{
  "_id": "55ee5e44a99ebbb5b0ed2ae5",
  "index": 89,
  "guid": "742ca648-b837-4c1e-88da-77ee690239ce",
  "isActive": true,
  "balance": "$6,630.22",
  "picture": "http://placehold.it/32x32",
  "age": 49,
  "eyeColor": "brown",
  "name": "Knapp Logan",
  "gender": "male",
  "company": "INSURON",
  "email": "knapplogan@insuron.com",
  "phone": "+1 (909) 412-2774",
  "address": "737 Kensington Walk, Hiko, Indiana, 5231",
  "about": "In eu nulla deserunt est labore qui minim velit veniam consequat duis mollit reprehenderit. Reprehenderit ea culpa proident fugiat proident culpa officia. Cillum ea cillum occaecat excepteur. Aute amet fugiat dolore sit. Dolor voluptate nisi ex voluptate commodo laborum ea amet aliquip.\r\n",
  "registered": "2015-04-08T04:59:05-07:00",
  "tags": [
    "enim",
    "commodo",
    "tempor",
    "velit",
    "eiusmod",
    "adipisicing",
    "quis"
  ],
  "friends": [
    {
      "id": 0,
      "name": "Colette Ayers"
    },
    {
      "id": 1,
      "name": "Fitzpatrick Barnett"
    },
    {
      "id": 2,
      "name": "Angelina Poole"
    }
  ],
  "greeting": "Hello, Knapp Logan! You have 3 unread messages.",
  "favoriteFruit": "strawberry",
  "location": {
    "latitude": -18.496143,
    "longitude": -71.794922
  },
  "docFormat": "json",
  "triples": [
    {
      "triple": {
        "subject": "/sample-data/data-89.json",
        "predicate": "http://www.w3.org/2000/01/rdf-schema#label",
        "object": "Knapp Logan"
      }
    },
    {
      "triple": {
        "subject": "/sample-data/data-89.json",
        "predicate": "http://www.w3.org/1999/02/22-rdf-syntax-ns#type",
        "object": "http://xmlns.com/foaf/0.1/Person"
      }
    },
    {
      "triple": {
        "subject": "/sample-data/data-89.json",
        "predicate": "http://xmlns.com/foaf/0.1/knows",
        "object": "/sample-data/data-1904.json"
      }
    },
    {
      "triple": {
        "subject": "/sample-data/data-89.json",
        "predicate": "http://xmlns.com/foaf/0.1/knows",
        "object": "/sample-data/data-615.json"
      }
    },
    {
      "triple": {
        "subject": "/sample-data/data-89.json",
        "predicate": "http://xmlns.com/foaf/0.1/knows",
        "object": "/sample-data/data-2854.json"
      }
    }
  ]
}