{
  "_id": "55ee5e442bb03de7733be706",
  "index": 936,
  "guid": "ed0b5283-16ab-4c5e-af7a-e478297f1146",
  "isActive": true,
  "balance": "$55,655.13",
  "picture": "http://placehold.it/32x32",
  "age": 67,
  "eyeColor": "blue",
  "name": "Bryan Todd",
  "gender": "male",
  "company": "ACCUSAGE",
  "email": "bryantodd@accusage.com",
  "phone": "+1 (822) 554-3708",
  "address": "978 Hull Street, Brethren, Kansas, 9801",
  "about": "Fugiat aute commodo reprehenderit ut esse velit ad ipsum tempor aute est aute deserunt. Est sunt eu excepteur deserunt adipisicing reprehenderit ullamco et sint elit laborum mollit qui duis. Exercitation ut Lorem Lorem voluptate reprehenderit mollit elit mollit in amet do. Sunt culpa minim ad pariatur nostrud et culpa incididunt et quis ipsum pariatur aliqua mollit.\r\n",
  "registered": "2014-06-19T06:15:46-07:00",
  "tags": [
    "et",
    "est",
    "voluptate",
    "eu",
    "ad",
    "ex",
    "aliquip"
  ],
  "friends": [
    {
      "id": 0,
      "name": "Dixie Quinn"
    },
    {
      "id": 1,
      "name": "Frank Chandler"
    },
    {
      "id": 2,
      "name": "Garner Gilbert"
    }
  ],
  "greeting": "Hello, Bryan Todd! You have 4 unread messages.",
  "favoriteFruit": "apple",
  "location": {
    "latitude": -57.178975,
    "longitude": -22.834856
  },
  "docFormat": "json",
  "triples": [
    {
      "triple": {
        "subject": "/sample-data/data-936.json",
        "predicate": "http://www.w3.org/2000/01/rdf-schema#label",
        "object": "Bryan Todd"
      }
    },
    {
      "triple": {
        "subject": "/sample-data/data-936.json",
        "predicate": "http://www.w3.org/1999/02/22-rdf-syntax-ns#type",
        "object": "http://xmlns.com/foaf/0.1/Person"
      }
    },
    {
      "triple": {
        "subject": "/sample-data/data-936.json",
        "predicate": "http://xmlns.com/foaf/0.1/knows",
        "object": "/sample-data/data-2952.json"
      }
    },
    {
      "triple": {
        "subject": "/sample-data/data-936.json",
        "predicate": "http://xmlns.com/foaf/0.1/knows",
        "object": "/sample-data/data-194.json"
      }
    },
    {
      "triple": {
        "subject": "/sample-data/data-936.json",
        "predicate": "http://xmlns.com/foaf/0.1/knows",
        "object": "/sample-data/data-1474.json"
      }
    }
  ]
}