{
  "_id": "55ee5e45300232911deac590",
  "index": 1532,
  "guid": "7100908d-bfe1-4bb2-932d-e204b08ee7a0",
  "isActive": false,
  "balance": "$65,042.34",
  "picture": "http://placehold.it/32x32",
  "age": 34,
  "eyeColor": "blue",
  "name": "Valarie Terry",
  "gender": "female",
  "company": "FLUM",
  "email": "valarieterry@flum.com",
  "phone": "+1 (979) 454-3181",
  "address": "427 Gaylord Drive, Grenelefe, Virginia, 6341",
  "about": "Esse anim magna fugiat veniam ipsum quis id cupidatat duis tempor adipisicing ad. Pariatur tempor nulla esse labore eu qui ullamco fugiat ipsum consequat. Fugiat et quis pariatur ut dolor dolore anim et. Magna consequat et irure veniam.\r\n",
  "registered": "2015-07-11T02:27:49-07:00",
  "tags": [
    "ex",
    "duis",
    "Lorem",
    "aute",
    "ullamco",
    "quis",
    "ipsum"
  ],
  "friends": [
    {
      "id": 0,
      "name": "Marisa Bass"
    },
    {
      "id": 1,
      "name": "Richards Harrington"
    },
    {
      "id": 2,
      "name": "Morgan Hardin"
    }
  ],
  "greeting": "Hello, Valarie Terry! You have 9 unread messages.",
  "favoriteFruit": "strawberry",
  "location": {
    "latitude": -43.38331,
    "longitude": 6.039171
  },
  "docFormat": "json",
  "triples": [
    {
      "triple": {
        "subject": "/sample-data/data-1532.json",
        "predicate": "http://www.w3.org/2000/01/rdf-schema#label",
        "object": "Valarie Terry"
      }
    },
    {
      "triple": {
        "subject": "/sample-data/data-1532.json",
        "predicate": "http://www.w3.org/1999/02/22-rdf-syntax-ns#type",
        "object": "http://xmlns.com/foaf/0.1/Person"
      }
    },
    {
      "triple": {
        "subject": "/sample-data/data-1532.json",
        "predicate": "http://xmlns.com/foaf/0.1/knows",
        "object": "/sample-data/data-1192.json"
      }
    },
    {
      "triple": {
        "subject": "/sample-data/data-1532.json",
        "predicate": "http://xmlns.com/foaf/0.1/knows",
        "object": "/sample-data/data-1062.json"
      }
    },
    {
      "triple": {
        "subject": "/sample-data/data-1532.json",
        "predicate": "http://xmlns.com/foaf/0.1/knows",
        "object": "/sample-data/data-2367.json"
      }
    }
  ]
}