{
  "_id": "55ee5e4480b423dc0cd9f5af",
  "index": 1207,
  "guid": "22b353a1-81cd-49ed-8916-c96b94184b28",
  "isActive": false,
  "balance": "$31,554.87",
  "picture": "http://placehold.it/32x32",
  "age": 48,
  "eyeColor": "blue",
  "name": "Lorrie Duke",
  "gender": "female",
  "company": "ZYTREX",
  "email": "lorrieduke@zytrex.com",
  "phone": "+1 (976) 488-2207",
  "address": "895 Cass Place, Wawona, Michigan, 7739",
  "about": "Aliquip et proident ex aute id enim amet ipsum. Aliqua amet anim exercitation esse commodo pariatur Lorem non laboris ut nulla elit. Culpa exercitation officia tempor qui aute veniam magna consectetur consequat. Anim laborum ipsum ullamco labore nisi est esse. Dolore et veniam excepteur tempor anim.\r\n",
  "registered": "2015-07-11T08:17:53-07:00",
  "tags": [
    "reprehenderit",
    "velit",
    "sunt",
    "non",
    "aliquip",
    "eu",
    "labore"
  ],
  "friends": [
    {
      "id": 0,
      "name": "Thelma Lara"
    },
    {
      "id": 1,
      "name": "Helena Caldwell"
    },
    {
      "id": 2,
      "name": "Roth Wynn"
    }
  ],
  "greeting": "Hello, Lorrie Duke! You have 2 unread messages.",
  "favoriteFruit": "banana",
  "location": {
    "latitude": -59.324844,
    "longitude": 87.775149
  },
  "docFormat": "json",
  "triples": [
    {
      "triple": {
        "subject": "/sample-data/data-1207.json",
        "predicate": "http://www.w3.org/2000/01/rdf-schema#label",
        "object": "Lorrie Duke"
      }
    },
    {
      "triple": {
        "subject": "/sample-data/data-1207.json",
        "predicate": "http://www.w3.org/1999/02/22-rdf-syntax-ns#type",
        "object": "http://xmlns.com/foaf/0.1/Person"
      }
    },
    {
      "triple": {
        "subject": "/sample-data/data-1207.json",
        "predicate": "http://xmlns.com/foaf/0.1/knows",
        "object": "/sample-data/data-2619.json"
      }
    },
    {
      "triple": {
        "subject": "/sample-data/data-1207.json",
        "predicate": "http://xmlns.com/foaf/0.1/knows",
        "object": "/sample-data/data-23.json"
      }
    },
    {
      "triple": {
        "subject": "/sample-data/data-1207.json",
        "predicate": "http://xmlns.com/foaf/0.1/knows",
        "object": "/sample-data/data-1352.json"
      }
    }
  ]
}