{
  "_id": "55ee5e44d5ad38d617783c45",
  "index": 1461,
  "guid": "9471b8cf-a7db-4194-9711-a103187c2894",
  "isActive": true,
  "balance": "$98,369.73",
  "picture": "http://placehold.it/32x32",
  "age": 23,
  "eyeColor": "green",
  "name": "Hogan Meyer",
  "gender": "male",
  "company": "LUMBREX",
  "email": "hoganmeyer@lumbrex.com",
  "phone": "+1 (888) 572-2711",
  "address": "222 Brown Street, Fairhaven, California, 674",
  "about": "Minim anim labore ex mollit qui consequat pariatur esse. Lorem officia dolor Lorem eu duis culpa quis magna. Voluptate sint excepteur Lorem incididunt reprehenderit dolore. Sunt ipsum aliquip occaecat quis minim. Magna nisi aute sint occaecat cillum qui do officia laboris. Adipisicing occaecat magna cupidatat ut velit adipisicing duis irure quis eu amet mollit tempor.\r\n",
  "registered": "2014-10-23T10:10:01-07:00",
  "tags": [
    "cupidatat",
    "magna",
    "laboris",
    "aute",
    "nulla",
    "elit",
    "aliquip"
  ],
  "friends": [
    {
      "id": 0,
      "name": "Bauer Snider"
    },
    {
      "id": 1,
      "name": "Middleton Rivera"
    },
    {
      "id": 2,
      "name": "Dorsey Soto"
    }
  ],
  "greeting": "Hello, Hogan Meyer! You have 5 unread messages.",
  "favoriteFruit": "banana",
  "location": {
    "latitude": -62.159285,
    "longitude": 74.779861
  },
  "docFormat": "json",
  "triples": [
    {
      "triple": {
        "subject": "/sample-data/data-1461.json",
        "predicate": "http://www.w3.org/2000/01/rdf-schema#label",
        "object": "Hogan Meyer"
      }
    },
    {
      "triple": {
        "subject": "/sample-data/data-1461.json",
        "predicate": "http://www.w3.org/1999/02/22-rdf-syntax-ns#type",
        "object": "http://xmlns.com/foaf/0.1/Person"
      }
    },
    {
      "triple": {
        "subject": "/sample-data/data-1461.json",
        "predicate": "http://xmlns.com/foaf/0.1/knows",
        "object": "/sample-data/data-2038.json"
      }
    },
    {
      "triple": {
        "subject": "/sample-data/data-1461.json",
        "predicate": "http://xmlns.com/foaf/0.1/knows",
        "object": "/sample-data/data-1961.json"
      }
    },
    {
      "triple": {
        "subject": "/sample-data/data-1461.json",
        "predicate": "http://xmlns.com/foaf/0.1/knows",
        "object": "/sample-data/data-2960.json"
      }
    }
  ]
}