{
  "_id": "55ee5e44de893ab9db0f1e76",
  "index": 214,
  "guid": "98c1aac5-5d8f-4199-afb1-e23b1aa9318b",
  "isActive": true,
  "balance": "$65,885.30",
  "picture": "http://placehold.it/32x32",
  "age": 21,
  "eyeColor": "blue",
  "name": "Tanisha Weber",
  "gender": "female",
  "company": "ENOMEN",
  "email": "tanishaweber@enomen.com",
  "phone": "+1 (842) 431-3176",
  "address": "740 Ainslie Street, Chase, American Samoa, 3758",
  "about": "Duis excepteur aute mollit labore. Eiusmod aliqua ea id pariatur Lorem nulla esse nisi elit mollit ut consequat. Cupidatat ex quis in laborum excepteur ut duis laborum mollit dolor.\r\n",
  "registered": "2014-03-12T08:21:47-07:00",
  "tags": [
    "laborum",
    "commodo",
    "exercitation",
    "deserunt",
    "commodo",
    "enim",
    "culpa"
  ],
  "friends": [
    {
      "id": 0,
      "name": "Sheppard Moon"
    },
    {
      "id": 1,
      "name": "Phelps Wolf"
    },
    {
      "id": 2,
      "name": "Eva Donaldson"
    }
  ],
  "greeting": "Hello, Tanisha Weber! You have 5 unread messages.",
  "favoriteFruit": "orange",
  "location": {
    "latitude": 33.606318,
    "longitude": -152.89278
  },
  "docFormat": "json",
  "triples": [
    {
      "triple": {
        "subject": "/sample-data/data-214.json",
        "predicate": "http://www.w3.org/2000/01/rdf-schema#label",
        "object": "Tanisha Weber"
      }
    },
    {
      "triple": {
        "subject": "/sample-data/data-214.json",
        "predicate": "http://www.w3.org/1999/02/22-rdf-syntax-ns#type",
        "object": "http://xmlns.com/foaf/0.1/Person"
      }
    },
    {
      "triple": {
        "subject": "/sample-data/data-214.json",
        "predicate": "http://xmlns.com/foaf/0.1/knows",
        "object": "/sample-data/data-253.json"
      }
    },
    {
      "triple": {
        "subject": "/sample-data/data-214.json",
        "predicate": "http://xmlns.com/foaf/0.1/knows",
        "object": "/sample-data/data-995.json"
      }
    },
    {
      "triple": {
        "subject": "/sample-data/data-214.json",
        "predicate": "http://xmlns.com/foaf/0.1/knows",
        "object": "/sample-data/data-787.json"
      }
    }
  ]
}