{
  "_id": "55ee5e98c2ec95805ee4f00c",
  "index": 2522,
  "guid": "427a2a12-6db6-4764-847c-1ba85483ef2d",
  "isActive": true,
  "balance": "$56,230.44",
  "picture": "http://placehold.it/32x32",
  "age": 54,
  "eyeColor": "blue",
  "name": "Krystal Marsh",
  "gender": "female",
  "company": "COMVEX",
  "email": "krystalmarsh@comvex.com",
  "phone": "+1 (893) 520-2310",
  "address": "723 Metropolitan Avenue, Barclay, Utah, 635",
  "about": "Aute commodo sint cillum do. Est culpa est sit nulla tempor irure esse irure est nostrud. Velit excepteur aute consequat officia ut nostrud id reprehenderit exercitation irure velit. Labore exercitation proident non laborum sint est reprehenderit labore sit veniam ut commodo.\r\n",
  "registered": "2014-04-17T06:14:30-07:00",
  "tags": [
    "sunt",
    "voluptate",
    "labore",
    "anim",
    "voluptate",
    "aliquip",
    "nisi"
  ],
  "friends": [
    {
      "id": 0,
      "name": "Bridgette Quinn"
    },
    {
      "id": 1,
      "name": "Shelley Haynes"
    },
    {
      "id": 2,
      "name": "Bradford Guzman"
    }
  ],
  "greeting": "Hello, Krystal Marsh! You have 7 unread messages.",
  "favoriteFruit": "apple",
  "location": {
    "latitude": 36.103519,
    "longitude": -118.167864
  },
  "docFormat": "json",
  "triples": [
    {
      "triple": {
        "subject": "/sample-data/data-2522.json",
        "predicate": "http://www.w3.org/2000/01/rdf-schema#label",
        "object": "Krystal Marsh"
      }
    },
    {
      "triple": {
        "subject": "/sample-data/data-2522.json",
        "predicate": "http://www.w3.org/1999/02/22-rdf-syntax-ns#type",
        "object": "http://xmlns.com/foaf/0.1/Person"
      }
    },
    {
      "triple": {
        "subject": "/sample-data/data-2522.json",
        "predicate": "http://xmlns.com/foaf/0.1/knows",
        "object": "/sample-data/data-1058.json"
      }
    },
    {
      "triple": {
        "subject": "/sample-data/data-2522.json",
        "predicate": "http://xmlns.com/foaf/0.1/knows",
        "object": "/sample-data/data-2928.json"
      }
    },
    {
      "triple": {
        "subject": "/sample-data/data-2522.json",
        "predicate": "http://xmlns.com/foaf/0.1/knows",
        "object": "/sample-data/data-2114.json"
      }
    }
  ]
}