{
  "_id": "55ee5e445b8526b6deeded99",
  "index": 4,
  "guid": "43d50f11-14df-4f96-a3ec-0a86fde96239",
  "isActive": true,
  "balance": "$85,466.22",
  "picture": "http://placehold.it/32x32",
  "age": 70,
  "eyeColor": "brown",
  "name": "Pearlie Conley",
  "gender": "female",
  "company": "BLUPLANET",
  "email": "pearlieconley@bluplanet.com",
  "phone": "+1 (868) 445-2189",
  "address": "308 Lincoln Avenue, Efland, Washington, 1420",
  "about": "Ipsum aliqua ad officia consectetur cillum in eiusmod commodo sunt commodo laboris. Aliquip ullamco culpa cillum cillum occaecat proident esse elit anim sint esse. Magna nisi Lorem quis amet laborum consequat. Ex adipisicing mollit dolor amet id nostrud exercitation cillum deserunt et dolore culpa reprehenderit laboris. Sit duis est consectetur dolore culpa ut velit. Cillum cupidatat nulla do reprehenderit Lorem. Minim sunt consectetur anim dolor et anim ea veniam velit velit commodo officia ad.\r\n",
  "registered": "2015-08-10T06:54:17-07:00",
  "tags": [
    "do",
    "aliquip",
    "consequat",
    "ad",
    "consequat",
    "qui",
    "ipsum"
  ],
  "friends": [
    {
      "id": 0,
      "name": "Yvonne Ruiz"
    },
    {
      "id": 1,
      "name": "Wade Cotton"
    },
    {
      "id": 2,
      "name": "Arnold Phelps"
    }
  ],
  "greeting": "Hello, Pearlie Conley! You have 4 unread messages.",
  "favoriteFruit": "pear",
  "location": {
    "latitude": -50.919576,
    "longitude": 40.340034
  },
  "docFormat": "json",
  "triples": [
    {
      "triple": {
        "subject": "/sample-data/data-4.json",
        "predicate": "http://www.w3.org/2000/01/rdf-schema#label",
        "object": "Pearlie Conley"
      }
    },
    {
      "triple": {
        "subject": "/sample-data/data-4.json",
        "predicate": "http://www.w3.org/1999/02/22-rdf-syntax-ns#type",
        "object": "http://xmlns.com/foaf/0.1/Person"
      }
    },
    {
      "triple": {
        "subject": "/sample-data/data-4.json",
        "predicate": "http://xmlns.com/foaf/0.1/knows",
        "object": "/sample-data/data-1583.json"
      }
    },
    {
      "triple": {
        "subject": "/sample-data/data-4.json",
        "predicate": "http://xmlns.com/foaf/0.1/knows",
        "object": "/sample-data/data-2222.json"
      }
    },
    {
      "triple": {
        "subject": "/sample-data/data-4.json",
        "predicate": "http://xmlns.com/foaf/0.1/knows",
        "object": "/sample-data/data-923.json"
      }
    }
  ]
}