{
  "_id": "55ee5e4521457a83d1a5490e",
  "index": 1712,
  "guid": "1fa0abc8-7e44-4953-843c-d3bc010eafbc",
  "isActive": true,
  "balance": "$83,343.75",
  "picture": "http://placehold.it/32x32",
  "age": 44,
  "eyeColor": "brown",
  "name": "Juarez Pitts",
  "gender": "male",
  "company": "COMTRACT",
  "email": "juarezpitts@comtract.com",
  "phone": "+1 (879) 570-3488",
  "address": "313 Strauss Street, Eggertsville, Iowa, 1873",
  "about": "Exercitation Lorem dolor esse occaecat quis. Aliquip enim dolor ut nulla nulla incididunt ipsum magna amet mollit veniam. Amet irure proident ipsum id qui velit. Ad incididunt irure quis reprehenderit ullamco sunt ex est officia minim mollit commodo id et. Est cupidatat qui excepteur excepteur proident aliqua nisi irure eiusmod officia deserunt exercitation amet. Eu culpa ullamco esse et amet incididunt in in labore minim officia et ad consectetur.\r\n",
  "registered": "2014-10-06T06:38:15-07:00",
  "tags": [
    "do",
    "consequat",
    "ea",
    "laboris",
    "cillum",
    "sunt",
    "duis"
  ],
  "friends": [
    {
      "id": 0,
      "name": "Frazier Jones"
    },
    {
      "id": 1,
      "name": "Ivy Weber"
    },
    {
      "id": 2,
      "name": "Ashley Moon"
    }
  ],
  "greeting": "Hello, Juarez Pitts! You have 4 unread messages.",
  "favoriteFruit": "banana",
  "location": {
    "latitude": -89.333329,
    "longitude": 72.884354
  },
  "docFormat": "json",
  "triples": [
    {
      "triple": {
        "subject": "/sample-data/data-1712.json",
        "predicate": "http://www.w3.org/2000/01/rdf-schema#label",
        "object": "Juarez Pitts"
      }
    },
    {
      "triple": {
        "subject": "/sample-data/data-1712.json",
        "predicate": "http://www.w3.org/1999/02/22-rdf-syntax-ns#type",
        "object": "http://xmlns.com/foaf/0.1/Person"
      }
    },
    {
      "triple": {
        "subject": "/sample-data/data-1712.json",
        "predicate": "http://xmlns.com/foaf/0.1/knows",
        "object": "/sample-data/data-2508.json"
      }
    },
    {
      "triple": {
        "subject": "/sample-data/data-1712.json",
        "predicate": "http://xmlns.com/foaf/0.1/knows",
        "object": "/sample-data/data-931.json"
      }
    },
    {
      "triple": {
        "subject": "/sample-data/data-1712.json",
        "predicate": "http://xmlns.com/foaf/0.1/knows",
        "object": "/sample-data/data-1708.json"
      }
    }
  ]
}