{
  "_id": "55ee5e45926f5a15772560dc",
  "index": 1529,
  "guid": "5f11cecc-bb6a-49f7-891e-f41ed73a78d4",
  "isActive": true,
  "balance": "$37,414.20",
  "picture": "http://placehold.it/32x32",
  "age": 66,
  "eyeColor": "green",
  "name": "Parsons Crosby",
  "gender": "male",
  "company": "KOOGLE",
  "email": "parsonscrosby@koogle.com",
  "phone": "+1 (824) 558-2017",
  "address": "353 Jefferson Avenue, Muse, Guam, 3957",
  "about": "Qui ex proident id labore. Sint anim id officia in fugiat occaecat voluptate adipisicing qui minim culpa. Ea laboris mollit elit anim nostrud aliquip esse cillum ad ut tempor sit. Ullamco minim occaecat quis ea quis aute nulla fugiat. Veniam minim eiusmod occaecat anim aute sint officia. Amet reprehenderit veniam voluptate adipisicing laboris occaecat ex. Proident duis amet anim non Lorem ut esse reprehenderit excepteur.\r\n",
  "registered": "2014-06-15T06:35:49-07:00",
  "tags": [
    "amet",
    "labore",
    "adipisicing",
    "magna",
    "eu",
    "ea",
    "commodo"
  ],
  "friends": [
    {
      "id": 0,
      "name": "Brittany Waller"
    },
    {
      "id": 1,
      "name": "Rice Mendez"
    },
    {
      "id": 2,
      "name": "Melissa Dejesus"
    }
  ],
  "greeting": "Hello, Parsons Crosby! You have 1 unread messages.",
  "favoriteFruit": "apple",
  "location": {
    "latitude": -5.461011,
    "longitude": 132.641716
  },
  "docFormat": "json",
  "triples": [
    {
      "triple": {
        "subject": "/sample-data/data-1529.json",
        "predicate": "http://www.w3.org/2000/01/rdf-schema#label",
        "object": "Parsons Crosby"
      }
    },
    {
      "triple": {
        "subject": "/sample-data/data-1529.json",
        "predicate": "http://www.w3.org/1999/02/22-rdf-syntax-ns#type",
        "object": "http://xmlns.com/foaf/0.1/Person"
      }
    },
    {
      "triple": {
        "subject": "/sample-data/data-1529.json",
        "predicate": "http://xmlns.com/foaf/0.1/knows",
        "object": "/sample-data/data-835.json"
      }
    },
    {
      "triple": {
        "subject": "/sample-data/data-1529.json",
        "predicate": "http://xmlns.com/foaf/0.1/knows",
        "object": "/sample-data/data-2897.json"
      }
    },
    {
      "triple": {
        "subject": "/sample-data/data-1529.json",
        "predicate": "http://xmlns.com/foaf/0.1/knows",
        "object": "/sample-data/data-170.json"
      }
    }
  ]
}