{
  "_id": "55ee5e44633ddb701e2a84d4",
  "index": 833,
  "guid": "ee25acd9-2cd7-44bc-85f3-14ce579935e3",
  "isActive": false,
  "balance": "$50,421.73",
  "picture": "http://placehold.it/32x32",
  "age": 56,
  "eyeColor": "blue",
  "name": "Justine Melendez",
  "gender": "female",
  "company": "MANUFACT",
  "email": "justinemelendez@manufact.com",
  "phone": "+1 (866) 482-3490",
  "address": "570 Campus Place, Springhill, Guam, 369",
  "about": "Enim laborum incididunt id sunt magna aliquip officia officia nostrud sunt do proident aliqua. Voluptate labore laboris eu cillum duis ullamco quis fugiat velit. Ut aliquip excepteur adipisicing excepteur Lorem sit voluptate consectetur elit ut anim amet officia. Velit eu magna Lorem incididunt sint nulla aute quis cupidatat. Eu ullamco reprehenderit reprehenderit pariatur est esse minim velit nulla dolore veniam consectetur. Exercitation ut incididunt quis reprehenderit adipisicing sunt aliquip. Duis exercitation tempor enim tempor.\r\n",
  "registered": "2014-07-01T03:52:39-07:00",
  "tags": [
    "sit",
    "labore",
    "qui",
    "voluptate",
    "laboris",
    "eu",
    "ipsum"
  ],
  "friends": [
    {
      "id": 0,
      "name": "Everett Serrano"
    },
    {
      "id": 1,
      "name": "Pam Branch"
    },
    {
      "id": 2,
      "name": "Katheryn Reid"
    }
  ],
  "greeting": "Hello, Justine Melendez! You have 7 unread messages.",
  "favoriteFruit": "banana",
  "location": {
    "latitude": -47.384275,
    "longitude": 1.875956
  },
  "docFormat": "json",
  "triples": [
    {
      "triple": {
        "subject": "/sample-data/data-833.json",
        "predicate": "http://www.w3.org/2000/01/rdf-schema#label",
        "object": "Justine Melendez"
      }
    },
    {
      "triple": {
        "subject": "/sample-data/data-833.json",
        "predicate": "http://www.w3.org/1999/02/22-rdf-syntax-ns#type",
        "object": "http://xmlns.com/foaf/0.1/Person"
      }
    },
    {
      "triple": {
        "subject": "/sample-data/data-833.json",
        "predicate": "http://xmlns.com/foaf/0.1/knows",
        "object": "/sample-data/data-1643.json"
      }
    },
    {
      "triple": {
        "subject": "/sample-data/data-833.json",
        "predicate": "http://xmlns.com/foaf/0.1/knows",
        "object": "/sample-data/data-1834.json"
      }
    },
    {
      "triple": {
        "subject": "/sample-data/data-833.json",
        "predicate": "http://xmlns.com/foaf/0.1/knows",
        "object": "/sample-data/data-1341.json"
      }
    }
  ]
}