{
  "_id": "55ee5e44007061e72bd753c0",
  "index": 469,
  "guid": "644fe990-b1cd-4d15-81e3-4984492ce613",
  "isActive": false,
  "balance": "$24,925.68",
  "picture": "http://placehold.it/32x32",
  "age": 40,
  "eyeColor": "green",
  "name": "Callie White",
  "gender": "female",
  "company": "DREAMIA",
  "email": "calliewhite@dreamia.com",
  "phone": "+1 (827) 430-2674",
  "address": "936 Huron Street, Hobucken, Ohio, 2913",
  "about": "Nulla elit pariatur duis do labore sit eiusmod pariatur. Ipsum enim nisi dolore qui elit incididunt minim. Ex sunt magna labore nostrud eiusmod fugiat et. Anim ex incididunt laborum sit dolor ea. Occaecat quis dolore aliquip incididunt Lorem mollit eu.\r\n",
  "registered": "2015-01-13T12:09:45-07:00",
  "tags": [
    "ex",
    "magna",
    "duis",
    "aute",
    "ea",
    "minim",
    "deserunt"
  ],
  "friends": [
    {
      "id": 0,
      "name": "Samantha Mejia"
    },
    {
      "id": 1,
      "name": "Elise Gray"
    },
    {
      "id": 2,
      "name": "Gonzalez Jarvis"
    }
  ],
  "greeting": "Hello, Callie White! You have 1 unread messages.",
  "favoriteFruit": "strawberry",
  "location": {
    "latitude": 80.637206,
    "longitude": -72.572195
  },
  "docFormat": "json",
  "triples": [
    {
      "triple": {
        "subject": "/sample-data/data-469.json",
        "predicate": "http://www.w3.org/2000/01/rdf-schema#label",
        "object": "Callie White"
      }
    },
    {
      "triple": {
        "subject": "/sample-data/data-469.json",
        "predicate": "http://www.w3.org/1999/02/22-rdf-syntax-ns#type",
        "object": "http://xmlns.com/foaf/0.1/Person"
      }
    },
    {
      "triple": {
        "subject": "/sample-data/data-469.json",
        "predicate": "http://xmlns.com/foaf/0.1/knows",
        "object": "/sample-data/data-2716.json"
      }
    },
    {
      "triple": {
        "subject": "/sample-data/data-469.json",
        "predicate": "http://xmlns.com/foaf/0.1/knows",
        "object": "/sample-data/data-586.json"
      }
    },
    {
      "triple": {
        "subject": "/sample-data/data-469.json",
        "predicate": "http://xmlns.com/foaf/0.1/knows",
        "object": "/sample-data/data-1223.json"
      }
    }
  ]
}