{
  "_id": "55ee5e44f20f386e9c6fcbc8",
  "index": 392,
  "guid": "c20235ea-68d5-4d18-a716-fa5b1804dba7",
  "isActive": true,
  "balance": "$98,586.69",
  "picture": "http://placehold.it/32x32",
  "age": 57,
  "eyeColor": "brown",
  "name": "Bettye Rocha",
  "gender": "female",
  "company": "ACUSAGE",
  "email": "bettyerocha@acusage.com",
  "phone": "+1 (935) 438-2770",
  "address": "148 Imlay Street, Dixonville, Mississippi, 8648",
  "about": "Fugiat dolor anim nisi consectetur ad. Cillum quis anim fugiat sit excepteur. Enim dolore culpa et occaecat mollit ut aliqua pariatur ea Lorem. Sit anim non aute in eiusmod qui est do do pariatur. Mollit incididunt fugiat non dolore aute voluptate ea ipsum Lorem Lorem. Ad mollit esse laboris ea amet minim fugiat non.\r\n",
  "registered": "2015-07-22T06:11:39-07:00",
  "tags": [
    "esse",
    "elit",
    "fugiat",
    "consequat",
    "Lorem",
    "voluptate",
    "eiusmod"
  ],
  "friends": [
    {
      "id": 0,
      "name": "Rachelle Watts"
    },
    {
      "id": 1,
      "name": "Cabrera Yang"
    },
    {
      "id": 2,
      "name": "Hopper Lott"
    }
  ],
  "greeting": "Hello, Bettye Rocha! You have 4 unread messages.",
  "favoriteFruit": "pear",
  "location": {
    "latitude": 19.091694,
    "longitude": 30.555704
  },
  "docFormat": "json",
  "triples": [
    {
      "triple": {
        "subject": "/sample-data/data-392.json",
        "predicate": "http://www.w3.org/2000/01/rdf-schema#label",
        "object": "Bettye Rocha"
      }
    },
    {
      "triple": {
        "subject": "/sample-data/data-392.json",
        "predicate": "http://www.w3.org/1999/02/22-rdf-syntax-ns#type",
        "object": "http://xmlns.com/foaf/0.1/Person"
      }
    },
    {
      "triple": {
        "subject": "/sample-data/data-392.json",
        "predicate": "http://xmlns.com/foaf/0.1/knows",
        "object": "/sample-data/data-528.json"
      }
    },
    {
      "triple": {
        "subject": "/sample-data/data-392.json",
        "predicate": "http://xmlns.com/foaf/0.1/knows",
        "object": "/sample-data/data-2149.json"
      }
    },
    {
      "triple": {
        "subject": "/sample-data/data-392.json",
        "predicate": "http://xmlns.com/foaf/0.1/knows",
        "object": "/sample-data/data-1836.json"
      }
    }
  ]
}