{
  "_id": "55ee5e98012474039b17e830",
  "index": 2153,
  "guid": "e1474962-0903-4a00-905a-489ed94e9853",
  "isActive": false,
  "balance": "$10,724.52",
  "picture": "http://placehold.it/32x32",
  "age": 70,
  "eyeColor": "hazel",
  "name": "Boyer Mcguire",
  "gender": "male",
  "company": "MUSAPHICS",
  "email": "boyermcguire@musaphics.com",
  "phone": "+1 (938) 462-3243",
  "address": "378 Jackson Court, Kansas, Georgia, 349",
  "about": "Aliquip incididunt consectetur culpa aliquip minim aute elit. Ipsum ullamco fugiat et labore esse mollit cupidatat exercitation sunt in minim minim. Ea amet deserunt incididunt ea magna non aute non nostrud consectetur cupidatat commodo aute nisi. Consectetur non sit incididunt excepteur eu nulla laborum labore. Dolor non aliquip officia duis officia veniam adipisicing occaecat est sint nostrud minim aliquip.\r\n",
  "registered": "2015-03-24T07:13:40-07:00",
  "tags": [
    "ut",
    "magna",
    "quis",
    "qui",
    "dolor",
    "cupidatat",
    "enim"
  ],
  "friends": [
    {
      "id": 0,
      "name": "Knowles Rodriguez"
    },
    {
      "id": 1,
      "name": "Merrill Cole"
    },
    {
      "id": 2,
      "name": "Nichols Dunn"
    }
  ],
  "greeting": "Hello, Boyer Mcguire! You have 8 unread messages.",
  "favoriteFruit": "orange",
  "location": {
    "latitude": -23.57457,
    "longitude": 37.699515
  },
  "docFormat": "json",
  "triples": [
    {
      "triple": {
        "subject": "/sample-data/data-2153.json",
        "predicate": "http://www.w3.org/2000/01/rdf-schema#label",
        "object": "Boyer Mcguire"
      }
    },
    {
      "triple": {
        "subject": "/sample-data/data-2153.json",
        "predicate": "http://www.w3.org/1999/02/22-rdf-syntax-ns#type",
        "object": "http://xmlns.com/foaf/0.1/Person"
      }
    },
    {
      "triple": {
        "subject": "/sample-data/data-2153.json",
        "predicate": "http://xmlns.com/foaf/0.1/knows",
        "object": "/sample-data/data-1771.json"
      }
    },
    {
      "triple": {
        "subject": "/sample-data/data-2153.json",
        "predicate": "http://xmlns.com/foaf/0.1/knows",
        "object": "/sample-data/data-1056.json"
      }
    },
    {
      "triple": {
        "subject": "/sample-data/data-2153.json",
        "predicate": "http://xmlns.com/foaf/0.1/knows",
        "object": "/sample-data/data-1954.json"
      }
    }
  ]
}