{
  "_id": "55ee5e98bb626a29b9c35595",
  "index": 2554,
  "guid": "458f8d26-f77a-4e2d-88aa-a377be7eb51c",
  "isActive": true,
  "balance": "$91,874.01",
  "picture": "http://placehold.it/32x32",
  "age": 26,
  "eyeColor": "blue",
  "name": "Lindsay Burch",
  "gender": "male",
  "company": "XURBAN",
  "email": "lindsayburch@xurban.com",
  "phone": "+1 (967) 572-2920",
  "address": "894 Pooles Lane, Tuskahoma, Kentucky, 1655",
  "about": "Officia ex reprehenderit cillum non anim cillum aliquip tempor aliquip occaecat officia culpa nulla duis. Cillum est commodo nulla sunt adipisicing est eiusmod occaecat anim tempor incididunt aute deserunt magna. Amet exercitation reprehenderit do est cillum cupidatat esse est qui adipisicing aute laborum deserunt est. Id id mollit consectetur nisi duis sint laboris ullamco velit reprehenderit anim et incididunt cupidatat. Ad dolor quis laboris sunt eu nisi.\r\n",
  "registered": "2015-07-26T02:05:07-07:00",
  "tags": [
    "in",
    "est",
    "consectetur",
    "officia",
    "sit",
    "esse",
    "velit"
  ],
  "friends": [
    {
      "id": 0,
      "name": "Bell Moses"
    },
    {
      "id": 1,
      "name": "Shawn Mcdaniel"
    },
    {
      "id": 2,
      "name": "Tiffany Eaton"
    }
  ],
  "greeting": "Hello, Lindsay Burch! You have 9 unread messages.",
  "favoriteFruit": "apple",
  "location": {
    "latitude": 87.992251,
    "longitude": -127.617414
  },
  "docFormat": "json",
  "triples": [
    {
      "triple": {
        "subject": "/sample-data/data-2554.json",
        "predicate": "http://www.w3.org/2000/01/rdf-schema#label",
        "object": "Lindsay Burch"
      }
    },
    {
      "triple": {
        "subject": "/sample-data/data-2554.json",
        "predicate": "http://www.w3.org/1999/02/22-rdf-syntax-ns#type",
        "object": "http://xmlns.com/foaf/0.1/Person"
      }
    },
    {
      "triple": {
        "subject": "/sample-data/data-2554.json",
        "predicate": "http://xmlns.com/foaf/0.1/knows",
        "object": "/sample-data/data-228.json"
      }
    },
    {
      "triple": {
        "subject": "/sample-data/data-2554.json",
        "predicate": "http://xmlns.com/foaf/0.1/knows",
        "object": "/sample-data/data-1444.json"
      }
    },
    {
      "triple": {
        "subject": "/sample-data/data-2554.json",
        "predicate": "http://xmlns.com/foaf/0.1/knows",
        "object": "/sample-data/data-1674.json"
      }
    }
  ]
}