{
  "_id": "55ee5e44eb2091cecdc47f47",
  "index": 66,
  "guid": "e08e53fb-c3e4-48f3-a638-2b4042121f00",
  "isActive": false,
  "balance": "$63,913.83",
  "picture": "http://placehold.it/32x32",
  "age": 64,
  "eyeColor": "brown",
  "name": "Alvarez Hardy",
  "gender": "male",
  "company": "OVOLO",
  "email": "alvarezhardy@ovolo.com",
  "phone": "+1 (940) 484-3742",
  "address": "714 Campus Road, Makena, Kansas, 7557",
  "about": "Elit sit tempor in et velit officia adipisicing voluptate exercitation. Minim proident aute cillum quis incididunt ut minim occaecat esse reprehenderit velit labore consectetur. Labore qui amet aute labore qui voluptate magna proident id consequat esse laborum. In sint labore qui pariatur est dolore esse cillum ut dolor ex tempor. Ad anim exercitation dolor tempor ex id pariatur esse pariatur proident id ad. Nostrud excepteur mollit eu incididunt amet nulla ut.\r\n",
  "registered": "2014-06-07T12:57:31-07:00",
  "tags": [
    "occaecat",
    "aliqua",
    "enim",
    "ex",
    "fugiat",
    "laborum",
    "exercitation"
  ],
  "friends": [
    {
      "id": 0,
      "name": "Selena Terrell"
    },
    {
      "id": 1,
      "name": "Lou Juarez"
    },
    {
      "id": 2,
      "name": "Cecile Bradford"
    }
  ],
  "greeting": "Hello, Alvarez Hardy! You have 9 unread messages.",
  "favoriteFruit": "strawberry",
  "location": {
    "latitude": 44.518099,
    "longitude": -126.078347
  },
  "docFormat": "json",
  "triples": [
    {
      "triple": {
        "subject": "/sample-data/data-66.json",
        "predicate": "http://www.w3.org/2000/01/rdf-schema#label",
        "object": "Alvarez Hardy"
      }
    },
    {
      "triple": {
        "subject": "/sample-data/data-66.json",
        "predicate": "http://www.w3.org/1999/02/22-rdf-syntax-ns#type",
        "object": "http://xmlns.com/foaf/0.1/Person"
      }
    },
    {
      "triple": {
        "subject": "/sample-data/data-66.json",
        "predicate": "http://xmlns.com/foaf/0.1/knows",
        "object": "/sample-data/data-632.json"
      }
    },
    {
      "triple": {
        "subject": "/sample-data/data-66.json",
        "predicate": "http://xmlns.com/foaf/0.1/knows",
        "object": "/sample-data/data-1509.json"
      }
    },
    {
      "triple": {
        "subject": "/sample-data/data-66.json",
        "predicate": "http://xmlns.com/foaf/0.1/knows",
        "object": "/sample-data/data-77.json"
      }
    }
  ]
}