{
  "_id": "55ee5e458ed281cad1bd3a2e",
  "index": 1925,
  "guid": "a0820e29-9a5f-41a2-863b-77f9276c8140",
  "isActive": true,
  "balance": "$81,956.58",
  "picture": "http://placehold.it/32x32",
  "age": 69,
  "eyeColor": "blue",
  "name": "Alexandria England",
  "gender": "female",
  "company": "INTERODEO",
  "email": "alexandriaengland@interodeo.com",
  "phone": "+1 (801) 434-2137",
  "address": "385 Conway Street, Delco, California, 8085",
  "about": "Laborum ea sunt tempor mollit enim nulla nisi sint nisi fugiat laborum. Est irure laborum excepteur fugiat dolore et duis culpa commodo minim duis elit ea. Consequat dolore consequat minim do sit laboris. Aliqua culpa ipsum velit commodo fugiat ullamco veniam duis consequat laboris. Aliqua nulla minim eu anim id deserunt elit. Exercitation laborum commodo laboris culpa officia reprehenderit magna. Esse voluptate ad non fugiat proident proident irure ullamco.\r\n",
  "registered": "2014-02-19T01:22:30-07:00",
  "tags": [
    "Lorem",
    "labore",
    "nostrud",
    "id",
    "consequat",
    "exercitation",
    "est"
  ],
  "friends": [
    {
      "id": 0,
      "name": "Reva Gibbs"
    },
    {
      "id": 1,
      "name": "Tran Gonzalez"
    },
    {
      "id": 2,
      "name": "Alyssa Barr"
    }
  ],
  "greeting": "Hello, Alexandria England! You have 5 unread messages.",
  "favoriteFruit": "apple",
  "location": {
    "latitude": -56.196063,
    "longitude": 134.691815
  },
  "docFormat": "json",
  "triples": [
    {
      "triple": {
        "subject": "/sample-data/data-1925.json",
        "predicate": "http://www.w3.org/2000/01/rdf-schema#label",
        "object": "Alexandria England"
      }
    },
    {
      "triple": {
        "subject": "/sample-data/data-1925.json",
        "predicate": "http://www.w3.org/1999/02/22-rdf-syntax-ns#type",
        "object": "http://xmlns.com/foaf/0.1/Person"
      }
    },
    {
      "triple": {
        "subject": "/sample-data/data-1925.json",
        "predicate": "http://xmlns.com/foaf/0.1/knows",
        "object": "/sample-data/data-2820.json"
      }
    },
    {
      "triple": {
        "subject": "/sample-data/data-1925.json",
        "predicate": "http://xmlns.com/foaf/0.1/knows",
        "object": "/sample-data/data-1874.json"
      }
    },
    {
      "triple": {
        "subject": "/sample-data/data-1925.json",
        "predicate": "http://xmlns.com/foaf/0.1/knows",
        "object": "/sample-data/data-2091.json"
      }
    }
  ]
}