{
  "_id": "55ee5e440882c73db71f4d11",
  "index": 516,
  "guid": "021b8372-acc1-4563-990f-8601ffe68bad",
  "isActive": false,
  "balance": "$31,781.05",
  "picture": "http://placehold.it/32x32",
  "age": 62,
  "eyeColor": "blue",
  "name": "Marlene Long",
  "gender": "female",
  "company": "NEXGENE",
  "email": "marlenelong@nexgene.com",
  "phone": "+1 (836) 413-2141",
  "address": "443 Revere Place, Indio, Utah, 9930",
  "about": "Sunt magna aliqua aliquip et elit minim voluptate irure esse est incididunt culpa dolor. Mollit in cupidatat ipsum esse nulla id velit do cupidatat nisi. Aute elit consectetur commodo laborum tempor nulla qui sit ipsum excepteur cillum.\r\n",
  "registered": "2014-06-03T04:09:27-07:00",
  "tags": [
    "duis",
    "Lorem",
    "fugiat",
    "pariatur",
    "mollit",
    "sit",
    "magna"
  ],
  "friends": [
    {
      "id": 0,
      "name": "Dionne Wilder"
    },
    {
      "id": 1,
      "name": "Alexis Burgess"
    },
    {
      "id": 2,
      "name": "Stephenson Sargent"
    }
  ],
  "greeting": "Hello, Marlene Long! You have 5 unread messages.",
  "favoriteFruit": "orange",
  "location": {
    "latitude": 46.255424,
    "longitude": -73.195582
  },
  "docFormat": "json",
  "triples": [
    {
      "triple": {
        "subject": "/sample-data/data-516.json",
        "predicate": "http://www.w3.org/2000/01/rdf-schema#label",
        "object": "Marlene Long"
      }
    },
    {
      "triple": {
        "subject": "/sample-data/data-516.json",
        "predicate": "http://www.w3.org/1999/02/22-rdf-syntax-ns#type",
        "object": "http://xmlns.com/foaf/0.1/Person"
      }
    },
    {
      "triple": {
        "subject": "/sample-data/data-516.json",
        "predicate": "http://xmlns.com/foaf/0.1/knows",
        "object": "/sample-data/data-306.json"
      }
    },
    {
      "triple": {
        "subject": "/sample-data/data-516.json",
        "predicate": "http://xmlns.com/foaf/0.1/knows",
        "object": "/sample-data/data-1191.json"
      }
    },
    {
      "triple": {
        "subject": "/sample-data/data-516.json",
        "predicate": "http://xmlns.com/foaf/0.1/knows",
        "object": "/sample-data/data-1983.json"
      }
    }
  ]
}