{
  "_id": "55ee5e44f76d54ea8c735e24",
  "index": 560,
  "guid": "5e0af50b-84df-458a-ad86-3ff13a0286b6",
  "isActive": true,
  "balance": "$65,783.15",
  "picture": "http://placehold.it/32x32",
  "age": 50,
  "eyeColor": "blue",
  "name": "Calderon Preston",
  "gender": "male",
  "company": "URBANSHEE",
  "email": "calderonpreston@urbanshee.com",
  "phone": "+1 (909) 483-3678",
  "address": "315 Fleet Street, Richville, Wisconsin, 4044",
  "about": "Ex do excepteur amet sint sunt. Ea consectetur sunt officia exercitation ipsum cupidatat pariatur commodo culpa. Ut aute quis excepteur nisi nulla laboris labore minim amet qui qui incididunt culpa commodo. Consectetur id pariatur sunt exercitation do quis anim non laboris id. Do velit aute irure nostrud aliquip pariatur laborum adipisicing Lorem nostrud veniam aute irure ea. Cillum quis esse eu culpa laborum eu.\r\n",
  "registered": "2015-09-06T10:10:09-07:00",
  "tags": [
    "id",
    "voluptate",
    "deserunt",
    "irure",
    "proident",
    "tempor",
    "excepteur"
  ],
  "friends": [
    {
      "id": 0,
      "name": "Shelly Stephens"
    },
    {
      "id": 1,
      "name": "Buchanan Maldonado"
    },
    {
      "id": 2,
      "name": "Clayton Vincent"
    }
  ],
  "greeting": "Hello, Calderon Preston! You have 5 unread messages.",
  "favoriteFruit": "banana",
  "location": {
    "latitude": -15.811368,
    "longitude": -24.626226
  },
  "docFormat": "json",
  "triples": [
    {
      "triple": {
        "subject": "/sample-data/data-560.json",
        "predicate": "http://www.w3.org/2000/01/rdf-schema#label",
        "object": "Calderon Preston"
      }
    },
    {
      "triple": {
        "subject": "/sample-data/data-560.json",
        "predicate": "http://www.w3.org/1999/02/22-rdf-syntax-ns#type",
        "object": "http://xmlns.com/foaf/0.1/Person"
      }
    },
    {
      "triple": {
        "subject": "/sample-data/data-560.json",
        "predicate": "http://xmlns.com/foaf/0.1/knows",
        "object": "/sample-data/data-643.json"
      }
    },
    {
      "triple": {
        "subject": "/sample-data/data-560.json",
        "predicate": "http://xmlns.com/foaf/0.1/knows",
        "object": "/sample-data/data-2994.json"
      }
    },
    {
      "triple": {
        "subject": "/sample-data/data-560.json",
        "predicate": "http://xmlns.com/foaf/0.1/knows",
        "object": "/sample-data/data-1018.json"
      }
    }
  ]
}