{
  "_id": "55ee5e98dce6eb199c4397e5",
  "index": 2539,
  "guid": "7bfb1dd9-c5a9-4ccd-9a8d-e0c2c92f833f",
  "isActive": true,
  "balance": "$50,421.89",
  "picture": "http://placehold.it/32x32",
  "age": 65,
  "eyeColor": "honey",
  "name": "Cline Rosa",
  "gender": "male",
  "company": "CORPORANA",
  "email": "clinerosa@corporana.com",
  "phone": "+1 (800) 402-3795",
  "address": "458 Kingston Avenue, Hondah, Delaware, 2357",
  "about": "Proident aute minim magna non cillum pariatur esse nisi fugiat nulla. Eiusmod sint occaecat non amet dolore sint enim eiusmod. Dolor ea est laborum amet voluptate. Occaecat laborum ut laboris occaecat labore officia. Amet non velit dolor dolor consequat dolor mollit.\r\n",
  "registered": "2014-04-10T10:07:27-07:00",
  "tags": [
    "id",
    "voluptate",
    "eiusmod",
    "qui",
    "enim",
    "aliquip",
    "sint"
  ],
  "friends": [
    {
      "id": 0,
      "name": "Gibson Navarro"
    },
    {
      "id": 1,
      "name": "Hayes Briggs"
    },
    {
      "id": 2,
      "name": "Penelope Patterson"
    }
  ],
  "greeting": "Hello, Cline Rosa! You have 6 unread messages.",
  "favoriteFruit": "orange",
  "location": {
    "latitude": 11.475473,
    "longitude": -7.579703
  },
  "docFormat": "json",
  "triples": [
    {
      "triple": {
        "subject": "/sample-data/data-2539.json",
        "predicate": "http://www.w3.org/2000/01/rdf-schema#label",
        "object": "Cline Rosa"
      }
    },
    {
      "triple": {
        "subject": "/sample-data/data-2539.json",
        "predicate": "http://www.w3.org/1999/02/22-rdf-syntax-ns#type",
        "object": "http://xmlns.com/foaf/0.1/Person"
      }
    },
    {
      "triple": {
        "subject": "/sample-data/data-2539.json",
        "predicate": "http://xmlns.com/foaf/0.1/knows",
        "object": "/sample-data/data-1777.json"
      }
    },
    {
      "triple": {
        "subject": "/sample-data/data-2539.json",
        "predicate": "http://xmlns.com/foaf/0.1/knows",
        "object": "/sample-data/data-2309.json"
      }
    },
    {
      "triple": {
        "subject": "/sample-data/data-2539.json",
        "predicate": "http://xmlns.com/foaf/0.1/knows",
        "object": "/sample-data/data-2686.json"
      }
    }
  ]
}