{
  "_id": "55ee5e98ea3d69334259de54",
  "index": 2631,
  "guid": "a9d4b4ed-d248-42f7-b20b-5fccc38256ee",
  "isActive": true,
  "balance": "$38,264.79",
  "picture": "http://placehold.it/32x32",
  "age": 55,
  "eyeColor": "brown",
  "name": "Frye Buck",
  "gender": "male",
  "company": "VENOFLEX",
  "email": "fryebuck@venoflex.com",
  "phone": "+1 (889) 528-3132",
  "address": "823 Granite Street, Fairacres, Maryland, 6441",
  "about": "Irure nostrud ad nostrud eiusmod enim occaecat reprehenderit laboris et. Ipsum duis proident proident aliquip commodo pariatur consequat velit ullamco officia labore cupidatat nostrud. Qui fugiat voluptate velit adipisicing est est fugiat dolor exercitation. Incididunt aliquip exercitation elit aute velit labore. Est duis ipsum ad eu aute elit voluptate. Qui pariatur officia consectetur adipisicing voluptate laborum sunt consectetur irure ex ad est eiusmod.\r\n",
  "registered": "2014-05-27T04:03:46-07:00",
  "tags": [
    "laboris",
    "consectetur",
    "cupidatat",
    "laboris",
    "dolore",
    "exercitation",
    "Lorem"
  ],
  "friends": [
    {
      "id": 0,
      "name": "Heath Roberts"
    },
    {
      "id": 1,
      "name": "Guerrero Sanders"
    },
    {
      "id": 2,
      "name": "Compton Gallegos"
    }
  ],
  "greeting": "Hello, Frye Buck! You have 6 unread messages.",
  "favoriteFruit": "apple",
  "location": {
    "latitude": 12.687205,
    "longitude": 117.438013
  },
  "docFormat": "json",
  "triples": [
    {
      "triple": {
        "subject": "/sample-data/data-2631.json",
        "predicate": "http://www.w3.org/2000/01/rdf-schema#label",
        "object": "Frye Buck"
      }
    },
    {
      "triple": {
        "subject": "/sample-data/data-2631.json",
        "predicate": "http://www.w3.org/1999/02/22-rdf-syntax-ns#type",
        "object": "http://xmlns.com/foaf/0.1/Person"
      }
    },
    {
      "triple": {
        "subject": "/sample-data/data-2631.json",
        "predicate": "http://xmlns.com/foaf/0.1/knows",
        "object": "/sample-data/data-1332.json"
      }
    },
    {
      "triple": {
        "subject": "/sample-data/data-2631.json",
        "predicate": "http://xmlns.com/foaf/0.1/knows",
        "object": "/sample-data/data-1003.json"
      }
    },
    {
      "triple": {
        "subject": "/sample-data/data-2631.json",
        "predicate": "http://xmlns.com/foaf/0.1/knows",
        "object": "/sample-data/data-830.json"
      }
    }
  ]
}