{
  "_id": "55ee5e448f06ab0122ffaaf3",
  "index": 486,
  "guid": "6141c160-cf30-44ad-9844-5ad110692550",
  "isActive": true,
  "balance": "$62,090.66",
  "picture": "http://placehold.it/32x32",
  "age": 62,
  "eyeColor": "blue",
  "name": "Campos Schneider",
  "gender": "male",
  "company": "SEALOUD",
  "email": "camposschneider@sealoud.com",
  "phone": "+1 (974) 591-2743",
  "address": "987 Congress Street, Hailesboro, Federated States Of Micronesia, 2305",
  "about": "Ipsum nulla qui dolore magna consequat qui amet. Ea anim exercitation cillum ea cillum pariatur excepteur duis cillum irure sit deserunt. Nostrud duis commodo cillum cupidatat adipisicing aliquip eiusmod ex cupidatat occaecat mollit irure labore. Fugiat Lorem duis aliqua cillum officia deserunt in ea incididunt ullamco irure eiusmod ad. Dolor adipisicing sunt cupidatat ullamco id cupidatat irure.\r\n",
  "registered": "2014-08-14T01:47:23-07:00",
  "tags": [
    "excepteur",
    "dolore",
    "proident",
    "enim",
    "duis",
    "excepteur",
    "voluptate"
  ],
  "friends": [
    {
      "id": 0,
      "name": "King Riggs"
    },
    {
      "id": 1,
      "name": "Rosemarie Snyder"
    },
    {
      "id": 2,
      "name": "Welch York"
    }
  ],
  "greeting": "Hello, Campos Schneider! You have 9 unread messages.",
  "favoriteFruit": "banana",
  "location": {
    "latitude": -60.852087,
    "longitude": 47.329532
  },
  "docFormat": "json",
  "triples": [
    {
      "triple": {
        "subject": "/sample-data/data-486.json",
        "predicate": "http://www.w3.org/2000/01/rdf-schema#label",
        "object": "Campos Schneider"
      }
    },
    {
      "triple": {
        "subject": "/sample-data/data-486.json",
        "predicate": "http://www.w3.org/1999/02/22-rdf-syntax-ns#type",
        "object": "http://xmlns.com/foaf/0.1/Person"
      }
    },
    {
      "triple": {
        "subject": "/sample-data/data-486.json",
        "predicate": "http://xmlns.com/foaf/0.1/knows",
        "object": "/sample-data/data-241.json"
      }
    },
    {
      "triple": {
        "subject": "/sample-data/data-486.json",
        "predicate": "http://xmlns.com/foaf/0.1/knows",
        "object": "/sample-data/data-1263.json"
      }
    },
    {
      "triple": {
        "subject": "/sample-data/data-486.json",
        "predicate": "http://xmlns.com/foaf/0.1/knows",
        "object": "/sample-data/data-2486.json"
      }
    }
  ]
}