{
  "_id": "55ee5e985501b08ca79a42c8",
  "index": 2651,
  "guid": "f46ddcf1-81fb-4d1c-a069-c9157597046e",
  "isActive": true,
  "balance": "$99,034.86",
  "picture": "http://placehold.it/32x32",
  "age": 43,
  "eyeColor": "brown",
  "name": "Nadine Melendez",
  "gender": "female",
  "company": "PATHWAYS",
  "email": "nadinemelendez@pathways.com",
  "phone": "+1 (807) 439-3226",
  "address": "292 Truxton Street, Cutter, Wyoming, 8464",
  "about": "Eiusmod elit ut anim consectetur duis excepteur. Id et incididunt nisi Lorem cupidatat cillum magna ex nulla dolore culpa aliquip non nulla. Aliqua officia aliqua sit qui qui enim sint aliqua excepteur.\r\n",
  "registered": "2014-09-24T12:56:23-07:00",
  "tags": [
    "proident",
    "irure",
    "ut",
    "minim",
    "incididunt",
    "veniam",
    "officia"
  ],
  "friends": [
    {
      "id": 0,
      "name": "Delores Kirkland"
    },
    {
      "id": 1,
      "name": "Morgan Coleman"
    },
    {
      "id": 2,
      "name": "Cruz Lyons"
    }
  ],
  "greeting": "Hello, Nadine Melendez! You have 3 unread messages.",
  "favoriteFruit": "banana",
  "location": {
    "latitude": 19.279244,
    "longitude": -123.157403
  },
  "docFormat": "json",
  "triples": [
    {
      "triple": {
        "subject": "/sample-data/data-2651.json",
        "predicate": "http://www.w3.org/2000/01/rdf-schema#label",
        "object": "Nadine Melendez"
      }
    },
    {
      "triple": {
        "subject": "/sample-data/data-2651.json",
        "predicate": "http://www.w3.org/1999/02/22-rdf-syntax-ns#type",
        "object": "http://xmlns.com/foaf/0.1/Person"
      }
    },
    {
      "triple": {
        "subject": "/sample-data/data-2651.json",
        "predicate": "http://xmlns.com/foaf/0.1/knows",
        "object": "/sample-data/data-1021.json"
      }
    },
    {
      "triple": {
        "subject": "/sample-data/data-2651.json",
        "predicate": "http://xmlns.com/foaf/0.1/knows",
        "object": "/sample-data/data-713.json"
      }
    },
    {
      "triple": {
        "subject": "/sample-data/data-2651.json",
        "predicate": "http://xmlns.com/foaf/0.1/knows",
        "object": "/sample-data/data-1842.json"
      }
    }
  ]
}