{
  "_id": "55ee5e98bdfe90ff7a0d5a09",
  "index": 2942,
  "guid": "bbcb0742-5722-4bbc-9022-162c3fc4dce5",
  "isActive": false,
  "balance": "$50,888.25",
  "picture": "http://placehold.it/32x32",
  "age": 62,
  "eyeColor": "hazel",
  "name": "Forbes Newton",
  "gender": "male",
  "company": "ZOMBOID",
  "email": "forbesnewton@zomboid.com",
  "phone": "+1 (977) 491-2132",
  "address": "710 Sapphire Street, Collins, Mississippi, 331",
  "about": "Dolore ullamco pariatur fugiat labore do aute amet eu cillum exercitation. Deserunt est quis enim qui. Laboris ipsum adipisicing amet id duis esse. Commodo ullamco nisi sit duis Lorem sunt deserunt cillum aliquip est.\r\n",
  "registered": "2015-05-10T08:00:04-07:00",
  "tags": [
    "labore",
    "excepteur",
    "aute",
    "cillum",
    "amet",
    "occaecat",
    "nisi"
  ],
  "friends": [
    {
      "id": 0,
      "name": "Solomon Woodward"
    },
    {
      "id": 1,
      "name": "Everett Henry"
    },
    {
      "id": 2,
      "name": "Webb Conley"
    }
  ],
  "greeting": "Hello, Forbes Newton! You have 6 unread messages.",
  "favoriteFruit": "banana",
  "location": {
    "latitude": -47.147509,
    "longitude": 28.983423
  },
  "docFormat": "json",
  "triples": [
    {
      "triple": {
        "subject": "/sample-data/data-2942.json",
        "predicate": "http://www.w3.org/2000/01/rdf-schema#label",
        "object": "Forbes Newton"
      }
    },
    {
      "triple": {
        "subject": "/sample-data/data-2942.json",
        "predicate": "http://www.w3.org/1999/02/22-rdf-syntax-ns#type",
        "object": "http://xmlns.com/foaf/0.1/Person"
      }
    },
    {
      "triple": {
        "subject": "/sample-data/data-2942.json",
        "predicate": "http://xmlns.com/foaf/0.1/knows",
        "object": "/sample-data/data-2801.json"
      }
    },
    {
      "triple": {
        "subject": "/sample-data/data-2942.json",
        "predicate": "http://xmlns.com/foaf/0.1/knows",
        "object": "/sample-data/data-1321.json"
      }
    },
    {
      "triple": {
        "subject": "/sample-data/data-2942.json",
        "predicate": "http://xmlns.com/foaf/0.1/knows",
        "object": "/sample-data/data-1801.json"
      }
    }
  ]
}