{
  "_id": "55ee5e4456c5f002ffb0515a",
  "index": 1499,
  "guid": "24eaa4ed-1dd8-425e-9abb-ad340627c840",
  "isActive": false,
  "balance": "$37,897.32",
  "picture": "http://placehold.it/32x32",
  "age": 56,
  "eyeColor": "blue",
  "name": "Chelsea Mccall",
  "gender": "female",
  "company": "SKINSERVE",
  "email": "chelseamccall@skinserve.com",
  "phone": "+1 (961) 463-2035",
  "address": "275 Whitney Avenue, Wolcott, South Carolina, 1699",
  "about": "Laboris dolor incididunt sint dolor ut elit amet ullamco mollit nisi aute. Voluptate velit reprehenderit veniam aute ea cillum tempor. Est elit laborum esse ex velit labore deserunt est exercitation occaecat consequat elit dolor tempor. Laborum officia aute deserunt ipsum. Nostrud ex reprehenderit sit exercitation eiusmod.\r\n",
  "registered": "2015-06-09T02:33:21-07:00",
  "tags": [
    "amet",
    "ipsum",
    "culpa",
    "pariatur",
    "sint",
    "Lorem",
    "veniam"
  ],
  "friends": [
    {
      "id": 0,
      "name": "Kris Jacobs"
    },
    {
      "id": 1,
      "name": "Pearlie Mccray"
    },
    {
      "id": 2,
      "name": "Mckay Stout"
    }
  ],
  "greeting": "Hello, Chelsea Mccall! You have 1 unread messages.",
  "favoriteFruit": "orange",
  "location": {
    "latitude": 46.580928,
    "longitude": 153.342338
  },
  "docFormat": "json",
  "triples": [
    {
      "triple": {
        "subject": "/sample-data/data-1499.json",
        "predicate": "http://www.w3.org/2000/01/rdf-schema#label",
        "object": "Chelsea Mccall"
      }
    },
    {
      "triple": {
        "subject": "/sample-data/data-1499.json",
        "predicate": "http://www.w3.org/1999/02/22-rdf-syntax-ns#type",
        "object": "http://xmlns.com/foaf/0.1/Person"
      }
    },
    {
      "triple": {
        "subject": "/sample-data/data-1499.json",
        "predicate": "http://xmlns.com/foaf/0.1/knows",
        "object": "/sample-data/data-2658.json"
      }
    },
    {
      "triple": {
        "subject": "/sample-data/data-1499.json",
        "predicate": "http://xmlns.com/foaf/0.1/knows",
        "object": "/sample-data/data-2852.json"
      }
    },
    {
      "triple": {
        "subject": "/sample-data/data-1499.json",
        "predicate": "http://xmlns.com/foaf/0.1/knows",
        "object": "/sample-data/data-1457.json"
      }
    }
  ]
}