{
  "_id": "55ee5e446e5fc76a669a626c",
  "index": 351,
  "guid": "1d56314c-f7a7-438f-bdb2-e9be2c9f1882",
  "isActive": true,
  "balance": "$60,982.51",
  "picture": "http://placehold.it/32x32",
  "age": 32,
  "eyeColor": "brown",
  "name": "Gilliam Zamora",
  "gender": "male",
  "company": "CINASTER",
  "email": "gilliamzamora@cinaster.com",
  "phone": "+1 (853) 428-3523",
  "address": "821 Dwight Street, Rew, Northern Mariana Islands, 3377",
  "about": "Id labore ullamco ad eu aliquip deserunt ex ad fugiat. Aliqua ipsum qui minim in sint do veniam duis irure esse ea exercitation consectetur minim. Ea cupidatat velit eiusmod do laborum occaecat culpa excepteur veniam sint.\r\n",
  "registered": "2015-04-04T09:29:37-07:00",
  "tags": [
    "esse",
    "voluptate",
    "excepteur",
    "incididunt",
    "do",
    "elit",
    "amet"
  ],
  "friends": [
    {
      "id": 0,
      "name": "Perry Kerr"
    },
    {
      "id": 1,
      "name": "Bertie Holcomb"
    },
    {
      "id": 2,
      "name": "Debbie Moses"
    }
  ],
  "greeting": "Hello, Gilliam Zamora! You have 7 unread messages.",
  "favoriteFruit": "orange",
  "location": {
    "latitude": 76.239307,
    "longitude": 35.565803
  },
  "docFormat": "json",
  "triples": [
    {
      "triple": {
        "subject": "/sample-data/data-351.json",
        "predicate": "http://www.w3.org/2000/01/rdf-schema#label",
        "object": "Gilliam Zamora"
      }
    },
    {
      "triple": {
        "subject": "/sample-data/data-351.json",
        "predicate": "http://www.w3.org/1999/02/22-rdf-syntax-ns#type",
        "object": "http://xmlns.com/foaf/0.1/Person"
      }
    },
    {
      "triple": {
        "subject": "/sample-data/data-351.json",
        "predicate": "http://xmlns.com/foaf/0.1/knows",
        "object": "/sample-data/data-1669.json"
      }
    },
    {
      "triple": {
        "subject": "/sample-data/data-351.json",
        "predicate": "http://xmlns.com/foaf/0.1/knows",
        "object": "/sample-data/data-2165.json"
      }
    },
    {
      "triple": {
        "subject": "/sample-data/data-351.json",
        "predicate": "http://xmlns.com/foaf/0.1/knows",
        "object": "/sample-data/data-1112.json"
      }
    }
  ]
}