{
  "_id": "55ee5e44a7a0cb3e04338d84",
  "index": 812,
  "guid": "40b46187-1ca5-42f6-9ae2-bbf8765231d2",
  "isActive": false,
  "balance": "$47,669.95",
  "picture": "http://placehold.it/32x32",
  "age": 48,
  "eyeColor": "blue",
  "name": "Raymond Duffy",
  "gender": "male",
  "company": "ZAJ",
  "email": "raymondduffy@zaj.com",
  "phone": "+1 (890) 446-2688",
  "address": "959 Graham Avenue, Beechmont, Arizona, 7019",
  "about": "Consectetur nostrud est voluptate cillum excepteur dolor eiusmod excepteur duis irure nisi. Reprehenderit veniam in quis eiusmod minim ex excepteur dolor cupidatat veniam est officia duis cillum. Qui aliquip labore reprehenderit dolor exercitation labore qui amet dolor minim minim deserunt.\r\n",
  "registered": "2014-06-22T11:02:27-07:00",
  "tags": [
    "labore",
    "irure",
    "dolore",
    "consequat",
    "reprehenderit",
    "aliquip",
    "consectetur"
  ],
  "friends": [
    {
      "id": 0,
      "name": "Sonja Lucas"
    },
    {
      "id": 1,
      "name": "Clements Herring"
    },
    {
      "id": 2,
      "name": "Kara Weaver"
    }
  ],
  "greeting": "Hello, Raymond Duffy! You have 7 unread messages.",
  "favoriteFruit": "strawberry",
  "location": {
    "latitude": -38.225026,
    "longitude": -175.294946
  },
  "docFormat": "json",
  "triples": [
    {
      "triple": {
        "subject": "/sample-data/data-812.json",
        "predicate": "http://www.w3.org/2000/01/rdf-schema#label",
        "object": "Raymond Duffy"
      }
    },
    {
      "triple": {
        "subject": "/sample-data/data-812.json",
        "predicate": "http://www.w3.org/1999/02/22-rdf-syntax-ns#type",
        "object": "http://xmlns.com/foaf/0.1/Person"
      }
    },
    {
      "triple": {
        "subject": "/sample-data/data-812.json",
        "predicate": "http://xmlns.com/foaf/0.1/knows",
        "object": "/sample-data/data-2144.json"
      }
    },
    {
      "triple": {
        "subject": "/sample-data/data-812.json",
        "predicate": "http://xmlns.com/foaf/0.1/knows",
        "object": "/sample-data/data-974.json"
      }
    },
    {
      "triple": {
        "subject": "/sample-data/data-812.json",
        "predicate": "http://xmlns.com/foaf/0.1/knows",
        "object": "/sample-data/data-1172.json"
      }
    }
  ]
}