{
  "_id": "55ee5e988df240ca240a2de8",
  "index": 2489,
  "guid": "63b5082a-d591-4570-81f5-dcb7bbbf4199",
  "isActive": false,
  "balance": "$30,589.43",
  "picture": "http://placehold.it/32x32",
  "age": 56,
  "eyeColor": "honey",
  "name": "Lopez Barry",
  "gender": "male",
  "company": "KNOWLYSIS",
  "email": "lopezbarry@knowlysis.com",
  "phone": "+1 (944) 551-2779",
  "address": "678 Dahl Court, Bloomington, Idaho, 492",
  "about": "Dolor ad aute commodo nulla pariatur anim. Sit labore quis anim culpa non aute nulla mollit elit aliqua elit Lorem. Quis eiusmod aute commodo nisi excepteur officia est amet laborum aliqua pariatur exercitation ut dolore.\r\n",
  "registered": "2015-07-07T02:07:16-07:00",
  "tags": [
    "eiusmod",
    "irure",
    "ut",
    "sit",
    "id",
    "in",
    "ipsum"
  ],
  "friends": [
    {
      "id": 0,
      "name": "Shari Vinson"
    },
    {
      "id": 1,
      "name": "Powell Schneider"
    },
    {
      "id": 2,
      "name": "Lakeisha Frank"
    }
  ],
  "greeting": "Hello, Lopez Barry! You have 4 unread messages.",
  "favoriteFruit": "strawberry",
  "location": {
    "latitude": -33.438211,
    "longitude": 75.558848
  },
  "docFormat": "json",
  "triples": [
    {
      "triple": {
        "subject": "/sample-data/data-2489.json",
        "predicate": "http://www.w3.org/2000/01/rdf-schema#label",
        "object": "Lopez Barry"
      }
    },
    {
      "triple": {
        "subject": "/sample-data/data-2489.json",
        "predicate": "http://www.w3.org/1999/02/22-rdf-syntax-ns#type",
        "object": "http://xmlns.com/foaf/0.1/Person"
      }
    },
    {
      "triple": {
        "subject": "/sample-data/data-2489.json",
        "predicate": "http://xmlns.com/foaf/0.1/knows",
        "object": "/sample-data/data-2115.json"
      }
    },
    {
      "triple": {
        "subject": "/sample-data/data-2489.json",
        "predicate": "http://xmlns.com/foaf/0.1/knows",
        "object": "/sample-data/data-1523.json"
      }
    },
    {
      "triple": {
        "subject": "/sample-data/data-2489.json",
        "predicate": "http://xmlns.com/foaf/0.1/knows",
        "object": "/sample-data/data-351.json"
      }
    }
  ]
}