{
  "_id": "55ee5e9894132b99cb84c212",
  "index": 2169,
  "guid": "6466fce7-cf56-4d2b-b2bf-bffec4e0adca",
  "isActive": false,
  "balance": "$85,410.76",
  "picture": "http://placehold.it/32x32",
  "age": 68,
  "eyeColor": "gray",
  "name": "Blevins Waters",
  "gender": "male",
  "company": "AVENETRO",
  "email": "blevinswaters@avenetro.com",
  "phone": "+1 (990) 470-2679",
  "address": "640 Voorhies Avenue, Wacissa, Hawaii, 4409",
  "about": "In mollit id veniam eiusmod id enim laboris eiusmod in in irure. Id id dolore enim officia nostrud elit est nulla anim. Consequat occaecat ea occaecat magna quis nulla magna occaecat nostrud fugiat aliqua cillum.\r\n",
  "registered": "2014-07-29T07:38:40-07:00",
  "tags": [
    "irure",
    "Lorem",
    "esse",
    "Lorem",
    "nostrud",
    "eiusmod",
    "excepteur"
  ],
  "friends": [
    {
      "id": 0,
      "name": "Molina Reilly"
    },
    {
      "id": 1,
      "name": "Howard Sanchez"
    },
    {
      "id": 2,
      "name": "Josefa Walls"
    }
  ],
  "greeting": "Hello, Blevins Waters! You have 10 unread messages.",
  "favoriteFruit": "pear",
  "location": {
    "latitude": 57.471078,
    "longitude": 43.217732
  },
  "docFormat": "json",
  "triples": [
    {
      "triple": {
        "subject": "/sample-data/data-2169.json",
        "predicate": "http://www.w3.org/2000/01/rdf-schema#label",
        "object": "Blevins Waters"
      }
    },
    {
      "triple": {
        "subject": "/sample-data/data-2169.json",
        "predicate": "http://www.w3.org/1999/02/22-rdf-syntax-ns#type",
        "object": "http://xmlns.com/foaf/0.1/Person"
      }
    },
    {
      "triple": {
        "subject": "/sample-data/data-2169.json",
        "predicate": "http://xmlns.com/foaf/0.1/knows",
        "object": "/sample-data/data-2778.json"
      }
    },
    {
      "triple": {
        "subject": "/sample-data/data-2169.json",
        "predicate": "http://xmlns.com/foaf/0.1/knows",
        "object": "/sample-data/data-448.json"
      }
    },
    {
      "triple": {
        "subject": "/sample-data/data-2169.json",
        "predicate": "http://xmlns.com/foaf/0.1/knows",
        "object": "/sample-data/data-2312.json"
      }
    }
  ]
}