{
  "_id": "55ee5e98ddd07158addfac2b",
  "index": 2324,
  "guid": "5d6e4d7f-84b1-4a2b-a077-875ac2c691f6",
  "isActive": false,
  "balance": "$49,648.81",
  "picture": "http://placehold.it/32x32",
  "age": 63,
  "eyeColor": "amethyst",
  "name": "Vazquez Gates",
  "gender": "male",
  "company": "NEOCENT",
  "email": "vazquezgates@neocent.com",
  "phone": "+1 (875) 568-3271",
  "address": "896 Pierrepont Place, Gilmore, New Hampshire, 2102",
  "about": "Consectetur irure labore veniam pariatur quis ex pariatur sunt mollit adipisicing. Amet esse reprehenderit velit et culpa exercitation consequat do id adipisicing minim incididunt. Fugiat irure adipisicing culpa nulla officia voluptate anim.\r\n",
  "registered": "2014-06-30T02:50:46-07:00",
  "tags": [
    "elit",
    "velit",
    "aute",
    "esse",
    "proident",
    "esse",
    "ut"
  ],
  "friends": [
    {
      "id": 0,
      "name": "Frank Barnes"
    },
    {
      "id": 1,
      "name": "Justine Salazar"
    },
    {
      "id": 2,
      "name": "Hewitt Kent"
    }
  ],
  "greeting": "Hello, Vazquez Gates! You have 2 unread messages.",
  "favoriteFruit": "apple",
  "location": {
    "latitude": -80.170713,
    "longitude": -19.558438
  },
  "docFormat": "json",
  "triples": [
    {
      "triple": {
        "subject": "/sample-data/data-2324.json",
        "predicate": "http://www.w3.org/2000/01/rdf-schema#label",
        "object": "Vazquez Gates"
      }
    },
    {
      "triple": {
        "subject": "/sample-data/data-2324.json",
        "predicate": "http://www.w3.org/1999/02/22-rdf-syntax-ns#type",
        "object": "http://xmlns.com/foaf/0.1/Person"
      }
    },
    {
      "triple": {
        "subject": "/sample-data/data-2324.json",
        "predicate": "http://xmlns.com/foaf/0.1/knows",
        "object": "/sample-data/data-913.json"
      }
    },
    {
      "triple": {
        "subject": "/sample-data/data-2324.json",
        "predicate": "http://xmlns.com/foaf/0.1/knows",
        "object": "/sample-data/data-2770.json"
      }
    },
    {
      "triple": {
        "subject": "/sample-data/data-2324.json",
        "predicate": "http://xmlns.com/foaf/0.1/knows",
        "object": "/sample-data/data-1289.json"
      }
    }
  ]
}