{
  "_id": "55ee5e9853be4430868a335e",
  "index": 2684,
  "guid": "9e748d05-2424-4b85-891e-ebce1a5dc133",
  "isActive": false,
  "balance": "$30,333.07",
  "picture": "http://placehold.it/32x32",
  "age": 67,
  "eyeColor": "green",
  "name": "Pugh Potts",
  "gender": "male",
  "company": "SIGNITY",
  "email": "pughpotts@signity.com",
  "phone": "+1 (872) 551-2993",
  "address": "508 McKibben Street, Magnolia, Ohio, 8168",
  "about": "Officia consequat cupidatat deserunt eiusmod laboris cupidatat et tempor. Commodo labore laboris cillum elit. Nulla commodo reprehenderit magna reprehenderit cillum exercitation exercitation magna commodo irure. Dolor ex ad Lorem exercitation est elit cillum sint laborum.\r\n",
  "registered": "2014-07-05T01:05:52-07:00",
  "tags": [
    "esse",
    "elit",
    "do",
    "laboris",
    "et",
    "adipisicing",
    "consequat"
  ],
  "friends": [
    {
      "id": 0,
      "name": "Sawyer Garner"
    },
    {
      "id": 1,
      "name": "Tameka Collins"
    },
    {
      "id": 2,
      "name": "Leta Rojas"
    }
  ],
  "greeting": "Hello, Pugh Potts! You have 1 unread messages.",
  "favoriteFruit": "apple",
  "location": {
    "latitude": -80.796513,
    "longitude": 79.638099
  },
  "docFormat": "json",
  "triples": [
    {
      "triple": {
        "subject": "/sample-data/data-2684.json",
        "predicate": "http://www.w3.org/2000/01/rdf-schema#label",
        "object": "Pugh Potts"
      }
    },
    {
      "triple": {
        "subject": "/sample-data/data-2684.json",
        "predicate": "http://www.w3.org/1999/02/22-rdf-syntax-ns#type",
        "object": "http://xmlns.com/foaf/0.1/Person"
      }
    },
    {
      "triple": {
        "subject": "/sample-data/data-2684.json",
        "predicate": "http://xmlns.com/foaf/0.1/knows",
        "object": "/sample-data/data-281.json"
      }
    },
    {
      "triple": {
        "subject": "/sample-data/data-2684.json",
        "predicate": "http://xmlns.com/foaf/0.1/knows",
        "object": "/sample-data/data-1256.json"
      }
    },
    {
      "triple": {
        "subject": "/sample-data/data-2684.json",
        "predicate": "http://xmlns.com/foaf/0.1/knows",
        "object": "/sample-data/data-696.json"
      }
    }
  ]
}