{
  "_id": "55ee5e9889a97d09241872ef",
  "index": 2349,
  "guid": "5dfa6b31-8ca2-4f30-97da-2ebd9f1959b2",
  "isActive": true,
  "balance": "$97,391.67",
  "picture": "http://placehold.it/32x32",
  "age": 26,
  "eyeColor": "amethyst",
  "name": "Juliet Cantrell",
  "gender": "female",
  "company": "QUONATA",
  "email": "julietcantrell@quonata.com",
  "phone": "+1 (933) 409-2865",
  "address": "572 Hinsdale Street, Sunriver, North Dakota, 3895",
  "about": "Cillum nostrud fugiat fugiat ipsum est ullamco non do. Sint elit ex eiusmod cillum excepteur cillum reprehenderit. Pariatur dolor eiusmod aute velit mollit amet magna dolore voluptate fugiat dolor. Ad cupidatat ut enim nulla dolore cillum mollit cillum anim aliqua culpa velit elit. Consectetur labore occaecat magna aliqua. Sunt commodo sunt consectetur do in ad in nostrud anim id sit dolor in ad.\r\n",
  "registered": "2014-06-09T02:19:32-07:00",
  "tags": [
    "labore",
    "duis",
    "ullamco",
    "culpa",
    "cupidatat",
    "elit",
    "cupidatat"
  ],
  "friends": [
    {
      "id": 0,
      "name": "Nixon Molina"
    },
    {
      "id": 1,
      "name": "Roxie Livingston"
    },
    {
      "id": 2,
      "name": "Le Clarke"
    }
  ],
  "greeting": "Hello, Juliet Cantrell! You have 10 unread messages.",
  "favoriteFruit": "apple",
  "location": {
    "latitude": 43.425528,
    "longitude": 55.639586
  },
  "docFormat": "json",
  "triples": [
    {
      "triple": {
        "subject": "/sample-data/data-2349.json",
        "predicate": "http://www.w3.org/2000/01/rdf-schema#label",
        "object": "Juliet Cantrell"
      }
    },
    {
      "triple": {
        "subject": "/sample-data/data-2349.json",
        "predicate": "http://www.w3.org/1999/02/22-rdf-syntax-ns#type",
        "object": "http://xmlns.com/foaf/0.1/Person"
      }
    },
    {
      "triple": {
        "subject": "/sample-data/data-2349.json",
        "predicate": "http://xmlns.com/foaf/0.1/knows",
        "object": "/sample-data/data-187.json"
      }
    },
    {
      "triple": {
        "subject": "/sample-data/data-2349.json",
        "predicate": "http://xmlns.com/foaf/0.1/knows",
        "object": "/sample-data/data-311.json"
      }
    },
    {
      "triple": {
        "subject": "/sample-data/data-2349.json",
        "predicate": "http://xmlns.com/foaf/0.1/knows",
        "object": "/sample-data/data-2014.json"
      }
    }
  ]
}