{
  "_id": "55ee5e44adb1000c1fb04521",
  "index": 258,
  "guid": "e28c1a6e-ca81-49b5-b1ec-aa99c4bcd191",
  "isActive": false,
  "balance": "$59,266.68",
  "picture": "http://placehold.it/32x32",
  "age": 47,
  "eyeColor": "green",
  "name": "Patterson Merrill",
  "gender": "male",
  "company": "IMKAN",
  "email": "pattersonmerrill@imkan.com",
  "phone": "+1 (818) 473-2895",
  "address": "417 Walker Court, Goldfield, Delaware, 6594",
  "about": "Non nulla ea ea esse anim. Labore fugiat do velit fugiat fugiat non sunt ex non. Magna est cupidatat consequat officia deserunt amet commodo pariatur. Dolor adipisicing velit consectetur cupidatat cillum quis laboris qui.\r\n",
  "registered": "2014-09-08T02:24:53-07:00",
  "tags": [
    "amet",
    "et",
    "ut",
    "reprehenderit",
    "pariatur",
    "consequat",
    "in"
  ],
  "friends": [
    {
      "id": 0,
      "name": "Linda Carrillo"
    },
    {
      "id": 1,
      "name": "Estes Houston"
    },
    {
      "id": 2,
      "name": "Hamilton Valentine"
    }
  ],
  "greeting": "Hello, Patterson Merrill! You have 4 unread messages.",
  "favoriteFruit": "orange",
  "location": {
    "latitude": -14.314534,
    "longitude": -105.261877
  },
  "docFormat": "json",
  "triples": [
    {
      "triple": {
        "subject": "/sample-data/data-258.json",
        "predicate": "http://www.w3.org/2000/01/rdf-schema#label",
        "object": "Patterson Merrill"
      }
    },
    {
      "triple": {
        "subject": "/sample-data/data-258.json",
        "predicate": "http://www.w3.org/1999/02/22-rdf-syntax-ns#type",
        "object": "http://xmlns.com/foaf/0.1/Person"
      }
    },
    {
      "triple": {
        "subject": "/sample-data/data-258.json",
        "predicate": "http://xmlns.com/foaf/0.1/knows",
        "object": "/sample-data/data-1531.json"
      }
    },
    {
      "triple": {
        "subject": "/sample-data/data-258.json",
        "predicate": "http://xmlns.com/foaf/0.1/knows",
        "object": "/sample-data/data-2257.json"
      }
    },
    {
      "triple": {
        "subject": "/sample-data/data-258.json",
        "predicate": "http://xmlns.com/foaf/0.1/knows",
        "object": "/sample-data/data-2996.json"
      }
    }
  ]
}