{
  "_id": "55ee5e98035e65b94dcf0192",
  "index": 2779,
  "guid": "a2d74638-a832-401b-838f-15582230501c",
  "isActive": true,
  "balance": "$71,307.76",
  "picture": "http://placehold.it/32x32",
  "age": 53,
  "eyeColor": "honey",
  "name": "Eva Dickerson",
  "gender": "female",
  "company": "HYPLEX",
  "email": "evadickerson@hyplex.com",
  "phone": "+1 (841) 545-3247",
  "address": "112 Kay Court, Conway, Idaho, 9511",
  "about": "Laborum cillum dolore minim esse ullamco eu voluptate adipisicing eu. Voluptate velit commodo sunt magna in qui magna amet nostrud. Veniam fugiat enim velit laboris. Enim Lorem incididunt magna id. Nostrud labore esse anim ut mollit pariatur ipsum magna amet officia non officia est veniam.\r\n",
  "registered": "2015-08-18T08:27:07-07:00",
  "tags": [
    "exercitation",
    "Lorem",
    "reprehenderit",
    "deserunt",
    "Lorem",
    "in",
    "est"
  ],
  "friends": [
    {
      "id": 0,
      "name": "Schmidt Maynard"
    },
    {
      "id": 1,
      "name": "Marian Banks"
    },
    {
      "id": 2,
      "name": "Cooley Bailey"
    }
  ],
  "greeting": "Hello, Eva Dickerson! You have 2 unread messages.",
  "favoriteFruit": "apple",
  "location": {
    "latitude": -19.704978,
    "longitude": -68.8177
  },
  "docFormat": "json",
  "triples": [
    {
      "triple": {
        "subject": "/sample-data/data-2779.json",
        "predicate": "http://www.w3.org/2000/01/rdf-schema#label",
        "object": "Eva Dickerson"
      }
    },
    {
      "triple": {
        "subject": "/sample-data/data-2779.json",
        "predicate": "http://www.w3.org/1999/02/22-rdf-syntax-ns#type",
        "object": "http://xmlns.com/foaf/0.1/Person"
      }
    },
    {
      "triple": {
        "subject": "/sample-data/data-2779.json",
        "predicate": "http://xmlns.com/foaf/0.1/knows",
        "object": "/sample-data/data-1812.json"
      }
    },
    {
      "triple": {
        "subject": "/sample-data/data-2779.json",
        "predicate": "http://xmlns.com/foaf/0.1/knows",
        "object": "/sample-data/data-984.json"
      }
    },
    {
      "triple": {
        "subject": "/sample-data/data-2779.json",
        "predicate": "http://xmlns.com/foaf/0.1/knows",
        "object": "/sample-data/data-2652.json"
      }
    }
  ]
}