{
  "_id": "55ee5e451f024d37b120646f",
  "index": 1709,
  "guid": "99ce6841-713e-4459-9517-d7c4eecf28ea",
  "isActive": true,
  "balance": "$3,219.43",
  "picture": "http://placehold.it/32x32",
  "age": 40,
  "eyeColor": "brown",
  "name": "Arlene Perkins",
  "gender": "female",
  "company": "GROK",
  "email": "arleneperkins@grok.com",
  "phone": "+1 (960) 463-3920",
  "address": "778 Danforth Street, Harmon, Hawaii, 1282",
  "about": "Consectetur eu duis ex exercitation laboris esse officia. Elit irure aliqua tempor sit incididunt adipisicing proident deserunt officia proident adipisicing. Magna cillum minim reprehenderit aliquip labore eiusmod sint pariatur ut aliqua adipisicing quis proident magna. Commodo elit anim irure commodo anim ipsum sint do.\r\n",
  "registered": "2014-12-03T09:58:36-07:00",
  "tags": [
    "excepteur",
    "velit",
    "irure",
    "consectetur",
    "velit",
    "fugiat",
    "commodo"
  ],
  "friends": [
    {
      "id": 0,
      "name": "Campbell Mckinney"
    },
    {
      "id": 1,
      "name": "Wyatt Colon"
    },
    {
      "id": 2,
      "name": "Marguerite Durham"
    }
  ],
  "greeting": "Hello, Arlene Perkins! You have 5 unread messages.",
  "favoriteFruit": "strawberry",
  "location": {
    "latitude": 62.986124,
    "longitude": -140.418673
  },
  "docFormat": "json",
  "triples": [
    {
      "triple": {
        "subject": "/sample-data/data-1709.json",
        "predicate": "http://www.w3.org/2000/01/rdf-schema#label",
        "object": "Arlene Perkins"
      }
    },
    {
      "triple": {
        "subject": "/sample-data/data-1709.json",
        "predicate": "http://www.w3.org/1999/02/22-rdf-syntax-ns#type",
        "object": "http://xmlns.com/foaf/0.1/Person"
      }
    },
    {
      "triple": {
        "subject": "/sample-data/data-1709.json",
        "predicate": "http://xmlns.com/foaf/0.1/knows",
        "object": "/sample-data/data-460.json"
      }
    },
    {
      "triple": {
        "subject": "/sample-data/data-1709.json",
        "predicate": "http://xmlns.com/foaf/0.1/knows",
        "object": "/sample-data/data-2672.json"
      }
    },
    {
      "triple": {
        "subject": "/sample-data/data-1709.json",
        "predicate": "http://xmlns.com/foaf/0.1/knows",
        "object": "/sample-data/data-1131.json"
      }
    }
  ]
}