{
  "_id": "55ee5e98dafe1a513055991a",
  "index": 2237,
  "guid": "b5c7ace7-1ce2-4d1d-ab62-e405af939748",
  "isActive": true,
  "balance": "$89,515.41",
  "picture": "http://placehold.it/32x32",
  "age": 54,
  "eyeColor": "gray",
  "name": "Reyna Stephens",
  "gender": "female",
  "company": "BIOLIVE",
  "email": "reynastephens@biolive.com",
  "phone": "+1 (837) 414-3905",
  "address": "939 Crown Street, Alderpoint, Pennsylvania, 6334",
  "about": "Non dolore laboris culpa labore culpa eu nulla esse aute cillum aute esse. Nulla ad irure non sint tempor veniam proident aute. Dolore veniam mollit reprehenderit excepteur ea aute tempor eu laborum fugiat fugiat sint ut. Elit in voluptate labore voluptate commodo non aliquip excepteur nostrud laborum. Dolore irure occaecat sunt Lorem proident nostrud aute labore do elit. Exercitation aute laboris cupidatat esse non cupidatat aliquip commodo cillum consectetur culpa. In in consectetur nostrud fugiat est excepteur enim commodo esse est.\r\n",
  "registered": "2014-06-06T09:10:45-07:00",
  "tags": [
    "aute",
    "do",
    "veniam",
    "tempor",
    "est",
    "eu",
    "adipisicing"
  ],
  "friends": [
    {
      "id": 0,
      "name": "Adeline Huffman"
    },
    {
      "id": 1,
      "name": "Susanne Puckett"
    },
    {
      "id": 2,
      "name": "Gilbert Castaneda"
    }
  ],
  "greeting": "Hello, Reyna Stephens! You have 7 unread messages.",
  "favoriteFruit": "pear",
  "location": {
    "latitude": 74.972743,
    "longitude": 48.801225
  },
  "docFormat": "json",
  "triples": [
    {
      "triple": {
        "subject": "/sample-data/data-2237.json",
        "predicate": "http://www.w3.org/2000/01/rdf-schema#label",
        "object": "Reyna Stephens"
      }
    },
    {
      "triple": {
        "subject": "/sample-data/data-2237.json",
        "predicate": "http://www.w3.org/1999/02/22-rdf-syntax-ns#type",
        "object": "http://xmlns.com/foaf/0.1/Person"
      }
    },
    {
      "triple": {
        "subject": "/sample-data/data-2237.json",
        "predicate": "http://xmlns.com/foaf/0.1/knows",
        "object": "/sample-data/data-508.json"
      }
    },
    {
      "triple": {
        "subject": "/sample-data/data-2237.json",
        "predicate": "http://xmlns.com/foaf/0.1/knows",
        "object": "/sample-data/data-1177.json"
      }
    },
    {
      "triple": {
        "subject": "/sample-data/data-2237.json",
        "predicate": "http://xmlns.com/foaf/0.1/knows",
        "object": "/sample-data/data-1884.json"
      }
    }
  ]
}