{
  "_id": "55ee5e44feb1233d50ed37c0",
  "index": 46,
  "guid": "bd9c7521-dbc1-4a72-8206-6f0d89c9eecd",
  "isActive": false,
  "balance": "$42,732.08",
  "picture": "http://placehold.it/32x32",
  "age": 29,
  "eyeColor": "green",
  "name": "Savage Stephenson",
  "gender": "male",
  "company": "METROZ",
  "email": "savagestephenson@metroz.com",
  "phone": "+1 (995) 471-2775",
  "address": "791 Halsey Street, Orin, Kentucky, 1515",
  "about": "Cillum sit ullamco dolor culpa eu cillum id ullamco dolore laboris amet. Voluptate ut esse mollit veniam. Magna fugiat Lorem cillum nulla in commodo consectetur. Aliqua ipsum reprehenderit proident ad magna veniam.\r\n",
  "registered": "2014-02-28T01:14:12-07:00",
  "tags": [
    "do",
    "ex",
    "occaecat",
    "deserunt",
    "amet",
    "commodo",
    "ullamco"
  ],
  "friends": [
    {
      "id": 0,
      "name": "England Avila"
    },
    {
      "id": 1,
      "name": "Phillips Cobb"
    },
    {
      "id": 2,
      "name": "Mcmahon Hensley"
    }
  ],
  "greeting": "Hello, Savage Stephenson! You have 1 unread messages.",
  "favoriteFruit": "pear",
  "location": {
    "latitude": 46.695153,
    "longitude": -81.898077
  },
  "docFormat": "json",
  "triples": [
    {
      "triple": {
        "subject": "/sample-data/data-46.json",
        "predicate": "http://www.w3.org/2000/01/rdf-schema#label",
        "object": "Savage Stephenson"
      }
    },
    {
      "triple": {
        "subject": "/sample-data/data-46.json",
        "predicate": "http://www.w3.org/1999/02/22-rdf-syntax-ns#type",
        "object": "http://xmlns.com/foaf/0.1/Person"
      }
    },
    {
      "triple": {
        "subject": "/sample-data/data-46.json",
        "predicate": "http://xmlns.com/foaf/0.1/knows",
        "object": "/sample-data/data-2023.json"
      }
    },
    {
      "triple": {
        "subject": "/sample-data/data-46.json",
        "predicate": "http://xmlns.com/foaf/0.1/knows",
        "object": "/sample-data/data-927.json"
      }
    },
    {
      "triple": {
        "subject": "/sample-data/data-46.json",
        "predicate": "http://xmlns.com/foaf/0.1/knows",
        "object": "/sample-data/data-1540.json"
      }
    }
  ]
}