{
  "_id": "55ee5e4457857b8dee04c35e",
  "index": 672,
  "guid": "d04665ee-98b2-4c99-b015-b234e7e4b542",
  "isActive": true,
  "balance": "$2,607.96",
  "picture": "http://placehold.it/32x32",
  "age": 64,
  "eyeColor": "brown",
  "name": "Logan Bird",
  "gender": "male",
  "company": "CIRCUM",
  "email": "loganbird@circum.com",
  "phone": "+1 (928) 417-2387",
  "address": "344 Hastings Street, Waterloo, Idaho, 1049",
  "about": "Lorem voluptate duis do est non consectetur elit amet enim laboris. Ad anim dolor magna esse in sit id consequat velit qui. Sit culpa quis dolor sint sit anim labore veniam sunt deserunt Lorem ea culpa. Amet nostrud do adipisicing labore veniam do tempor minim nulla consequat aliquip Lorem commodo sunt. Ad Lorem pariatur aute nostrud magna velit occaecat incididunt aliquip. Ullamco cupidatat laborum quis magna voluptate aute est. Et nulla Lorem fugiat irure incididunt id.\r\n",
  "registered": "2014-06-01T02:48:22-07:00",
  "tags": [
    "reprehenderit",
    "aliqua",
    "consequat",
    "proident",
    "excepteur",
    "nisi",
    "consequat"
  ],
  "friends": [
    {
      "id": 0,
      "name": "Marie Morin"
    },
    {
      "id": 1,
      "name": "Rosella Morgan"
    },
    {
      "id": 2,
      "name": "Terry Sparks"
    }
  ],
  "greeting": "Hello, Logan Bird! You have 9 unread messages.",
  "favoriteFruit": "pear",
  "location": {
    "latitude": 19.61169,
    "longitude": -37.519519
  },
  "docFormat": "json",
  "triples": [
    {
      "triple": {
        "subject": "/sample-data/data-672.json",
        "predicate": "http://www.w3.org/2000/01/rdf-schema#label",
        "object": "Logan Bird"
      }
    },
    {
      "triple": {
        "subject": "/sample-data/data-672.json",
        "predicate": "http://www.w3.org/1999/02/22-rdf-syntax-ns#type",
        "object": "http://xmlns.com/foaf/0.1/Person"
      }
    },
    {
      "triple": {
        "subject": "/sample-data/data-672.json",
        "predicate": "http://xmlns.com/foaf/0.1/knows",
        "object": "/sample-data/data-297.json"
      }
    },
    {
      "triple": {
        "subject": "/sample-data/data-672.json",
        "predicate": "http://xmlns.com/foaf/0.1/knows",
        "object": "/sample-data/data-672.json"
      }
    },
    {
      "triple": {
        "subject": "/sample-data/data-672.json",
        "predicate": "http://xmlns.com/foaf/0.1/knows",
        "object": "/sample-data/data-2689.json"
      }
    }
  ]
}