{
  "_id": "55ee5e98a2b783545fc78171",
  "index": 2719,
  "guid": "92d61175-a7f4-4b31-aceb-726c443f71e6",
  "isActive": true,
  "balance": "$98,687.15",
  "picture": "http://placehold.it/32x32",
  "age": 64,
  "eyeColor": "brown",
  "name": "Ellis Floyd",
  "gender": "male",
  "company": "OMATOM",
  "email": "ellisfloyd@omatom.com",
  "phone": "+1 (883) 504-3602",
  "address": "982 Strong Place, Westboro, Arkansas, 3535",
  "about": "Consectetur non fugiat dolore ut anim aute proident cupidatat et nostrud Lorem laborum anim nulla. Enim magna aliqua ad commodo dolor laboris consectetur velit et sunt exercitation elit enim. Et quis sint sunt nisi id est minim id elit reprehenderit. Aliquip deserunt ipsum nulla irure laboris occaecat exercitation sunt nisi cupidatat ad enim. Cupidatat voluptate ut id labore esse. Ipsum enim veniam aute eiusmod anim officia laborum adipisicing do culpa aliqua. Fugiat aute nostrud do laborum incididunt est nostrud enim et veniam.\r\n",
  "registered": "2014-06-08T04:22:20-07:00",
  "tags": [
    "aliqua",
    "Lorem",
    "deserunt",
    "et",
    "aliqua",
    "non",
    "pariatur"
  ],
  "friends": [
    {
      "id": 0,
      "name": "Williamson Erickson"
    },
    {
      "id": 1,
      "name": "Rowland Allen"
    },
    {
      "id": 2,
      "name": "Wade Booker"
    }
  ],
  "greeting": "Hello, Ellis Floyd! You have 10 unread messages.",
  "favoriteFruit": "banana",
  "location": {
    "latitude": 22.731405,
    "longitude": 155.039935
  },
  "docFormat": "json",
  "triples": [
    {
      "triple": {
        "subject": "/sample-data/data-2719.json",
        "predicate": "http://www.w3.org/2000/01/rdf-schema#label",
        "object": "Ellis Floyd"
      }
    },
    {
      "triple": {
        "subject": "/sample-data/data-2719.json",
        "predicate": "http://www.w3.org/1999/02/22-rdf-syntax-ns#type",
        "object": "http://xmlns.com/foaf/0.1/Person"
      }
    },
    {
      "triple": {
        "subject": "/sample-data/data-2719.json",
        "predicate": "http://xmlns.com/foaf/0.1/knows",
        "object": "/sample-data/data-1029.json"
      }
    },
    {
      "triple": {
        "subject": "/sample-data/data-2719.json",
        "predicate": "http://xmlns.com/foaf/0.1/knows",
        "object": "/sample-data/data-1655.json"
      }
    },
    {
      "triple": {
        "subject": "/sample-data/data-2719.json",
        "predicate": "http://xmlns.com/foaf/0.1/knows",
        "object": "/sample-data/data-2829.json"
      }
    }
  ]
}