{
  "_id": "55ee5e44960a794aee3d0fa7",
  "index": 632,
  "guid": "7be439de-0b6f-472c-90c8-3dce8c038bd7",
  "isActive": false,
  "balance": "$62,124.24",
  "picture": "http://placehold.it/32x32",
  "age": 23,
  "eyeColor": "brown",
  "name": "Estela Carter",
  "gender": "female",
  "company": "SEQUITUR",
  "email": "estelacarter@sequitur.com",
  "phone": "+1 (860) 444-2950",
  "address": "750 Wyona Street, Charco, Utah, 8991",
  "about": "Officia proident ut ea id anim nisi elit irure consectetur anim. Amet deserunt laborum velit ex laboris labore ea incididunt adipisicing proident cupidatat. Dolore reprehenderit cupidatat cupidatat amet do aute proident Lorem mollit consequat excepteur adipisicing ut quis. Aliqua tempor aliquip cupidatat sunt. Quis pariatur in veniam ipsum quis minim deserunt ullamco Lorem minim sint.\r\n",
  "registered": "2015-07-12T09:11:43-07:00",
  "tags": [
    "culpa",
    "veniam",
    "ea",
    "cupidatat",
    "ad",
    "cupidatat",
    "Lorem"
  ],
  "friends": [
    {
      "id": 0,
      "name": "Boone Harrison"
    },
    {
      "id": 1,
      "name": "Koch Maynard"
    },
    {
      "id": 2,
      "name": "Molly Richardson"
    }
  ],
  "greeting": "Hello, Estela Carter! You have 6 unread messages.",
  "favoriteFruit": "orange",
  "location": {
    "latitude": -49.64047,
    "longitude": 109.224341
  },
  "docFormat": "json",
  "triples": [
    {
      "triple": {
        "subject": "/sample-data/data-632.json",
        "predicate": "http://www.w3.org/2000/01/rdf-schema#label",
        "object": "Estela Carter"
      }
    },
    {
      "triple": {
        "subject": "/sample-data/data-632.json",
        "predicate": "http://www.w3.org/1999/02/22-rdf-syntax-ns#type",
        "object": "http://xmlns.com/foaf/0.1/Person"
      }
    },
    {
      "triple": {
        "subject": "/sample-data/data-632.json",
        "predicate": "http://xmlns.com/foaf/0.1/knows",
        "object": "/sample-data/data-459.json"
      }
    },
    {
      "triple": {
        "subject": "/sample-data/data-632.json",
        "predicate": "http://xmlns.com/foaf/0.1/knows",
        "object": "/sample-data/data-2838.json"
      }
    },
    {
      "triple": {
        "subject": "/sample-data/data-632.json",
        "predicate": "http://xmlns.com/foaf/0.1/knows",
        "object": "/sample-data/data-2443.json"
      }
    }
  ]
}