{
  "_id": "55ee5e45e07b4fe60a40656a",
  "index": 1753,
  "guid": "c99c99af-86c1-4473-891d-62cc933586cc",
  "isActive": false,
  "balance": "$69,650.98",
  "picture": "http://placehold.it/32x32",
  "age": 55,
  "eyeColor": "green",
  "name": "Cooke Phelps",
  "gender": "male",
  "company": "ROUGHIES",
  "email": "cookephelps@roughies.com",
  "phone": "+1 (972) 489-3114",
  "address": "307 Oliver Street, Cobbtown, Georgia, 3108",
  "about": "Ea dolor incididunt ipsum proident ex culpa nostrud. Aliquip quis voluptate deserunt officia officia voluptate est anim. Ad tempor dolore ex culpa nulla irure esse tempor nostrud cillum. Exercitation velit nostrud magna enim. Cillum id pariatur et consectetur proident ea consectetur minim. Cupidatat laboris enim ullamco cupidatat officia. Sint nostrud consequat dolore voluptate ipsum aliqua nostrud velit.\r\n",
  "registered": "2014-12-04T05:25:33-07:00",
  "tags": [
    "enim",
    "deserunt",
    "labore",
    "ex",
    "proident",
    "incididunt",
    "labore"
  ],
  "friends": [
    {
      "id": 0,
      "name": "Monica Lindsey"
    },
    {
      "id": 1,
      "name": "Willis Drake"
    },
    {
      "id": 2,
      "name": "Guzman Graves"
    }
  ],
  "greeting": "Hello, Cooke Phelps! You have 5 unread messages.",
  "favoriteFruit": "apple",
  "location": {
    "latitude": -66.547671,
    "longitude": -147.282745
  },
  "docFormat": "json",
  "triples": [
    {
      "triple": {
        "subject": "/sample-data/data-1753.json",
        "predicate": "http://www.w3.org/2000/01/rdf-schema#label",
        "object": "Cooke Phelps"
      }
    },
    {
      "triple": {
        "subject": "/sample-data/data-1753.json",
        "predicate": "http://www.w3.org/1999/02/22-rdf-syntax-ns#type",
        "object": "http://xmlns.com/foaf/0.1/Person"
      }
    },
    {
      "triple": {
        "subject": "/sample-data/data-1753.json",
        "predicate": "http://xmlns.com/foaf/0.1/knows",
        "object": "/sample-data/data-2301.json"
      }
    },
    {
      "triple": {
        "subject": "/sample-data/data-1753.json",
        "predicate": "http://xmlns.com/foaf/0.1/knows",
        "object": "/sample-data/data-1263.json"
      }
    },
    {
      "triple": {
        "subject": "/sample-data/data-1753.json",
        "predicate": "http://xmlns.com/foaf/0.1/knows",
        "object": "/sample-data/data-2821.json"
      }
    }
  ]
}