{
  "_id": "55ee5e9878d86d9875234d40",
  "index": 2132,
  "guid": "b290ce27-a622-4f06-8531-3fac2bd5079e",
  "isActive": false,
  "balance": "$47,889.13",
  "picture": "http://placehold.it/32x32",
  "age": 41,
  "eyeColor": "gray",
  "name": "Alba Sanders",
  "gender": "female",
  "company": "VALREDA",
  "email": "albasanders@valreda.com",
  "phone": "+1 (954) 520-3335",
  "address": "492 Victor Road, Tetherow, Minnesota, 8725",
  "about": "Aliqua sit do exercitation aliqua amet commodo amet nostrud qui Lorem incididunt. Elit esse sit et ad eiusmod elit occaecat deserunt eiusmod ad do eiusmod. Duis consequat proident irure cupidatat aliquip amet nostrud.\r\n",
  "registered": "2015-04-20T11:31:22-07:00",
  "tags": [
    "adipisicing",
    "aliquip",
    "minim",
    "commodo",
    "do",
    "irure",
    "velit"
  ],
  "friends": [
    {
      "id": 0,
      "name": "Farrell Gallegos"
    },
    {
      "id": 1,
      "name": "Ginger Harrell"
    },
    {
      "id": 2,
      "name": "Bobbi Newman"
    }
  ],
  "greeting": "Hello, Alba Sanders! You have 8 unread messages.",
  "favoriteFruit": "orange",
  "location": {
    "latitude": 42.767412,
    "longitude": -164.507028
  },
  "docFormat": "json",
  "triples": [
    {
      "triple": {
        "subject": "/sample-data/data-2132.json",
        "predicate": "http://www.w3.org/2000/01/rdf-schema#label",
        "object": "Alba Sanders"
      }
    },
    {
      "triple": {
        "subject": "/sample-data/data-2132.json",
        "predicate": "http://www.w3.org/1999/02/22-rdf-syntax-ns#type",
        "object": "http://xmlns.com/foaf/0.1/Person"
      }
    },
    {
      "triple": {
        "subject": "/sample-data/data-2132.json",
        "predicate": "http://xmlns.com/foaf/0.1/knows",
        "object": "/sample-data/data-2522.json"
      }
    },
    {
      "triple": {
        "subject": "/sample-data/data-2132.json",
        "predicate": "http://xmlns.com/foaf/0.1/knows",
        "object": "/sample-data/data-1408.json"
      }
    },
    {
      "triple": {
        "subject": "/sample-data/data-2132.json",
        "predicate": "http://xmlns.com/foaf/0.1/knows",
        "object": "/sample-data/data-1847.json"
      }
    }
  ]
}