{
  "_id": "55ee5e983a1a26d926323d28",
  "index": 2759,
  "guid": "829874fa-d785-4129-9e40-91c9e17a5d4e",
  "isActive": false,
  "balance": "$63,428.62",
  "picture": "http://placehold.it/32x32",
  "age": 46,
  "eyeColor": "gray",
  "name": "Adrienne Hatfield",
  "gender": "female",
  "company": "SKINSERVE",
  "email": "adriennehatfield@skinserve.com",
  "phone": "+1 (898) 577-2662",
  "address": "376 Dunne Place, Chapin, Pennsylvania, 3045",
  "about": "Qui sit id quis eu pariatur id dolore culpa exercitation veniam. Excepteur ea velit do et. Ex Lorem cillum elit aliqua sit. Ad id officia adipisicing magna. Incididunt est quis in laborum.\r\n",
  "registered": "2014-04-02T06:53:00-07:00",
  "tags": [
    "eiusmod",
    "velit",
    "incididunt",
    "aliqua",
    "nisi",
    "minim",
    "veniam"
  ],
  "friends": [
    {
      "id": 0,
      "name": "Barlow Mcneil"
    },
    {
      "id": 1,
      "name": "Owens Gutierrez"
    },
    {
      "id": 2,
      "name": "Eloise Bean"
    }
  ],
  "greeting": "Hello, Adrienne Hatfield! You have 8 unread messages.",
  "favoriteFruit": "orange",
  "location": {
    "latitude": -36.903579,
    "longitude": -69.274554
  },
  "docFormat": "json",
  "triples": [
    {
      "triple": {
        "subject": "/sample-data/data-2759.json",
        "predicate": "http://www.w3.org/2000/01/rdf-schema#label",
        "object": "Adrienne Hatfield"
      }
    },
    {
      "triple": {
        "subject": "/sample-data/data-2759.json",
        "predicate": "http://www.w3.org/1999/02/22-rdf-syntax-ns#type",
        "object": "http://xmlns.com/foaf/0.1/Person"
      }
    },
    {
      "triple": {
        "subject": "/sample-data/data-2759.json",
        "predicate": "http://xmlns.com/foaf/0.1/knows",
        "object": "/sample-data/data-1680.json"
      }
    },
    {
      "triple": {
        "subject": "/sample-data/data-2759.json",
        "predicate": "http://xmlns.com/foaf/0.1/knows",
        "object": "/sample-data/data-2597.json"
      }
    },
    {
      "triple": {
        "subject": "/sample-data/data-2759.json",
        "predicate": "http://xmlns.com/foaf/0.1/knows",
        "object": "/sample-data/data-1273.json"
      }
    }
  ]
}