{
  "_id": "55ee5e9831ac747afc740089",
  "index": 2076,
  "guid": "f5119efc-a0e4-4872-862e-8201415b3390",
  "isActive": true,
  "balance": "$10,876.13",
  "picture": "http://placehold.it/32x32",
  "age": 54,
  "eyeColor": "amethyst",
  "name": "Toni Stark",
  "gender": "female",
  "company": "QUAREX",
  "email": "tonistark@quarex.com",
  "phone": "+1 (860) 511-2598",
  "address": "978 Matthews Court, Deercroft, Rhode Island, 332",
  "about": "Excepteur dolor ipsum eu cupidatat amet non enim dolore ea in sit. Minim ipsum cillum ipsum proident excepteur excepteur mollit sit culpa. Ad adipisicing cillum veniam pariatur irure enim adipisicing. Nulla laborum aliquip aliquip adipisicing est nisi qui incididunt ullamco laborum labore qui nostrud aliquip.\r\n",
  "registered": "2015-07-14T08:19:26-07:00",
  "tags": [
    "id",
    "id",
    "labore",
    "esse",
    "tempor",
    "ipsum",
    "esse"
  ],
  "friends": [
    {
      "id": 0,
      "name": "Marcy Wise"
    },
    {
      "id": 1,
      "name": "Whitfield Fernandez"
    },
    {
      "id": 2,
      "name": "Morse Mcmahon"
    }
  ],
  "greeting": "Hello, Toni Stark! You have 9 unread messages.",
  "favoriteFruit": "apple",
  "location": {
    "latitude": 76.098926,
    "longitude": 40.677327
  },
  "docFormat": "json",
  "triples": [
    {
      "triple": {
        "subject": "/sample-data/data-2076.json",
        "predicate": "http://www.w3.org/2000/01/rdf-schema#label",
        "object": "Toni Stark"
      }
    },
    {
      "triple": {
        "subject": "/sample-data/data-2076.json",
        "predicate": "http://www.w3.org/1999/02/22-rdf-syntax-ns#type",
        "object": "http://xmlns.com/foaf/0.1/Person"
      }
    },
    {
      "triple": {
        "subject": "/sample-data/data-2076.json",
        "predicate": "http://xmlns.com/foaf/0.1/knows",
        "object": "/sample-data/data-1477.json"
      }
    },
    {
      "triple": {
        "subject": "/sample-data/data-2076.json",
        "predicate": "http://xmlns.com/foaf/0.1/knows",
        "object": "/sample-data/data-1863.json"
      }
    },
    {
      "triple": {
        "subject": "/sample-data/data-2076.json",
        "predicate": "http://xmlns.com/foaf/0.1/knows",
        "object": "/sample-data/data-693.json"
      }
    }
  ]
}