{
  "_id": "55ee5e98c7cb8692a5adbb7e",
  "index": 2775,
  "guid": "2973b5cc-1fda-4eff-9fed-7976ed1dfe82",
  "isActive": true,
  "balance": "$3,707.39",
  "picture": "http://placehold.it/32x32",
  "age": 33,
  "eyeColor": "green",
  "name": "Wheeler Byers",
  "gender": "male",
  "company": "ENQUILITY",
  "email": "wheelerbyers@enquility.com",
  "phone": "+1 (943) 528-3835",
  "address": "727 Church Avenue, Greenfields, District Of Columbia, 1870",
  "about": "Aliqua quis deserunt anim excepteur Lorem irure est sit cillum ut. Ut quis nisi nisi velit. Laborum mollit velit labore laboris adipisicing incididunt labore qui ipsum laborum ad proident.\r\n",
  "registered": "2014-08-30T01:22:20-07:00",
  "tags": [
    "magna",
    "culpa",
    "est",
    "sunt",
    "aliquip",
    "sunt",
    "sint"
  ],
  "friends": [
    {
      "id": 0,
      "name": "Elliott Estes"
    },
    {
      "id": 1,
      "name": "Brooke Mccormick"
    },
    {
      "id": 2,
      "name": "Barnes Branch"
    }
  ],
  "greeting": "Hello, Wheeler Byers! You have 9 unread messages.",
  "favoriteFruit": "orange",
  "location": {
    "latitude": -4.078446,
    "longitude": 21.874438
  },
  "docFormat": "json",
  "triples": [
    {
      "triple": {
        "subject": "/sample-data/data-2775.json",
        "predicate": "http://www.w3.org/2000/01/rdf-schema#label",
        "object": "Wheeler Byers"
      }
    },
    {
      "triple": {
        "subject": "/sample-data/data-2775.json",
        "predicate": "http://www.w3.org/1999/02/22-rdf-syntax-ns#type",
        "object": "http://xmlns.com/foaf/0.1/Person"
      }
    },
    {
      "triple": {
        "subject": "/sample-data/data-2775.json",
        "predicate": "http://xmlns.com/foaf/0.1/knows",
        "object": "/sample-data/data-208.json"
      }
    },
    {
      "triple": {
        "subject": "/sample-data/data-2775.json",
        "predicate": "http://xmlns.com/foaf/0.1/knows",
        "object": "/sample-data/data-1485.json"
      }
    },
    {
      "triple": {
        "subject": "/sample-data/data-2775.json",
        "predicate": "http://xmlns.com/foaf/0.1/knows",
        "object": "/sample-data/data-1782.json"
      }
    }
  ]
}