{
  "_id": "55ee5e4407e45cf2954133a6",
  "index": 404,
  "guid": "090b24e8-429a-407e-8897-391388b59343",
  "isActive": true,
  "balance": "$20,445.88",
  "picture": "http://placehold.it/32x32",
  "age": 48,
  "eyeColor": "blue",
  "name": "Marsh Moreno",
  "gender": "male",
  "company": "SENMEI",
  "email": "marshmoreno@senmei.com",
  "phone": "+1 (879) 444-2951",
  "address": "526 Dikeman Street, Bangor, Virgin Islands, 4867",
  "about": "Nisi quis et commodo commodo magna adipisicing tempor Lorem minim consequat ea. Amet nisi qui ad aute proident proident do reprehenderit ea. Pariatur amet culpa laborum pariatur ad cupidatat eu eiusmod adipisicing voluptate cillum duis fugiat excepteur. Occaecat commodo irure culpa ea cillum tempor ullamco id pariatur nulla nostrud veniam qui.\r\n",
  "registered": "2015-05-21T02:23:05-07:00",
  "tags": [
    "ipsum",
    "tempor",
    "cillum",
    "enim",
    "adipisicing",
    "duis",
    "ex"
  ],
  "friends": [
    {
      "id": 0,
      "name": "Clara Espinoza"
    },
    {
      "id": 1,
      "name": "Lakeisha Padilla"
    },
    {
      "id": 2,
      "name": "Slater Haney"
    }
  ],
  "greeting": "Hello, Marsh Moreno! You have 7 unread messages.",
  "favoriteFruit": "apple",
  "location": {
    "latitude": 25.700195,
    "longitude": -5.003288
  },
  "docFormat": "json",
  "triples": [
    {
      "triple": {
        "subject": "/sample-data/data-404.json",
        "predicate": "http://www.w3.org/2000/01/rdf-schema#label",
        "object": "Marsh Moreno"
      }
    },
    {
      "triple": {
        "subject": "/sample-data/data-404.json",
        "predicate": "http://www.w3.org/1999/02/22-rdf-syntax-ns#type",
        "object": "http://xmlns.com/foaf/0.1/Person"
      }
    },
    {
      "triple": {
        "subject": "/sample-data/data-404.json",
        "predicate": "http://xmlns.com/foaf/0.1/knows",
        "object": "/sample-data/data-985.json"
      }
    },
    {
      "triple": {
        "subject": "/sample-data/data-404.json",
        "predicate": "http://xmlns.com/foaf/0.1/knows",
        "object": "/sample-data/data-1087.json"
      }
    },
    {
      "triple": {
        "subject": "/sample-data/data-404.json",
        "predicate": "http://xmlns.com/foaf/0.1/knows",
        "object": "/sample-data/data-462.json"
      }
    }
  ]
}