{
  "_id": "55ee5e440afebd7c342cc766",
  "index": 920,
  "guid": "d0054b5d-162a-4e46-99d5-7b74204dda2c",
  "isActive": true,
  "balance": "$75,475.57",
  "picture": "http://placehold.it/32x32",
  "age": 52,
  "eyeColor": "brown",
  "name": "Alberta Jackson",
  "gender": "female",
  "company": "GENESYNK",
  "email": "albertajackson@genesynk.com",
  "phone": "+1 (846) 462-3696",
  "address": "284 Hawthorne Street, Grazierville, Tennessee, 2278",
  "about": "Duis ullamco Lorem cupidatat Lorem aliqua veniam aliqua esse veniam voluptate est labore Lorem. Aute reprehenderit sit voluptate irure dolor. Laborum ut pariatur commodo deserunt adipisicing cillum esse dolore eu nostrud proident sint consectetur nostrud. Et exercitation pariatur esse ut laboris nisi proident aliqua Lorem reprehenderit reprehenderit eiusmod commodo.\r\n",
  "registered": "2014-09-22T09:34:54-07:00",
  "tags": [
    "elit",
    "qui",
    "nostrud",
    "do",
    "sint",
    "sunt",
    "do"
  ],
  "friends": [
    {
      "id": 0,
      "name": "Rogers Alvarado"
    },
    {
      "id": 1,
      "name": "Ayala Compton"
    },
    {
      "id": 2,
      "name": "Humphrey Wilkinson"
    }
  ],
  "greeting": "Hello, Alberta Jackson! You have 7 unread messages.",
  "favoriteFruit": "pear",
  "location": {
    "latitude": -47.897526,
    "longitude": -46.416646
  },
  "docFormat": "json",
  "triples": [
    {
      "triple": {
        "subject": "/sample-data/data-920.json",
        "predicate": "http://www.w3.org/2000/01/rdf-schema#label",
        "object": "Alberta Jackson"
      }
    },
    {
      "triple": {
        "subject": "/sample-data/data-920.json",
        "predicate": "http://www.w3.org/1999/02/22-rdf-syntax-ns#type",
        "object": "http://xmlns.com/foaf/0.1/Person"
      }
    },
    {
      "triple": {
        "subject": "/sample-data/data-920.json",
        "predicate": "http://xmlns.com/foaf/0.1/knows",
        "object": "/sample-data/data-2376.json"
      }
    },
    {
      "triple": {
        "subject": "/sample-data/data-920.json",
        "predicate": "http://xmlns.com/foaf/0.1/knows",
        "object": "/sample-data/data-854.json"
      }
    },
    {
      "triple": {
        "subject": "/sample-data/data-920.json",
        "predicate": "http://xmlns.com/foaf/0.1/knows",
        "object": "/sample-data/data-2638.json"
      }
    }
  ]
}