{
  "_id": "55ee5e988c7b7b97fc65d45c",
  "index": 2518,
  "guid": "d1a18d9f-30c9-4d5e-9be3-57eb6eadf540",
  "isActive": true,
  "balance": "$81,111.70",
  "picture": "http://placehold.it/32x32",
  "age": 30,
  "eyeColor": "amethyst",
  "name": "Kenya Martin",
  "gender": "female",
  "company": "ZANILLA",
  "email": "kenyamartin@zanilla.com",
  "phone": "+1 (969) 541-3039",
  "address": "431 Schenck Avenue, Keller, Palau, 1970",
  "about": "Ea commodo minim incididunt aliqua est ullamco cupidatat laborum enim nisi deserunt. Nostrud ipsum cillum duis nisi deserunt et dolore ullamco voluptate ut dolor esse laborum irure. Elit esse irure quis laborum minim excepteur deserunt velit eu. Ad veniam sunt aute consequat sit sint in id deserunt eu labore. Consequat consectetur quis nulla cupidatat.\r\n",
  "registered": "2014-02-12T06:33:13-07:00",
  "tags": [
    "amet",
    "nulla",
    "anim",
    "qui",
    "enim",
    "laboris",
    "aliqua"
  ],
  "friends": [
    {
      "id": 0,
      "name": "Nielsen Bernard"
    },
    {
      "id": 1,
      "name": "Francesca Tillman"
    },
    {
      "id": 2,
      "name": "Orr Grant"
    }
  ],
  "greeting": "Hello, Kenya Martin! You have 10 unread messages.",
  "favoriteFruit": "pear",
  "location": {
    "latitude": -26.663913,
    "longitude": 150.472358
  },
  "docFormat": "json",
  "triples": [
    {
      "triple": {
        "subject": "/sample-data/data-2518.json",
        "predicate": "http://www.w3.org/2000/01/rdf-schema#label",
        "object": "Kenya Martin"
      }
    },
    {
      "triple": {
        "subject": "/sample-data/data-2518.json",
        "predicate": "http://www.w3.org/1999/02/22-rdf-syntax-ns#type",
        "object": "http://xmlns.com/foaf/0.1/Person"
      }
    },
    {
      "triple": {
        "subject": "/sample-data/data-2518.json",
        "predicate": "http://xmlns.com/foaf/0.1/knows",
        "object": "/sample-data/data-2402.json"
      }
    },
    {
      "triple": {
        "subject": "/sample-data/data-2518.json",
        "predicate": "http://xmlns.com/foaf/0.1/knows",
        "object": "/sample-data/data-554.json"
      }
    },
    {
      "triple": {
        "subject": "/sample-data/data-2518.json",
        "predicate": "http://xmlns.com/foaf/0.1/knows",
        "object": "/sample-data/data-1207.json"
      }
    }
  ]
}