{
  "_id": "55ee5e989a458da2da6eee0d",
  "index": 2333,
  "guid": "a5e3a0da-a50f-4ff2-b728-7055309adefe",
  "isActive": true,
  "balance": "$81,562.46",
  "picture": "http://placehold.it/32x32",
  "age": 29,
  "eyeColor": "brown",
  "name": "Wright Rosales",
  "gender": "male",
  "company": "FOSSIEL",
  "email": "wrightrosales@fossiel.com",
  "phone": "+1 (911) 467-2456",
  "address": "573 Coles Street, Edinburg, Wisconsin, 186",
  "about": "Officia id consequat aute ad. Exercitation id dolor enim irure nostrud ipsum voluptate amet non. Aute ut cillum ea sit enim ea aliqua quis et duis pariatur dolor proident. Ullamco magna dolor culpa quis voluptate in commodo quis veniam nisi cillum nisi consequat. Voluptate mollit non incididunt ipsum ad velit nostrud sit.\r\n",
  "registered": "2015-08-01T10:33:19-07:00",
  "tags": [
    "sit",
    "deserunt",
    "laborum",
    "velit",
    "irure",
    "elit",
    "culpa"
  ],
  "friends": [
    {
      "id": 0,
      "name": "Lora Miller"
    },
    {
      "id": 1,
      "name": "Wilkins Rogers"
    },
    {
      "id": 2,
      "name": "Booker Garrison"
    }
  ],
  "greeting": "Hello, Wright Rosales! You have 3 unread messages.",
  "favoriteFruit": "banana",
  "location": {
    "latitude": 68.505106,
    "longitude": 153.241135
  },
  "docFormat": "json",
  "triples": [
    {
      "triple": {
        "subject": "/sample-data/data-2333.json",
        "predicate": "http://www.w3.org/2000/01/rdf-schema#label",
        "object": "Wright Rosales"
      }
    },
    {
      "triple": {
        "subject": "/sample-data/data-2333.json",
        "predicate": "http://www.w3.org/1999/02/22-rdf-syntax-ns#type",
        "object": "http://xmlns.com/foaf/0.1/Person"
      }
    },
    {
      "triple": {
        "subject": "/sample-data/data-2333.json",
        "predicate": "http://xmlns.com/foaf/0.1/knows",
        "object": "/sample-data/data-2948.json"
      }
    },
    {
      "triple": {
        "subject": "/sample-data/data-2333.json",
        "predicate": "http://xmlns.com/foaf/0.1/knows",
        "object": "/sample-data/data-895.json"
      }
    },
    {
      "triple": {
        "subject": "/sample-data/data-2333.json",
        "predicate": "http://xmlns.com/foaf/0.1/knows",
        "object": "/sample-data/data-409.json"
      }
    }
  ]
}