{
  "_id": "55ee5e44501e969c4fdebc1d",
  "index": 50,
  "guid": "d0065c28-b260-428b-aee2-f8a78ed432ef",
  "isActive": false,
  "balance": "$32,488.52",
  "picture": "http://placehold.it/32x32",
  "age": 49,
  "eyeColor": "brown",
  "name": "Rosalinda Byrd",
  "gender": "female",
  "company": "NAMEGEN",
  "email": "rosalindabyrd@namegen.com",
  "phone": "+1 (812) 497-2668",
  "address": "975 Hart Place, Brady, Tennessee, 1406",
  "about": "Minim dolore laborum occaecat ea anim ex proident officia aute ad nisi sit minim elit. Velit minim dolor incididunt exercitation anim eiusmod proident et est elit esse consequat tempor tempor. Nulla anim cupidatat aliquip magna officia cupidatat ex aliqua non nulla fugiat nostrud voluptate.\r\n",
  "registered": "2014-05-26T04:27:07-07:00",
  "tags": [
    "fugiat",
    "sunt",
    "est",
    "est",
    "culpa",
    "deserunt",
    "sunt"
  ],
  "friends": [
    {
      "id": 0,
      "name": "Dianna Barrera"
    },
    {
      "id": 1,
      "name": "Isabella Michael"
    },
    {
      "id": 2,
      "name": "Mueller Hernandez"
    }
  ],
  "greeting": "Hello, Rosalinda Byrd! You have 2 unread messages.",
  "favoriteFruit": "orange",
  "location": {
    "latitude": 67.071894,
    "longitude": -37.069755
  },
  "docFormat": "json",
  "triples": [
    {
      "triple": {
        "subject": "/sample-data/data-50.json",
        "predicate": "http://www.w3.org/2000/01/rdf-schema#label",
        "object": "Rosalinda Byrd"
      }
    },
    {
      "triple": {
        "subject": "/sample-data/data-50.json",
        "predicate": "http://www.w3.org/1999/02/22-rdf-syntax-ns#type",
        "object": "http://xmlns.com/foaf/0.1/Person"
      }
    },
    {
      "triple": {
        "subject": "/sample-data/data-50.json",
        "predicate": "http://xmlns.com/foaf/0.1/knows",
        "object": "/sample-data/data-1897.json"
      }
    },
    {
      "triple": {
        "subject": "/sample-data/data-50.json",
        "predicate": "http://xmlns.com/foaf/0.1/knows",
        "object": "/sample-data/data-621.json"
      }
    },
    {
      "triple": {
        "subject": "/sample-data/data-50.json",
        "predicate": "http://xmlns.com/foaf/0.1/knows",
        "object": "/sample-data/data-1911.json"
      }
    }
  ]
}