{
  "_id": "55ee5e45933b10f6ada9cd30",
  "index": 1509,
  "guid": "78b91344-5837-4106-933f-d1cb4bcecddb",
  "isActive": true,
  "balance": "$58,150.64",
  "picture": "http://placehold.it/32x32",
  "age": 39,
  "eyeColor": "brown",
  "name": "Alejandra Talley",
  "gender": "female",
  "company": "NETUR",
  "email": "alejandratalley@netur.com",
  "phone": "+1 (969) 420-3212",
  "address": "423 Just Court, Brantleyville, Missouri, 9214",
  "about": "In et ex qui do irure. Esse ex ea sint commodo ut voluptate labore proident id proident eu pariatur consectetur. Elit sint excepteur sit cillum eu labore aliqua voluptate. Laborum quis incididunt incididunt consequat cillum sunt sunt cupidatat commodo amet qui mollit ullamco commodo. Quis est ad eiusmod minim magna mollit est do.\r\n",
  "registered": "2014-07-11T08:36:49-07:00",
  "tags": [
    "anim",
    "cillum",
    "reprehenderit",
    "est",
    "ut",
    "mollit",
    "proident"
  ],
  "friends": [
    {
      "id": 0,
      "name": "Essie Wilkerson"
    },
    {
      "id": 1,
      "name": "Sofia Carroll"
    },
    {
      "id": 2,
      "name": "Melba Good"
    }
  ],
  "greeting": "Hello, Alejandra Talley! You have 6 unread messages.",
  "favoriteFruit": "banana",
  "location": {
    "latitude": -16.436846,
    "longitude": 6.01388
  },
  "docFormat": "json",
  "triples": [
    {
      "triple": {
        "subject": "/sample-data/data-1509.json",
        "predicate": "http://www.w3.org/2000/01/rdf-schema#label",
        "object": "Alejandra Talley"
      }
    },
    {
      "triple": {
        "subject": "/sample-data/data-1509.json",
        "predicate": "http://www.w3.org/1999/02/22-rdf-syntax-ns#type",
        "object": "http://xmlns.com/foaf/0.1/Person"
      }
    },
    {
      "triple": {
        "subject": "/sample-data/data-1509.json",
        "predicate": "http://xmlns.com/foaf/0.1/knows",
        "object": "/sample-data/data-2928.json"
      }
    },
    {
      "triple": {
        "subject": "/sample-data/data-1509.json",
        "predicate": "http://xmlns.com/foaf/0.1/knows",
        "object": "/sample-data/data-916.json"
      }
    },
    {
      "triple": {
        "subject": "/sample-data/data-1509.json",
        "predicate": "http://xmlns.com/foaf/0.1/knows",
        "object": "/sample-data/data-2444.json"
      }
    }
  ]
}