{
  "_id": "55ee5e44f0571668b1e53bbf",
  "index": 937,
  "guid": "f7caedc3-d1c0-4ae5-a500-f540ac5e8d3f",
  "isActive": true,
  "balance": "$58,252.75",
  "picture": "http://placehold.it/32x32",
  "age": 27,
  "eyeColor": "blue",
  "name": "Black Acevedo",
  "gender": "male",
  "company": "ORBOID",
  "email": "blackacevedo@orboid.com",
  "phone": "+1 (926) 588-3139",
  "address": "603 Arlington Avenue, Idledale, Florida, 3641",
  "about": "Laborum aliqua amet magna eiusmod non laborum. Ea in non ipsum quis fugiat. Eiusmod anim veniam irure eiusmod. Quis veniam dolor culpa aute id sint nostrud est pariatur adipisicing eu minim est ut. Dolor commodo cillum deserunt non reprehenderit pariatur nostrud dolor. Labore est duis esse officia velit adipisicing. Sint consequat quis est excepteur proident culpa nisi ea.\r\n",
  "registered": "2014-11-28T08:12:43-07:00",
  "tags": [
    "ullamco",
    "consequat",
    "voluptate",
    "culpa",
    "in",
    "amet",
    "tempor"
  ],
  "friends": [
    {
      "id": 0,
      "name": "Rosa Grimes"
    },
    {
      "id": 1,
      "name": "Dalton Newman"
    },
    {
      "id": 2,
      "name": "Leslie Mendoza"
    }
  ],
  "greeting": "Hello, Black Acevedo! You have 6 unread messages.",
  "favoriteFruit": "orange",
  "location": {
    "latitude": -35.253391,
    "longitude": 93.52329
  },
  "docFormat": "json",
  "triples": [
    {
      "triple": {
        "subject": "/sample-data/data-937.json",
        "predicate": "http://www.w3.org/2000/01/rdf-schema#label",
        "object": "Black Acevedo"
      }
    },
    {
      "triple": {
        "subject": "/sample-data/data-937.json",
        "predicate": "http://www.w3.org/1999/02/22-rdf-syntax-ns#type",
        "object": "http://xmlns.com/foaf/0.1/Person"
      }
    },
    {
      "triple": {
        "subject": "/sample-data/data-937.json",
        "predicate": "http://xmlns.com/foaf/0.1/knows",
        "object": "/sample-data/data-2026.json"
      }
    },
    {
      "triple": {
        "subject": "/sample-data/data-937.json",
        "predicate": "http://xmlns.com/foaf/0.1/knows",
        "object": "/sample-data/data-140.json"
      }
    },
    {
      "triple": {
        "subject": "/sample-data/data-937.json",
        "predicate": "http://xmlns.com/foaf/0.1/knows",
        "object": "/sample-data/data-1726.json"
      }
    }
  ]
}