{
  "_id": "55ee5e446983b1df894b9279",
  "index": 371,
  "guid": "3fdfb0b9-2bf3-4210-8380-6793413eb91e",
  "isActive": false,
  "balance": "$11,219.09",
  "picture": "http://placehold.it/32x32",
  "age": 66,
  "eyeColor": "brown",
  "name": "Stacie Farley",
  "gender": "female",
  "company": "OTHERWAY",
  "email": "staciefarley@otherway.com",
  "phone": "+1 (871) 505-3423",
  "address": "640 Malbone Street, Wollochet, Louisiana, 9141",
  "about": "Anim elit aliqua magna sit cupidatat sint culpa voluptate cillum. Irure irure consectetur quis culpa nulla officia aliqua enim consectetur commodo ad aliquip consequat tempor. Amet fugiat ut commodo exercitation ex magna minim. Consequat adipisicing ipsum id ad nisi nostrud incididunt sit sit cupidatat. Velit quis irure aliqua cillum nisi sunt aliqua. Ea sunt deserunt id deserunt exercitation duis Lorem esse tempor sunt ipsum.\r\n",
  "registered": "2014-03-07T11:01:30-07:00",
  "tags": [
    "voluptate",
    "mollit",
    "deserunt",
    "ea",
    "anim",
    "occaecat",
    "minim"
  ],
  "friends": [
    {
      "id": 0,
      "name": "Higgins Marks"
    },
    {
      "id": 1,
      "name": "Ofelia Salinas"
    },
    {
      "id": 2,
      "name": "Lucas Oneal"
    }
  ],
  "greeting": "Hello, Stacie Farley! You have 6 unread messages.",
  "favoriteFruit": "apple",
  "location": {
    "latitude": -38.429239,
    "longitude": 38.477703
  },
  "docFormat": "json",
  "triples": [
    {
      "triple": {
        "subject": "/sample-data/data-371.json",
        "predicate": "http://www.w3.org/2000/01/rdf-schema#label",
        "object": "Stacie Farley"
      }
    },
    {
      "triple": {
        "subject": "/sample-data/data-371.json",
        "predicate": "http://www.w3.org/1999/02/22-rdf-syntax-ns#type",
        "object": "http://xmlns.com/foaf/0.1/Person"
      }
    },
    {
      "triple": {
        "subject": "/sample-data/data-371.json",
        "predicate": "http://xmlns.com/foaf/0.1/knows",
        "object": "/sample-data/data-1366.json"
      }
    },
    {
      "triple": {
        "subject": "/sample-data/data-371.json",
        "predicate": "http://xmlns.com/foaf/0.1/knows",
        "object": "/sample-data/data-1527.json"
      }
    },
    {
      "triple": {
        "subject": "/sample-data/data-371.json",
        "predicate": "http://xmlns.com/foaf/0.1/knows",
        "object": "/sample-data/data-2202.json"
      }
    }
  ]
}