{
  "_id": "55ee5e455a109661493167e5",
  "index": 1972,
  "guid": "5bd4ddc8-a389-49f6-a4a2-5b9b9bcdef21",
  "isActive": false,
  "balance": "$85,766.79",
  "picture": "http://placehold.it/32x32",
  "age": 54,
  "eyeColor": "green",
  "name": "Jeannie Castillo",
  "gender": "female",
  "company": "DIGIGENE",
  "email": "jeanniecastillo@digigene.com",
  "phone": "+1 (807) 553-2649",
  "address": "124 Adelphi Street, Rowe, Arizona, 9493",
  "about": "Incididunt qui magna labore adipisicing ullamco non esse ad ex incididunt et. Sit laboris mollit officia incididunt incididunt eiusmod esse sunt. Exercitation minim ullamco enim commodo proident et duis. Occaecat consequat dolore velit quis occaecat in officia consequat deserunt voluptate non. Aliquip in ipsum aliquip aliquip sint minim nisi laborum dolore magna quis. Irure aliqua et irure dolore. Et aute amet voluptate cupidatat sunt consectetur nulla.\r\n",
  "registered": "2014-12-02T08:30:50-07:00",
  "tags": [
    "culpa",
    "mollit",
    "cupidatat",
    "cillum",
    "consequat",
    "aliqua",
    "tempor"
  ],
  "friends": [
    {
      "id": 0,
      "name": "Velez Ortega"
    },
    {
      "id": 1,
      "name": "Ronda Dickerson"
    },
    {
      "id": 2,
      "name": "Delores Rivas"
    }
  ],
  "greeting": "Hello, Jeannie Castillo! You have 6 unread messages.",
  "favoriteFruit": "apple",
  "location": {
    "latitude": 71.690563,
    "longitude": 162.709952
  },
  "docFormat": "json",
  "triples": [
    {
      "triple": {
        "subject": "/sample-data/data-1972.json",
        "predicate": "http://www.w3.org/2000/01/rdf-schema#label",
        "object": "Jeannie Castillo"
      }
    },
    {
      "triple": {
        "subject": "/sample-data/data-1972.json",
        "predicate": "http://www.w3.org/1999/02/22-rdf-syntax-ns#type",
        "object": "http://xmlns.com/foaf/0.1/Person"
      }
    },
    {
      "triple": {
        "subject": "/sample-data/data-1972.json",
        "predicate": "http://xmlns.com/foaf/0.1/knows",
        "object": "/sample-data/data-2974.json"
      }
    },
    {
      "triple": {
        "subject": "/sample-data/data-1972.json",
        "predicate": "http://xmlns.com/foaf/0.1/knows",
        "object": "/sample-data/data-2889.json"
      }
    },
    {
      "triple": {
        "subject": "/sample-data/data-1972.json",
        "predicate": "http://xmlns.com/foaf/0.1/knows",
        "object": "/sample-data/data-1346.json"
      }
    }
  ]
}