{
  "_id": "55ee5e454c05d7495a97ed0d",
  "index": 1991,
  "guid": "aa290351-a559-4773-8bd7-59a1ac1858f6",
  "isActive": false,
  "balance": "$19,663.31",
  "picture": "http://placehold.it/32x32",
  "age": 60,
  "eyeColor": "green",
  "name": "Olga Dalton",
  "gender": "female",
  "company": "ZILODYNE",
  "email": "olgadalton@zilodyne.com",
  "phone": "+1 (919) 496-3349",
  "address": "488 Vanderveer Place, Bethpage, Marshall Islands, 4490",
  "about": "Culpa ipsum nisi magna magna. Quis elit quis nostrud ex ullamco do culpa elit eu amet duis. Nisi duis incididunt irure nisi eu ea exercitation exercitation voluptate. Dolore ipsum officia Lorem eiusmod commodo ut qui ex duis.\r\n",
  "registered": "2014-10-06T03:51:12-07:00",
  "tags": [
    "proident",
    "elit",
    "quis",
    "occaecat",
    "duis",
    "consequat",
    "consequat"
  ],
  "friends": [
    {
      "id": 0,
      "name": "Ella Trevino"
    },
    {
      "id": 1,
      "name": "Andrea Mcdowell"
    },
    {
      "id": 2,
      "name": "Craig Joyner"
    }
  ],
  "greeting": "Hello, Olga Dalton! You have 7 unread messages.",
  "favoriteFruit": "apple",
  "location": {
    "latitude": -32.887771,
    "longitude": 39.910629
  },
  "docFormat": "json",
  "triples": [
    {
      "triple": {
        "subject": "/sample-data/data-1991.json",
        "predicate": "http://www.w3.org/2000/01/rdf-schema#label",
        "object": "Olga Dalton"
      }
    },
    {
      "triple": {
        "subject": "/sample-data/data-1991.json",
        "predicate": "http://www.w3.org/1999/02/22-rdf-syntax-ns#type",
        "object": "http://xmlns.com/foaf/0.1/Person"
      }
    },
    {
      "triple": {
        "subject": "/sample-data/data-1991.json",
        "predicate": "http://xmlns.com/foaf/0.1/knows",
        "object": "/sample-data/data-43.json"
      }
    },
    {
      "triple": {
        "subject": "/sample-data/data-1991.json",
        "predicate": "http://xmlns.com/foaf/0.1/knows",
        "object": "/sample-data/data-2396.json"
      }
    },
    {
      "triple": {
        "subject": "/sample-data/data-1991.json",
        "predicate": "http://xmlns.com/foaf/0.1/knows",
        "object": "/sample-data/data-2022.json"
      }
    }
  ]
}