{
  "_id": "55ee5e448ea3334b62943170",
  "index": 31,
  "guid": "a2b4145b-a334-4e78-8f94-2468daabd717",
  "isActive": false,
  "balance": "$90,190.58",
  "picture": "http://placehold.it/32x32",
  "age": 42,
  "eyeColor": "green",
  "name": "West Mendez",
  "gender": "male",
  "company": "INTERFIND",
  "email": "westmendez@interfind.com",
  "phone": "+1 (984) 582-2747",
  "address": "427 Sands Street, Hasty, Indiana, 5704",
  "about": "Magna dolor officia culpa proident nisi anim aliquip enim commodo. Aute consequat nostrud excepteur sunt dolore aliquip. Veniam aute incididunt nulla officia nulla sit ea adipisicing occaecat ex. Commodo enim qui laboris in nulla elit. Mollit Lorem aliqua dolore consectetur proident.\r\n",
  "registered": "2015-06-30T08:31:18-07:00",
  "tags": [
    "nisi",
    "ea",
    "eu",
    "proident",
    "cupidatat",
    "fugiat",
    "laboris"
  ],
  "friends": [
    {
      "id": 0,
      "name": "Christina Dejesus"
    },
    {
      "id": 1,
      "name": "Rowena Cantrell"
    },
    {
      "id": 2,
      "name": "Alfreda Massey"
    }
  ],
  "greeting": "Hello, West Mendez! You have 10 unread messages.",
  "favoriteFruit": "pear",
  "location": {
    "latitude": -78.854222,
    "longitude": 59.254889
  },
  "docFormat": "json",
  "triples": [
    {
      "triple": {
        "subject": "/sample-data/data-31.json",
        "predicate": "http://www.w3.org/2000/01/rdf-schema#label",
        "object": "West Mendez"
      }
    },
    {
      "triple": {
        "subject": "/sample-data/data-31.json",
        "predicate": "http://www.w3.org/1999/02/22-rdf-syntax-ns#type",
        "object": "http://xmlns.com/foaf/0.1/Person"
      }
    },
    {
      "triple": {
        "subject": "/sample-data/data-31.json",
        "predicate": "http://xmlns.com/foaf/0.1/knows",
        "object": "/sample-data/data-2360.json"
      }
    },
    {
      "triple": {
        "subject": "/sample-data/data-31.json",
        "predicate": "http://xmlns.com/foaf/0.1/knows",
        "object": "/sample-data/data-2394.json"
      }
    },
    {
      "triple": {
        "subject": "/sample-data/data-31.json",
        "predicate": "http://xmlns.com/foaf/0.1/knows",
        "object": "/sample-data/data-99.json"
      }
    }
  ]
}