{
  "_id": "55ee5e456d803874769a9d28",
  "index": 1821,
  "guid": "66d3f98b-3a2f-4be7-89a4-2e2ed42f8e4c",
  "isActive": false,
  "balance": "$17,422.75",
  "picture": "http://placehold.it/32x32",
  "age": 63,
  "eyeColor": "green",
  "name": "Lizzie Bernard",
  "gender": "female",
  "company": "PROSELY",
  "email": "lizziebernard@prosely.com",
  "phone": "+1 (927) 510-2699",
  "address": "918 Ash Street, Gardiner, Louisiana, 2167",
  "about": "Nisi quis laborum voluptate deserunt exercitation officia consequat reprehenderit quis commodo. Proident dolor do labore reprehenderit. Duis exercitation dolore velit eiusmod consectetur reprehenderit laboris culpa ad duis ea eiusmod aliqua sunt. Excepteur tempor est magna non elit in in.\r\n",
  "registered": "2014-09-27T07:42:13-07:00",
  "tags": [
    "consectetur",
    "excepteur",
    "deserunt",
    "amet",
    "deserunt",
    "proident",
    "exercitation"
  ],
  "friends": [
    {
      "id": 0,
      "name": "Chris Roy"
    },
    {
      "id": 1,
      "name": "Kelly Sanford"
    },
    {
      "id": 2,
      "name": "Justine Wooten"
    }
  ],
  "greeting": "Hello, Lizzie Bernard! You have 1 unread messages.",
  "favoriteFruit": "orange",
  "location": {
    "latitude": 75.027391,
    "longitude": -112.27252
  },
  "docFormat": "json",
  "triples": [
    {
      "triple": {
        "subject": "/sample-data/data-1821.json",
        "predicate": "http://www.w3.org/2000/01/rdf-schema#label",
        "object": "Lizzie Bernard"
      }
    },
    {
      "triple": {
        "subject": "/sample-data/data-1821.json",
        "predicate": "http://www.w3.org/1999/02/22-rdf-syntax-ns#type",
        "object": "http://xmlns.com/foaf/0.1/Person"
      }
    },
    {
      "triple": {
        "subject": "/sample-data/data-1821.json",
        "predicate": "http://xmlns.com/foaf/0.1/knows",
        "object": "/sample-data/data-2777.json"
      }
    },
    {
      "triple": {
        "subject": "/sample-data/data-1821.json",
        "predicate": "http://xmlns.com/foaf/0.1/knows",
        "object": "/sample-data/data-1653.json"
      }
    },
    {
      "triple": {
        "subject": "/sample-data/data-1821.json",
        "predicate": "http://xmlns.com/foaf/0.1/knows",
        "object": "/sample-data/data-1387.json"
      }
    }
  ]
}