{
  "_id": "55ee5e98b42e08ee94e1f8ac",
  "index": 2145,
  "guid": "21a7ca6c-fb90-4730-8e95-ca91a8472553",
  "isActive": false,
  "balance": "$97,257.88",
  "picture": "http://placehold.it/32x32",
  "age": 45,
  "eyeColor": "hazel",
  "name": "Mcleod Walters",
  "gender": "male",
  "company": "WRAPTURE",
  "email": "mcleodwalters@wrapture.com",
  "phone": "+1 (894) 483-3328",
  "address": "154 Belvidere Street, Stewartville, Massachusetts, 9699",
  "about": "Quis ipsum aute magna laborum est do anim commodo velit eiusmod enim ipsum. Deserunt id proident velit ea esse ad adipisicing et adipisicing amet qui ipsum adipisicing et. Veniam ipsum sunt dolor culpa adipisicing ipsum excepteur veniam veniam. Proident consectetur quis dolor in ut sunt incididunt magna. Officia sint dolor adipisicing qui mollit duis laboris incididunt sunt occaecat occaecat id.\r\n",
  "registered": "2015-01-04T06:50:09-07:00",
  "tags": [
    "mollit",
    "adipisicing",
    "reprehenderit",
    "tempor",
    "mollit",
    "dolore",
    "pariatur"
  ],
  "friends": [
    {
      "id": 0,
      "name": "Castillo Trevino"
    },
    {
      "id": 1,
      "name": "Zimmerman Compton"
    },
    {
      "id": 2,
      "name": "Summer Jacobs"
    }
  ],
  "greeting": "Hello, Mcleod Walters! You have 5 unread messages.",
  "favoriteFruit": "strawberry",
  "location": {
    "latitude": 55.126136,
    "longitude": 87.147246
  },
  "docFormat": "json",
  "triples": [
    {
      "triple": {
        "subject": "/sample-data/data-2145.json",
        "predicate": "http://www.w3.org/2000/01/rdf-schema#label",
        "object": "Mcleod Walters"
      }
    },
    {
      "triple": {
        "subject": "/sample-data/data-2145.json",
        "predicate": "http://www.w3.org/1999/02/22-rdf-syntax-ns#type",
        "object": "http://xmlns.com/foaf/0.1/Person"
      }
    },
    {
      "triple": {
        "subject": "/sample-data/data-2145.json",
        "predicate": "http://xmlns.com/foaf/0.1/knows",
        "object": "/sample-data/data-994.json"
      }
    },
    {
      "triple": {
        "subject": "/sample-data/data-2145.json",
        "predicate": "http://xmlns.com/foaf/0.1/knows",
        "object": "/sample-data/data-626.json"
      }
    },
    {
      "triple": {
        "subject": "/sample-data/data-2145.json",
        "predicate": "http://xmlns.com/foaf/0.1/knows",
        "object": "/sample-data/data-2439.json"
      }
    }
  ]
}