{
  "_id": "55ee5e44ea8527142f5f1c26",
  "index": 998,
  "guid": "727a01fa-d05c-4175-a4e9-02c1019475dc",
  "isActive": true,
  "balance": "$98,113.51",
  "picture": "http://placehold.it/32x32",
  "age": 46,
  "eyeColor": "blue",
  "name": "Norton Mcdaniel",
  "gender": "male",
  "company": "NSPIRE",
  "email": "nortonmcdaniel@nspire.com",
  "phone": "+1 (873) 551-2953",
  "address": "956 Scott Avenue, Sims, Oregon, 1013",
  "about": "Proident cupidatat occaecat exercitation voluptate tempor nisi ad est dolore duis. Fugiat aliquip anim elit occaecat deserunt est proident velit sit. Esse consequat in id pariatur laboris exercitation nisi aliqua est. Voluptate exercitation fugiat deserunt fugiat nostrud in est.\r\n",
  "registered": "2015-06-12T05:24:41-07:00",
  "tags": [
    "amet",
    "sint",
    "fugiat",
    "officia",
    "deserunt",
    "dolore",
    "mollit"
  ],
  "friends": [
    {
      "id": 0,
      "name": "Head Bentley"
    },
    {
      "id": 1,
      "name": "Robinson Barlow"
    },
    {
      "id": 2,
      "name": "Vang Decker"
    }
  ],
  "greeting": "Hello, Norton Mcdaniel! You have 5 unread messages.",
  "favoriteFruit": "strawberry",
  "location": {
    "latitude": -69.301542,
    "longitude": 3.457427
  },
  "docFormat": "json",
  "triples": [
    {
      "triple": {
        "subject": "/sample-data/data-998.json",
        "predicate": "http://www.w3.org/2000/01/rdf-schema#label",
        "object": "Norton Mcdaniel"
      }
    },
    {
      "triple": {
        "subject": "/sample-data/data-998.json",
        "predicate": "http://www.w3.org/1999/02/22-rdf-syntax-ns#type",
        "object": "http://xmlns.com/foaf/0.1/Person"
      }
    },
    {
      "triple": {
        "subject": "/sample-data/data-998.json",
        "predicate": "http://xmlns.com/foaf/0.1/knows",
        "object": "/sample-data/data-2824.json"
      }
    },
    {
      "triple": {
        "subject": "/sample-data/data-998.json",
        "predicate": "http://xmlns.com/foaf/0.1/knows",
        "object": "/sample-data/data-890.json"
      }
    },
    {
      "triple": {
        "subject": "/sample-data/data-998.json",
        "predicate": "http://xmlns.com/foaf/0.1/knows",
        "object": "/sample-data/data-2538.json"
      }
    }
  ]
}