{
  "_id": "55ee5e44d7248b881508adc4",
  "index": 865,
  "guid": "4920700d-917d-4305-8218-93aac3c3b28b",
  "isActive": false,
  "balance": "$27,470.67",
  "picture": "http://placehold.it/32x32",
  "age": 67,
  "eyeColor": "blue",
  "name": "Clark Sweet",
  "gender": "male",
  "company": "XLEEN",
  "email": "clarksweet@xleen.com",
  "phone": "+1 (946) 577-3495",
  "address": "637 Greenpoint Avenue, Roulette, Nevada, 2261",
  "about": "Magna exercitation culpa ex reprehenderit ea do non aute cillum minim incididunt. Cillum aute pariatur officia velit occaecat commodo voluptate cillum labore. Consectetur cupidatat cillum deserunt in sint eu sit est ex. Esse amet commodo magna ullamco velit. Tempor elit nulla ea est id id excepteur dolor cupidatat aliquip magna qui.\r\n",
  "registered": "2015-03-10T05:25:59-07:00",
  "tags": [
    "nostrud",
    "enim",
    "nostrud",
    "aliquip",
    "officia",
    "deserunt",
    "reprehenderit"
  ],
  "friends": [
    {
      "id": 0,
      "name": "Debora Price"
    },
    {
      "id": 1,
      "name": "Riddle Mcmahon"
    },
    {
      "id": 2,
      "name": "Virgie Case"
    }
  ],
  "greeting": "Hello, Clark Sweet! You have 3 unread messages.",
  "favoriteFruit": "apple",
  "location": {
    "latitude": -57.842887,
    "longitude": -89.414065
  },
  "docFormat": "json",
  "triples": [
    {
      "triple": {
        "subject": "/sample-data/data-865.json",
        "predicate": "http://www.w3.org/2000/01/rdf-schema#label",
        "object": "Clark Sweet"
      }
    },
    {
      "triple": {
        "subject": "/sample-data/data-865.json",
        "predicate": "http://www.w3.org/1999/02/22-rdf-syntax-ns#type",
        "object": "http://xmlns.com/foaf/0.1/Person"
      }
    },
    {
      "triple": {
        "subject": "/sample-data/data-865.json",
        "predicate": "http://xmlns.com/foaf/0.1/knows",
        "object": "/sample-data/data-524.json"
      }
    },
    {
      "triple": {
        "subject": "/sample-data/data-865.json",
        "predicate": "http://xmlns.com/foaf/0.1/knows",
        "object": "/sample-data/data-1487.json"
      }
    },
    {
      "triple": {
        "subject": "/sample-data/data-865.json",
        "predicate": "http://xmlns.com/foaf/0.1/knows",
        "object": "/sample-data/data-1483.json"
      }
    }
  ]
}