{
  "_id": "55ee5e44d60d6262df475b49",
  "index": 275,
  "guid": "b8529b4e-5a08-4ed6-8a0d-1d040367561c",
  "isActive": true,
  "balance": "$7,269.36",
  "picture": "http://placehold.it/32x32",
  "age": 67,
  "eyeColor": "green",
  "name": "Jessica Conner",
  "gender": "female",
  "company": "ZENSURE",
  "email": "jessicaconner@zensure.com",
  "phone": "+1 (850) 500-2402",
  "address": "925 Bristol Street, Chloride, New Jersey, 5818",
  "about": "Mollit deserunt ullamco exercitation Lorem culpa velit. Sunt non sit labore officia tempor ex veniam magna quis dolor nostrud ut. Sunt aute labore incididunt esse dolor cupidatat eiusmod adipisicing do. Ut do labore officia elit. Lorem nisi amet dolore officia reprehenderit amet eu. Anim sunt sit tempor sint officia incididunt officia Lorem. In laboris proident fugiat voluptate laborum ex laborum.\r\n",
  "registered": "2015-07-08T10:09:50-07:00",
  "tags": [
    "incididunt",
    "fugiat",
    "tempor",
    "aliqua",
    "consectetur",
    "nostrud",
    "sint"
  ],
  "friends": [
    {
      "id": 0,
      "name": "Lopez Payne"
    },
    {
      "id": 1,
      "name": "Park Cooper"
    },
    {
      "id": 2,
      "name": "Manning Webster"
    }
  ],
  "greeting": "Hello, Jessica Conner! You have 10 unread messages.",
  "favoriteFruit": "orange",
  "location": {
    "latitude": -30.2777,
    "longitude": -47.087825
  },
  "docFormat": "json",
  "triples": [
    {
      "triple": {
        "subject": "/sample-data/data-275.json",
        "predicate": "http://www.w3.org/2000/01/rdf-schema#label",
        "object": "Jessica Conner"
      }
    },
    {
      "triple": {
        "subject": "/sample-data/data-275.json",
        "predicate": "http://www.w3.org/1999/02/22-rdf-syntax-ns#type",
        "object": "http://xmlns.com/foaf/0.1/Person"
      }
    },
    {
      "triple": {
        "subject": "/sample-data/data-275.json",
        "predicate": "http://xmlns.com/foaf/0.1/knows",
        "object": "/sample-data/data-1058.json"
      }
    },
    {
      "triple": {
        "subject": "/sample-data/data-275.json",
        "predicate": "http://xmlns.com/foaf/0.1/knows",
        "object": "/sample-data/data-1489.json"
      }
    },
    {
      "triple": {
        "subject": "/sample-data/data-275.json",
        "predicate": "http://xmlns.com/foaf/0.1/knows",
        "object": "/sample-data/data-678.json"
      }
    }
  ]
}