{
  "_id": "55ee5e45bc809c5fc0f134da",
  "index": 1933,
  "guid": "a5a57dd8-06b3-4345-aa5c-f6165ae72df5",
  "isActive": true,
  "balance": "$81,277.46",
  "picture": "http://placehold.it/32x32",
  "age": 39,
  "eyeColor": "brown",
  "name": "Mills Allen",
  "gender": "male",
  "company": "ADORNICA",
  "email": "millsallen@adornica.com",
  "phone": "+1 (987) 552-2974",
  "address": "243 Village Court, Emison, Marshall Islands, 7751",
  "about": "Anim est proident eu incididunt elit occaecat. Esse pariatur quis aute ut non duis consectetur exercitation et non et irure consectetur proident. Fugiat eu commodo sit tempor do velit exercitation ad in laboris cupidatat. Excepteur fugiat veniam adipisicing sit sint et laboris tempor.\r\n",
  "registered": "2014-10-24T06:49:41-07:00",
  "tags": [
    "do",
    "adipisicing",
    "esse",
    "nisi",
    "commodo",
    "dolor",
    "consectetur"
  ],
  "friends": [
    {
      "id": 0,
      "name": "Herminia Callahan"
    },
    {
      "id": 1,
      "name": "Nadine Harris"
    },
    {
      "id": 2,
      "name": "Freeman Beach"
    }
  ],
  "greeting": "Hello, Mills Allen! You have 9 unread messages.",
  "favoriteFruit": "apple",
  "location": {
    "latitude": 68.990442,
    "longitude": -1.693961
  },
  "docFormat": "json",
  "triples": [
    {
      "triple": {
        "subject": "/sample-data/data-1933.json",
        "predicate": "http://www.w3.org/2000/01/rdf-schema#label",
        "object": "Mills Allen"
      }
    },
    {
      "triple": {
        "subject": "/sample-data/data-1933.json",
        "predicate": "http://www.w3.org/1999/02/22-rdf-syntax-ns#type",
        "object": "http://xmlns.com/foaf/0.1/Person"
      }
    },
    {
      "triple": {
        "subject": "/sample-data/data-1933.json",
        "predicate": "http://xmlns.com/foaf/0.1/knows",
        "object": "/sample-data/data-2207.json"
      }
    },
    {
      "triple": {
        "subject": "/sample-data/data-1933.json",
        "predicate": "http://xmlns.com/foaf/0.1/knows",
        "object": "/sample-data/data-888.json"
      }
    },
    {
      "triple": {
        "subject": "/sample-data/data-1933.json",
        "predicate": "http://xmlns.com/foaf/0.1/knows",
        "object": "/sample-data/data-859.json"
      }
    }
  ]
}