{
  "_id": "55ee5e456af279b8b729ed7c",
  "index": 1573,
  "guid": "4efea1d3-8215-4d6d-8789-63f8a1ec3416",
  "isActive": true,
  "balance": "$70,074.17",
  "picture": "http://placehold.it/32x32",
  "age": 66,
  "eyeColor": "blue",
  "name": "Janelle Pena",
  "gender": "female",
  "company": "BOILICON",
  "email": "janellepena@boilicon.com",
  "phone": "+1 (862) 520-3823",
  "address": "790 Herkimer Place, Lupton, Illinois, 3631",
  "about": "Ullamco in veniam commodo reprehenderit cupidatat deserunt. Nostrud dolor cupidatat laborum est deserunt adipisicing non et laborum sint consectetur mollit fugiat. Eiusmod qui irure culpa fugiat nisi esse aliquip labore sunt in irure minim minim mollit. Commodo non aliquip culpa duis duis dolore.\r\n",
  "registered": "2015-07-02T03:07:20-07:00",
  "tags": [
    "aute",
    "consectetur",
    "fugiat",
    "cillum",
    "in",
    "dolore",
    "laborum"
  ],
  "friends": [
    {
      "id": 0,
      "name": "Robert Reeves"
    },
    {
      "id": 1,
      "name": "Nannie Leonard"
    },
    {
      "id": 2,
      "name": "Watkins Franks"
    }
  ],
  "greeting": "Hello, Janelle Pena! You have 2 unread messages.",
  "favoriteFruit": "orange",
  "location": {
    "latitude": 73.663866,
    "longitude": 127.805922
  },
  "docFormat": "json",
  "triples": [
    {
      "triple": {
        "subject": "/sample-data/data-1573.json",
        "predicate": "http://www.w3.org/2000/01/rdf-schema#label",
        "object": "Janelle Pena"
      }
    },
    {
      "triple": {
        "subject": "/sample-data/data-1573.json",
        "predicate": "http://www.w3.org/1999/02/22-rdf-syntax-ns#type",
        "object": "http://xmlns.com/foaf/0.1/Person"
      }
    },
    {
      "triple": {
        "subject": "/sample-data/data-1573.json",
        "predicate": "http://xmlns.com/foaf/0.1/knows",
        "object": "/sample-data/data-549.json"
      }
    },
    {
      "triple": {
        "subject": "/sample-data/data-1573.json",
        "predicate": "http://xmlns.com/foaf/0.1/knows",
        "object": "/sample-data/data-1271.json"
      }
    },
    {
      "triple": {
        "subject": "/sample-data/data-1573.json",
        "predicate": "http://xmlns.com/foaf/0.1/knows",
        "object": "/sample-data/data-2865.json"
      }
    }
  ]
}