{
  "_id": "55ee5e98eae062acbccf13ec",
  "index": 2935,
  "guid": "f0594c21-ca9b-432b-880a-cfa7c154979f",
  "isActive": false,
  "balance": "$84,947.16",
  "picture": "http://placehold.it/32x32",
  "age": 44,
  "eyeColor": "brown",
  "name": "Myra Cameron",
  "gender": "female",
  "company": "ZYTREK",
  "email": "myracameron@zytrek.com",
  "phone": "+1 (849) 519-2632",
  "address": "790 Alabama Avenue, Bentonville, Michigan, 5989",
  "about": "Laborum dolor et in consequat excepteur officia ea dolor voluptate. Labore id labore id tempor proident do et sit officia id proident. Ex ullamco sit duis dolore ipsum ut. Et aliqua commodo veniam deserunt et elit mollit tempor eu anim irure.\r\n",
  "registered": "2014-05-26T08:25:03-07:00",
  "tags": [
    "cillum",
    "non",
    "occaecat",
    "sunt",
    "duis",
    "eu",
    "elit"
  ],
  "friends": [
    {
      "id": 0,
      "name": "Lacey Lowery"
    },
    {
      "id": 1,
      "name": "Leblanc Burgess"
    },
    {
      "id": 2,
      "name": "Joanne Carpenter"
    }
  ],
  "greeting": "Hello, Myra Cameron! You have 4 unread messages.",
  "favoriteFruit": "banana",
  "location": {
    "latitude": 36.619285,
    "longitude": 148.052972
  },
  "docFormat": "json",
  "triples": [
    {
      "triple": {
        "subject": "/sample-data/data-2935.json",
        "predicate": "http://www.w3.org/2000/01/rdf-schema#label",
        "object": "Myra Cameron"
      }
    },
    {
      "triple": {
        "subject": "/sample-data/data-2935.json",
        "predicate": "http://www.w3.org/1999/02/22-rdf-syntax-ns#type",
        "object": "http://xmlns.com/foaf/0.1/Person"
      }
    },
    {
      "triple": {
        "subject": "/sample-data/data-2935.json",
        "predicate": "http://xmlns.com/foaf/0.1/knows",
        "object": "/sample-data/data-2823.json"
      }
    },
    {
      "triple": {
        "subject": "/sample-data/data-2935.json",
        "predicate": "http://xmlns.com/foaf/0.1/knows",
        "object": "/sample-data/data-45.json"
      }
    },
    {
      "triple": {
        "subject": "/sample-data/data-2935.json",
        "predicate": "http://xmlns.com/foaf/0.1/knows",
        "object": "/sample-data/data-1192.json"
      }
    }
  ]
}