{
  "_id": "55ee5e4575b9c3963ab829b1",
  "index": 1677,
  "guid": "f1302ef9-a9da-4b9c-a0a9-b587870bcee2",
  "isActive": false,
  "balance": "$67,850.58",
  "picture": "http://placehold.it/32x32",
  "age": 62,
  "eyeColor": "brown",
  "name": "Nona Green",
  "gender": "female",
  "company": "AQUAFIRE",
  "email": "nonagreen@aquafire.com",
  "phone": "+1 (958) 532-2374",
  "address": "192 Pulaski Street, Draper, Nevada, 1148",
  "about": "Sint culpa elit cillum irure id. Pariatur cillum commodo dolore qui do qui magna amet ipsum dolore aute fugiat ea. Aliquip labore adipisicing aliqua ad.\r\n",
  "registered": "2014-02-14T08:52:47-07:00",
  "tags": [
    "aliquip",
    "ad",
    "aliquip",
    "eiusmod",
    "non",
    "anim",
    "eiusmod"
  ],
  "friends": [
    {
      "id": 0,
      "name": "Lowery Mcclure"
    },
    {
      "id": 1,
      "name": "Berry Hall"
    },
    {
      "id": 2,
      "name": "Jodi Carver"
    }
  ],
  "greeting": "Hello, Nona Green! You have 10 unread messages.",
  "favoriteFruit": "orange",
  "location": {
    "latitude": -48.21847,
    "longitude": -149.70659
  },
  "docFormat": "json",
  "triples": [
    {
      "triple": {
        "subject": "/sample-data/data-1677.json",
        "predicate": "http://www.w3.org/2000/01/rdf-schema#label",
        "object": "Nona Green"
      }
    },
    {
      "triple": {
        "subject": "/sample-data/data-1677.json",
        "predicate": "http://www.w3.org/1999/02/22-rdf-syntax-ns#type",
        "object": "http://xmlns.com/foaf/0.1/Person"
      }
    },
    {
      "triple": {
        "subject": "/sample-data/data-1677.json",
        "predicate": "http://xmlns.com/foaf/0.1/knows",
        "object": "/sample-data/data-502.json"
      }
    },
    {
      "triple": {
        "subject": "/sample-data/data-1677.json",
        "predicate": "http://xmlns.com/foaf/0.1/knows",
        "object": "/sample-data/data-717.json"
      }
    },
    {
      "triple": {
        "subject": "/sample-data/data-1677.json",
        "predicate": "http://xmlns.com/foaf/0.1/knows",
        "object": "/sample-data/data-335.json"
      }
    }
  ]
}