{
  "_id": "55ee5e98712650ae00a0570c",
  "index": 2221,
  "guid": "9575a680-291d-4642-a78d-6281dc886ffe",
  "isActive": true,
  "balance": "$79,428.63",
  "picture": "http://placehold.it/32x32",
  "age": 51,
  "eyeColor": "brown",
  "name": "Melendez Cruz",
  "gender": "male",
  "company": "DANCERITY",
  "email": "melendezcruz@dancerity.com",
  "phone": "+1 (844) 491-2430",
  "address": "805 George Street, Gambrills, Maine, 9937",
  "about": "Deserunt veniam eu laboris non deserunt adipisicing cupidatat reprehenderit eiusmod laborum ad ex. Deserunt irure Lorem ut officia cupidatat ullamco et anim occaecat esse exercitation exercitation. Sunt do laboris non deserunt minim commodo fugiat laboris.\r\n",
  "registered": "2014-06-03T07:35:17-07:00",
  "tags": [
    "quis",
    "aliquip",
    "magna",
    "ipsum",
    "magna",
    "nostrud",
    "ipsum"
  ],
  "friends": [
    {
      "id": 0,
      "name": "Millie Cannon"
    },
    {
      "id": 1,
      "name": "Jackson Hernandez"
    },
    {
      "id": 2,
      "name": "Prince May"
    }
  ],
  "greeting": "Hello, Melendez Cruz! You have 6 unread messages.",
  "favoriteFruit": "apple",
  "location": {
    "latitude": -12.793216,
    "longitude": 28.211879
  },
  "docFormat": "json",
  "triples": [
    {
      "triple": {
        "subject": "/sample-data/data-2221.json",
        "predicate": "http://www.w3.org/2000/01/rdf-schema#label",
        "object": "Melendez Cruz"
      }
    },
    {
      "triple": {
        "subject": "/sample-data/data-2221.json",
        "predicate": "http://www.w3.org/1999/02/22-rdf-syntax-ns#type",
        "object": "http://xmlns.com/foaf/0.1/Person"
      }
    },
    {
      "triple": {
        "subject": "/sample-data/data-2221.json",
        "predicate": "http://xmlns.com/foaf/0.1/knows",
        "object": "/sample-data/data-2931.json"
      }
    },
    {
      "triple": {
        "subject": "/sample-data/data-2221.json",
        "predicate": "http://xmlns.com/foaf/0.1/knows",
        "object": "/sample-data/data-159.json"
      }
    },
    {
      "triple": {
        "subject": "/sample-data/data-2221.json",
        "predicate": "http://xmlns.com/foaf/0.1/knows",
        "object": "/sample-data/data-2738.json"
      }
    }
  ]
}