{
  "_id": "55ee5e44d4aaaee20652e196",
  "index": 598,
  "guid": "447d50c1-5396-437b-b1e7-9eac289aa9e6",
  "isActive": false,
  "balance": "$12,877.82",
  "picture": "http://placehold.it/32x32",
  "age": 69,
  "eyeColor": "green",
  "name": "Crawford Brooks",
  "gender": "male",
  "company": "QUOTEZART",
  "email": "crawfordbrooks@quotezart.com",
  "phone": "+1 (902) 413-2446",
  "address": "878 Ferris Street, Linwood, Alaska, 7589",
  "about": "Ad cupidatat dolor labore ullamco. Cillum consequat voluptate quis elit nostrud velit officia. Esse deserunt eu aliquip ea sit excepteur ad elit culpa nisi aute dolor excepteur. Consequat consectetur pariatur veniam dolor excepteur Lorem eiusmod reprehenderit nostrud nisi reprehenderit. Elit anim labore veniam mollit. Id deserunt adipisicing velit Lorem velit.\r\n",
  "registered": "2014-05-28T01:44:13-07:00",
  "tags": [
    "reprehenderit",
    "cupidatat",
    "cillum",
    "nulla",
    "anim",
    "velit",
    "aliqua"
  ],
  "friends": [
    {
      "id": 0,
      "name": "Cooley Medina"
    },
    {
      "id": 1,
      "name": "Contreras Tanner"
    },
    {
      "id": 2,
      "name": "Karin Dunlap"
    }
  ],
  "greeting": "Hello, Crawford Brooks! You have 2 unread messages.",
  "favoriteFruit": "strawberry",
  "location": {
    "latitude": 14.735387,
    "longitude": 103.60568
  },
  "docFormat": "json",
  "triples": [
    {
      "triple": {
        "subject": "/sample-data/data-598.json",
        "predicate": "http://www.w3.org/2000/01/rdf-schema#label",
        "object": "Crawford Brooks"
      }
    },
    {
      "triple": {
        "subject": "/sample-data/data-598.json",
        "predicate": "http://www.w3.org/1999/02/22-rdf-syntax-ns#type",
        "object": "http://xmlns.com/foaf/0.1/Person"
      }
    },
    {
      "triple": {
        "subject": "/sample-data/data-598.json",
        "predicate": "http://xmlns.com/foaf/0.1/knows",
        "object": "/sample-data/data-71.json"
      }
    },
    {
      "triple": {
        "subject": "/sample-data/data-598.json",
        "predicate": "http://xmlns.com/foaf/0.1/knows",
        "object": "/sample-data/data-292.json"
      }
    },
    {
      "triple": {
        "subject": "/sample-data/data-598.json",
        "predicate": "http://xmlns.com/foaf/0.1/knows",
        "object": "/sample-data/data-2795.json"
      }
    }
  ]
}