{
  "_id": "55ee5e9820c81370cee322a8",
  "index": 2975,
  "guid": "db3b3596-36a0-4aa3-9a41-658c88e54fb4",
  "isActive": false,
  "balance": "$19,713.78",
  "picture": "http://placehold.it/32x32",
  "age": 32,
  "eyeColor": "blue",
  "name": "Wynn Hardin",
  "gender": "male",
  "company": "POOCHIES",
  "email": "wynnhardin@poochies.com",
  "phone": "+1 (900) 499-2097",
  "address": "151 Kensington Walk, Weogufka, Maine, 8268",
  "about": "Incididunt magna do officia velit culpa velit excepteur commodo deserunt Lorem ut veniam. Fugiat nostrud cillum laboris excepteur consequat deserunt nostrud voluptate elit ipsum voluptate. Est elit occaecat fugiat magna ullamco id proident adipisicing exercitation voluptate consequat exercitation. Exercitation ipsum aliqua sint duis eiusmod ex id est nulla aliqua labore. Velit enim qui id commodo enim proident. Culpa reprehenderit velit in ipsum deserunt laboris amet Lorem Lorem proident occaecat. Veniam proident mollit magna minim ad eu ex est officia.\r\n",
  "registered": "2014-05-05T08:10:48-07:00",
  "tags": [
    "nulla",
    "incididunt",
    "velit",
    "mollit",
    "do",
    "elit",
    "est"
  ],
  "friends": [
    {
      "id": 0,
      "name": "Sanchez Bruce"
    },
    {
      "id": 1,
      "name": "Katelyn Calderon"
    },
    {
      "id": 2,
      "name": "Schultz Stafford"
    }
  ],
  "greeting": "Hello, Wynn Hardin! You have 3 unread messages.",
  "favoriteFruit": "orange",
  "location": {
    "latitude": 43.990487,
    "longitude": -67.354867
  },
  "docFormat": "json",
  "triples": [
    {
      "triple": {
        "subject": "/sample-data/data-2975.json",
        "predicate": "http://www.w3.org/2000/01/rdf-schema#label",
        "object": "Wynn Hardin"
      }
    },
    {
      "triple": {
        "subject": "/sample-data/data-2975.json",
        "predicate": "http://www.w3.org/1999/02/22-rdf-syntax-ns#type",
        "object": "http://xmlns.com/foaf/0.1/Person"
      }
    },
    {
      "triple": {
        "subject": "/sample-data/data-2975.json",
        "predicate": "http://xmlns.com/foaf/0.1/knows",
        "object": "/sample-data/data-2725.json"
      }
    },
    {
      "triple": {
        "subject": "/sample-data/data-2975.json",
        "predicate": "http://xmlns.com/foaf/0.1/knows",
        "object": "/sample-data/data-1271.json"
      }
    },
    {
      "triple": {
        "subject": "/sample-data/data-2975.json",
        "predicate": "http://xmlns.com/foaf/0.1/knows",
        "object": "/sample-data/data-961.json"
      }
    }
  ]
}