{
  "_id": "55ee5e44d554f9180f801ac3",
  "index": 795,
  "guid": "368f42bf-383a-43be-b2be-aae150a3c531",
  "isActive": true,
  "balance": "$30,314.27",
  "picture": "http://placehold.it/32x32",
  "age": 65,
  "eyeColor": "green",
  "name": "Rodriguez Pratt",
  "gender": "male",
  "company": "OPTYK",
  "email": "rodriguezpratt@optyk.com",
  "phone": "+1 (939) 455-3645",
  "address": "144 Lexington Avenue, Oberlin, Minnesota, 2341",
  "about": "Eu elit velit anim Lorem sit officia. Fugiat ipsum aliquip velit duis. Minim aliqua excepteur ex ex culpa occaecat magna incididunt. Pariatur do adipisicing duis do excepteur laboris sit officia. Consectetur aute in ipsum incididunt aute exercitation. Cupidatat labore proident ad do ea officia est nostrud. Nulla pariatur deserunt fugiat mollit in dolore veniam.\r\n",
  "registered": "2014-12-13T05:42:33-07:00",
  "tags": [
    "do",
    "officia",
    "ad",
    "deserunt",
    "nulla",
    "ea",
    "id"
  ],
  "friends": [
    {
      "id": 0,
      "name": "Maryann Stephenson"
    },
    {
      "id": 1,
      "name": "Nadia Avila"
    },
    {
      "id": 2,
      "name": "Reynolds Cobb"
    }
  ],
  "greeting": "Hello, Rodriguez Pratt! You have 5 unread messages.",
  "favoriteFruit": "orange",
  "location": {
    "latitude": 58.341787,
    "longitude": 141.5682
  },
  "docFormat": "json",
  "triples": [
    {
      "triple": {
        "subject": "/sample-data/data-795.json",
        "predicate": "http://www.w3.org/2000/01/rdf-schema#label",
        "object": "Rodriguez Pratt"
      }
    },
    {
      "triple": {
        "subject": "/sample-data/data-795.json",
        "predicate": "http://www.w3.org/1999/02/22-rdf-syntax-ns#type",
        "object": "http://xmlns.com/foaf/0.1/Person"
      }
    },
    {
      "triple": {
        "subject": "/sample-data/data-795.json",
        "predicate": "http://xmlns.com/foaf/0.1/knows",
        "object": "/sample-data/data-2369.json"
      }
    },
    {
      "triple": {
        "subject": "/sample-data/data-795.json",
        "predicate": "http://xmlns.com/foaf/0.1/knows",
        "object": "/sample-data/data-1677.json"
      }
    },
    {
      "triple": {
        "subject": "/sample-data/data-795.json",
        "predicate": "http://xmlns.com/foaf/0.1/knows",
        "object": "/sample-data/data-981.json"
      }
    }
  ]
}