{
  "_id": "55ee5e456b4039534be8aa99",
  "index": 1600,
  "guid": "0728f2df-509c-48e5-905c-d3fe5a50dbf0",
  "isActive": false,
  "balance": "$77,866.54",
  "picture": "http://placehold.it/32x32",
  "age": 23,
  "eyeColor": "blue",
  "name": "Contreras Kerr",
  "gender": "male",
  "company": "MAKINGWAY",
  "email": "contreraskerr@makingway.com",
  "phone": "+1 (984) 497-3396",
  "address": "201 Himrod Street, Jamestown, Idaho, 6518",
  "about": "Lorem laboris irure occaecat excepteur cupidatat magna amet duis ex deserunt velit ullamco dolore ea. Et ex consectetur exercitation duis laboris labore ex. Commodo ad eiusmod exercitation consectetur irure. Fugiat nisi elit deserunt aliqua. Laborum sunt laboris labore incididunt officia incididunt officia aliquip eu do. Nisi enim sint exercitation dolor eu est qui nostrud reprehenderit. Occaecat id duis incididunt anim.\r\n",
  "registered": "2014-08-25T03:53:08-07:00",
  "tags": [
    "elit",
    "aliqua",
    "qui",
    "ipsum",
    "anim",
    "ex",
    "non"
  ],
  "friends": [
    {
      "id": 0,
      "name": "Bobbi Holcomb"
    },
    {
      "id": 1,
      "name": "Verna Moses"
    },
    {
      "id": 2,
      "name": "Miranda Dominguez"
    }
  ],
  "greeting": "Hello, Contreras Kerr! You have 9 unread messages.",
  "favoriteFruit": "banana",
  "location": {
    "latitude": 80.042969,
    "longitude": 12.704719
  },
  "docFormat": "json",
  "triples": [
    {
      "triple": {
        "subject": "/sample-data/data-1600.json",
        "predicate": "http://www.w3.org/2000/01/rdf-schema#label",
        "object": "Contreras Kerr"
      }
    },
    {
      "triple": {
        "subject": "/sample-data/data-1600.json",
        "predicate": "http://www.w3.org/1999/02/22-rdf-syntax-ns#type",
        "object": "http://xmlns.com/foaf/0.1/Person"
      }
    },
    {
      "triple": {
        "subject": "/sample-data/data-1600.json",
        "predicate": "http://xmlns.com/foaf/0.1/knows",
        "object": "/sample-data/data-1425.json"
      }
    },
    {
      "triple": {
        "subject": "/sample-data/data-1600.json",
        "predicate": "http://xmlns.com/foaf/0.1/knows",
        "object": "/sample-data/data-2854.json"
      }
    },
    {
      "triple": {
        "subject": "/sample-data/data-1600.json",
        "predicate": "http://xmlns.com/foaf/0.1/knows",
        "object": "/sample-data/data-1084.json"
      }
    }
  ]
}