{
  "_id": "55ee5e45511209d850f16ac5",
  "index": 1682,
  "guid": "04235ffd-4ff4-4f13-8be2-32ad3b8650ce",
  "isActive": false,
  "balance": "$54,792.04",
  "picture": "http://placehold.it/32x32",
  "age": 53,
  "eyeColor": "brown",
  "name": "Caitlin Hood",
  "gender": "female",
  "company": "OHMNET",
  "email": "caitlinhood@ohmnet.com",
  "phone": "+1 (861) 571-2379",
  "address": "752 Brevoort Place, Edgewater, Arizona, 5673",
  "about": "Dolor enim reprehenderit commodo eiusmod commodo anim eu reprehenderit irure. Aliquip reprehenderit enim fugiat nisi quis. Exercitation nisi tempor sunt tempor incididunt esse. Excepteur laborum ad officia consequat sint cupidatat. Excepteur sint amet voluptate nostrud. Exercitation veniam mollit cillum pariatur Lorem cupidatat dolor. Enim tempor pariatur officia ipsum minim culpa nisi proident minim ut.\r\n",
  "registered": "2014-01-26T07:41:30-07:00",
  "tags": [
    "consectetur",
    "officia",
    "occaecat",
    "amet",
    "et",
    "duis",
    "ea"
  ],
  "friends": [
    {
      "id": 0,
      "name": "Ayers Cox"
    },
    {
      "id": 1,
      "name": "Love Stuart"
    },
    {
      "id": 2,
      "name": "Nancy Stanley"
    }
  ],
  "greeting": "Hello, Caitlin Hood! You have 4 unread messages.",
  "favoriteFruit": "strawberry",
  "location": {
    "latitude": 9.226017,
    "longitude": -134.614139
  },
  "docFormat": "json",
  "triples": [
    {
      "triple": {
        "subject": "/sample-data/data-1682.json",
        "predicate": "http://www.w3.org/2000/01/rdf-schema#label",
        "object": "Caitlin Hood"
      }
    },
    {
      "triple": {
        "subject": "/sample-data/data-1682.json",
        "predicate": "http://www.w3.org/1999/02/22-rdf-syntax-ns#type",
        "object": "http://xmlns.com/foaf/0.1/Person"
      }
    },
    {
      "triple": {
        "subject": "/sample-data/data-1682.json",
        "predicate": "http://xmlns.com/foaf/0.1/knows",
        "object": "/sample-data/data-2852.json"
      }
    },
    {
      "triple": {
        "subject": "/sample-data/data-1682.json",
        "predicate": "http://xmlns.com/foaf/0.1/knows",
        "object": "/sample-data/data-658.json"
      }
    },
    {
      "triple": {
        "subject": "/sample-data/data-1682.json",
        "predicate": "http://xmlns.com/foaf/0.1/knows",
        "object": "/sample-data/data-2931.json"
      }
    }
  ]
}