{
  "_id": "55ee5e982a664df9cef23d72",
  "index": 2450,
  "guid": "41006d20-a8b0-4c15-a2db-9206b48d1dfd",
  "isActive": false,
  "balance": "$90,401.59",
  "picture": "http://placehold.it/32x32",
  "age": 67,
  "eyeColor": "gray",
  "name": "Louella Cote",
  "gender": "female",
  "company": "UNIA",
  "email": "louellacote@unia.com",
  "phone": "+1 (835) 596-2602",
  "address": "195 Emerson Place, Topaz, Illinois, 2208",
  "about": "Culpa Lorem pariatur nisi aute esse officia ut amet adipisicing dolor culpa esse sint. In culpa exercitation sunt veniam occaecat excepteur do proident eu aliqua amet fugiat. Amet adipisicing consequat nostrud dolore consequat pariatur esse dolor ex aliquip exercitation in. Irure ut ipsum aliqua cupidatat excepteur eu. Aliquip aliquip fugiat qui ipsum est nisi.\r\n",
  "registered": "2014-07-30T09:33:31-07:00",
  "tags": [
    "irure",
    "excepteur",
    "elit",
    "ipsum",
    "sunt",
    "aliqua",
    "voluptate"
  ],
  "friends": [
    {
      "id": 0,
      "name": "Solomon Thomas"
    },
    {
      "id": 1,
      "name": "Everett Keith"
    },
    {
      "id": 2,
      "name": "Webb Tran"
    }
  ],
  "greeting": "Hello, Louella Cote! You have 9 unread messages.",
  "favoriteFruit": "pear",
  "location": {
    "latitude": -55.128374,
    "longitude": 167.970302
  },
  "docFormat": "json",
  "triples": [
    {
      "triple": {
        "subject": "/sample-data/data-2450.json",
        "predicate": "http://www.w3.org/2000/01/rdf-schema#label",
        "object": "Louella Cote"
      }
    },
    {
      "triple": {
        "subject": "/sample-data/data-2450.json",
        "predicate": "http://www.w3.org/1999/02/22-rdf-syntax-ns#type",
        "object": "http://xmlns.com/foaf/0.1/Person"
      }
    },
    {
      "triple": {
        "subject": "/sample-data/data-2450.json",
        "predicate": "http://xmlns.com/foaf/0.1/knows",
        "object": "/sample-data/data-226.json"
      }
    },
    {
      "triple": {
        "subject": "/sample-data/data-2450.json",
        "predicate": "http://xmlns.com/foaf/0.1/knows",
        "object": "/sample-data/data-156.json"
      }
    },
    {
      "triple": {
        "subject": "/sample-data/data-2450.json",
        "predicate": "http://xmlns.com/foaf/0.1/knows",
        "object": "/sample-data/data-1376.json"
      }
    }
  ]
}