{
  "_id": "55ee5e98edcfc82f9c64af14",
  "index": 2467,
  "guid": "7036545c-24d5-4cb4-b20d-92b85dcc1d51",
  "isActive": false,
  "balance": "$14,005.63",
  "picture": "http://placehold.it/32x32",
  "age": 48,
  "eyeColor": "green",
  "name": "Alford Ellis",
  "gender": "male",
  "company": "STREZZO",
  "email": "alfordellis@strezzo.com",
  "phone": "+1 (819) 437-2112",
  "address": "282 Roebling Street, Crayne, Kansas, 886",
  "about": "Pariatur eiusmod elit sit aliquip eiusmod. Nulla aliqua sint consequat deserunt sint est enim elit ad quis ad non qui. Eu exercitation ad reprehenderit nisi. In ut proident aliqua esse est nulla aute officia.\r\n",
  "registered": "2014-11-21T10:54:48-07:00",
  "tags": [
    "cupidatat",
    "voluptate",
    "excepteur",
    "amet",
    "consectetur",
    "aliquip",
    "et"
  ],
  "friends": [
    {
      "id": 0,
      "name": "Stein Hester"
    },
    {
      "id": 1,
      "name": "Becky Monroe"
    },
    {
      "id": 2,
      "name": "Elba Douglas"
    }
  ],
  "greeting": "Hello, Alford Ellis! You have 9 unread messages.",
  "favoriteFruit": "orange",
  "location": {
    "latitude": 74.926959,
    "longitude": -68.905006
  },
  "docFormat": "json",
  "triples": [
    {
      "triple": {
        "subject": "/sample-data/data-2467.json",
        "predicate": "http://www.w3.org/2000/01/rdf-schema#label",
        "object": "Alford Ellis"
      }
    },
    {
      "triple": {
        "subject": "/sample-data/data-2467.json",
        "predicate": "http://www.w3.org/1999/02/22-rdf-syntax-ns#type",
        "object": "http://xmlns.com/foaf/0.1/Person"
      }
    },
    {
      "triple": {
        "subject": "/sample-data/data-2467.json",
        "predicate": "http://xmlns.com/foaf/0.1/knows",
        "object": "/sample-data/data-1606.json"
      }
    },
    {
      "triple": {
        "subject": "/sample-data/data-2467.json",
        "predicate": "http://xmlns.com/foaf/0.1/knows",
        "object": "/sample-data/data-2848.json"
      }
    },
    {
      "triple": {
        "subject": "/sample-data/data-2467.json",
        "predicate": "http://xmlns.com/foaf/0.1/knows",
        "object": "/sample-data/data-1669.json"
      }
    }
  ]
}