{
  "_id": "55ee5e98567f60087dbbf496",
  "index": 2446,
  "guid": "34452734-f7b9-42e4-aad6-545a893e5205",
  "isActive": true,
  "balance": "$61,035.03",
  "picture": "http://placehold.it/32x32",
  "age": 46,
  "eyeColor": "honey",
  "name": "Jacklyn Fitzgerald",
  "gender": "female",
  "company": "DATAGENE",
  "email": "jacklynfitzgerald@datagene.com",
  "phone": "+1 (822) 598-3241",
  "address": "786 Montague Terrace, Glidden, Florida, 6924",
  "about": "Consequat fugiat eiusmod commodo pariatur velit in velit officia consectetur mollit aliquip. Laborum eu deserunt velit qui commodo elit ipsum est sit. Proident ut adipisicing labore Lorem duis exercitation. Dolore laboris ut consectetur aute. Aliqua fugiat deserunt veniam voluptate irure sit labore veniam pariatur ea eiusmod quis commodo aliqua. Voluptate ipsum do ea proident sint et anim deserunt esse amet labore.\r\n",
  "registered": "2015-06-05T04:44:13-07:00",
  "tags": [
    "minim",
    "commodo",
    "minim",
    "ex",
    "dolor",
    "labore",
    "dolor"
  ],
  "friends": [
    {
      "id": 0,
      "name": "Jolene Strickland"
    },
    {
      "id": 1,
      "name": "Long Wright"
    },
    {
      "id": 2,
      "name": "Watson Daniel"
    }
  ],
  "greeting": "Hello, Jacklyn Fitzgerald! You have 3 unread messages.",
  "favoriteFruit": "banana",
  "location": {
    "latitude": -70.910263,
    "longitude": -76.13773
  },
  "docFormat": "json",
  "triples": [
    {
      "triple": {
        "subject": "/sample-data/data-2446.json",
        "predicate": "http://www.w3.org/2000/01/rdf-schema#label",
        "object": "Jacklyn Fitzgerald"
      }
    },
    {
      "triple": {
        "subject": "/sample-data/data-2446.json",
        "predicate": "http://www.w3.org/1999/02/22-rdf-syntax-ns#type",
        "object": "http://xmlns.com/foaf/0.1/Person"
      }
    },
    {
      "triple": {
        "subject": "/sample-data/data-2446.json",
        "predicate": "http://xmlns.com/foaf/0.1/knows",
        "object": "/sample-data/data-2284.json"
      }
    },
    {
      "triple": {
        "subject": "/sample-data/data-2446.json",
        "predicate": "http://xmlns.com/foaf/0.1/knows",
        "object": "/sample-data/data-2143.json"
      }
    },
    {
      "triple": {
        "subject": "/sample-data/data-2446.json",
        "predicate": "http://xmlns.com/foaf/0.1/knows",
        "object": "/sample-data/data-515.json"
      }
    }
  ]
}