{
  "_id": "55ee5e44d539943be35795b1",
  "index": 445,
  "guid": "8dc1e8f1-2fba-4020-a694-c80eb67affa9",
  "isActive": true,
  "balance": "$6,214.01",
  "picture": "http://placehold.it/32x32",
  "age": 53,
  "eyeColor": "green",
  "name": "Estella Everett",
  "gender": "female",
  "company": "SLUMBERIA",
  "email": "estellaeverett@slumberia.com",
  "phone": "+1 (983) 538-3722",
  "address": "647 Manhattan Court, Bethany, Puerto Rico, 7590",
  "about": "Amet dolor adipisicing exercitation consectetur occaecat pariatur qui consequat labore voluptate ex consequat. Non pariatur elit cillum Lorem commodo sunt sint ea. Enim cupidatat deserunt consectetur ullamco sit officia elit laboris nulla consectetur adipisicing proident consectetur.\r\n",
  "registered": "2015-07-28T12:25:46-07:00",
  "tags": [
    "reprehenderit",
    "eiusmod",
    "consequat",
    "consequat",
    "amet",
    "quis",
    "elit"
  ],
  "friends": [
    {
      "id": 0,
      "name": "Bryan Calhoun"
    },
    {
      "id": 1,
      "name": "Juanita Hebert"
    },
    {
      "id": 2,
      "name": "Lesa Johnson"
    }
  ],
  "greeting": "Hello, Estella Everett! You have 1 unread messages.",
  "favoriteFruit": "pear",
  "location": {
    "latitude": 2.890546,
    "longitude": 64.132085
  },
  "docFormat": "json",
  "triples": [
    {
      "triple": {
        "subject": "/sample-data/data-445.json",
        "predicate": "http://www.w3.org/2000/01/rdf-schema#label",
        "object": "Estella Everett"
      }
    },
    {
      "triple": {
        "subject": "/sample-data/data-445.json",
        "predicate": "http://www.w3.org/1999/02/22-rdf-syntax-ns#type",
        "object": "http://xmlns.com/foaf/0.1/Person"
      }
    },
    {
      "triple": {
        "subject": "/sample-data/data-445.json",
        "predicate": "http://xmlns.com/foaf/0.1/knows",
        "object": "/sample-data/data-268.json"
      }
    },
    {
      "triple": {
        "subject": "/sample-data/data-445.json",
        "predicate": "http://xmlns.com/foaf/0.1/knows",
        "object": "/sample-data/data-242.json"
      }
    },
    {
      "triple": {
        "subject": "/sample-data/data-445.json",
        "predicate": "http://xmlns.com/foaf/0.1/knows",
        "object": "/sample-data/data-292.json"
      }
    }
  ]
}