{
  "_id": "55ee5e45107627586fff68ae",
  "index": 1591,
  "guid": "0d040e2e-7f1b-4212-a01a-921d0d7e87d8",
  "isActive": true,
  "balance": "$91,809.32",
  "picture": "http://placehold.it/32x32",
  "age": 29,
  "eyeColor": "blue",
  "name": "Espinoza Perry",
  "gender": "male",
  "company": "SOPRANO",
  "email": "espinozaperry@soprano.com",
  "phone": "+1 (967) 427-3357",
  "address": "723 Holly Street, Bladensburg, Wyoming, 7554",
  "about": "Nostrud elit minim reprehenderit proident labore quis aliquip. Excepteur pariatur cillum esse nulla et consectetur aliqua exercitation non ad aliquip. Dolor Lorem eiusmod eiusmod non nostrud sint officia labore anim deserunt nulla tempor labore. Proident laboris velit ipsum ullamco ea tempor irure in excepteur laborum pariatur quis aliquip.\r\n",
  "registered": "2014-11-08T02:27:54-07:00",
  "tags": [
    "laboris",
    "exercitation",
    "dolore",
    "id",
    "aute",
    "esse",
    "reprehenderit"
  ],
  "friends": [
    {
      "id": 0,
      "name": "Brenda Alford"
    },
    {
      "id": 1,
      "name": "Elisabeth Goodman"
    },
    {
      "id": 2,
      "name": "Garrett Pate"
    }
  ],
  "greeting": "Hello, Espinoza Perry! You have 3 unread messages.",
  "favoriteFruit": "banana",
  "location": {
    "latitude": -24.782167,
    "longitude": 96.454273
  },
  "docFormat": "json",
  "triples": [
    {
      "triple": {
        "subject": "/sample-data/data-1591.json",
        "predicate": "http://www.w3.org/2000/01/rdf-schema#label",
        "object": "Espinoza Perry"
      }
    },
    {
      "triple": {
        "subject": "/sample-data/data-1591.json",
        "predicate": "http://www.w3.org/1999/02/22-rdf-syntax-ns#type",
        "object": "http://xmlns.com/foaf/0.1/Person"
      }
    },
    {
      "triple": {
        "subject": "/sample-data/data-1591.json",
        "predicate": "http://xmlns.com/foaf/0.1/knows",
        "object": "/sample-data/data-1302.json"
      }
    },
    {
      "triple": {
        "subject": "/sample-data/data-1591.json",
        "predicate": "http://xmlns.com/foaf/0.1/knows",
        "object": "/sample-data/data-561.json"
      }
    },
    {
      "triple": {
        "subject": "/sample-data/data-1591.json",
        "predicate": "http://xmlns.com/foaf/0.1/knows",
        "object": "/sample-data/data-2895.json"
      }
    }
  ]
}