{
  "_id": "55ee5e98ef65bfd4109c7a1b",
  "index": 2826,
  "guid": "a4242691-3ac5-46f6-b633-4f30d2f2b529",
  "isActive": false,
  "balance": "$6,452.50",
  "picture": "http://placehold.it/32x32",
  "age": 70,
  "eyeColor": "brown",
  "name": "Hunter Mcmahon",
  "gender": "male",
  "company": "OPTICON",
  "email": "huntermcmahon@opticon.com",
  "phone": "+1 (909) 496-3359",
  "address": "770 Utica Avenue, Trona, Mississippi, 9731",
  "about": "Ex velit ad cupidatat consectetur. Elit voluptate nulla Lorem sint culpa proident veniam dolor. Qui duis eiusmod culpa aliquip nisi sunt duis duis non nisi quis consequat occaecat minim. Ut velit ad et quis tempor tempor ullamco irure Lorem proident quis do cillum proident. Eiusmod deserunt excepteur duis cillum et. Occaecat sunt tempor esse dolore veniam Lorem proident.\r\n",
  "registered": "2014-03-08T11:11:00-07:00",
  "tags": [
    "eu",
    "ipsum",
    "reprehenderit",
    "ullamco",
    "adipisicing",
    "non",
    "officia"
  ],
  "friends": [
    {
      "id": 0,
      "name": "Warren Craft"
    },
    {
      "id": 1,
      "name": "Craft Sims"
    },
    {
      "id": 2,
      "name": "Flowers Sutton"
    }
  ],
  "greeting": "Hello, Hunter Mcmahon! You have 7 unread messages.",
  "favoriteFruit": "strawberry",
  "location": {
    "latitude": 53.500437,
    "longitude": 85.945011
  },
  "docFormat": "json",
  "triples": [
    {
      "triple": {
        "subject": "/sample-data/data-2826.json",
        "predicate": "http://www.w3.org/2000/01/rdf-schema#label",
        "object": "Hunter Mcmahon"
      }
    },
    {
      "triple": {
        "subject": "/sample-data/data-2826.json",
        "predicate": "http://www.w3.org/1999/02/22-rdf-syntax-ns#type",
        "object": "http://xmlns.com/foaf/0.1/Person"
      }
    },
    {
      "triple": {
        "subject": "/sample-data/data-2826.json",
        "predicate": "http://xmlns.com/foaf/0.1/knows",
        "object": "/sample-data/data-2908.json"
      }
    },
    {
      "triple": {
        "subject": "/sample-data/data-2826.json",
        "predicate": "http://xmlns.com/foaf/0.1/knows",
        "object": "/sample-data/data-1830.json"
      }
    },
    {
      "triple": {
        "subject": "/sample-data/data-2826.json",
        "predicate": "http://xmlns.com/foaf/0.1/knows",
        "object": "/sample-data/data-2605.json"
      }
    }
  ]
}