{
  "_id": "55ee5e98d86f9139d4c45911",
  "index": 2743,
  "guid": "90f0fbae-c80e-42e8-90ac-c365d2f55c73",
  "isActive": true,
  "balance": "$72,015.48",
  "picture": "http://placehold.it/32x32",
  "age": 41,
  "eyeColor": "blue",
  "name": "Park Cervantes",
  "gender": "male",
  "company": "INFOTRIPS",
  "email": "parkcervantes@infotrips.com",
  "phone": "+1 (984) 523-3152",
  "address": "365 Java Street, Hessville, Maine, 7247",
  "about": "Sit veniam sint dolor anim exercitation. Dolor eiusmod ad veniam esse mollit sit aliquip pariatur nostrud tempor nulla. Do labore ea quis occaecat aliqua. Culpa proident officia id officia. Quis nulla ex consequat laboris consequat ex do sunt non dolor magna laborum. Nostrud nostrud quis cillum quis fugiat quis. Officia cupidatat exercitation deserunt mollit adipisicing.\r\n",
  "registered": "2014-02-26T12:56:09-07:00",
  "tags": [
    "sunt",
    "dolor",
    "ad",
    "deserunt",
    "eiusmod",
    "dolor",
    "occaecat"
  ],
  "friends": [
    {
      "id": 0,
      "name": "Mary Blevins"
    },
    {
      "id": 1,
      "name": "Hendricks Sloan"
    },
    {
      "id": 2,
      "name": "Johnnie Nolan"
    }
  ],
  "greeting": "Hello, Park Cervantes! You have 10 unread messages.",
  "favoriteFruit": "pear",
  "location": {
    "latitude": -53.157826,
    "longitude": -123.932212
  },
  "docFormat": "json",
  "triples": [
    {
      "triple": {
        "subject": "/sample-data/data-2743.json",
        "predicate": "http://www.w3.org/2000/01/rdf-schema#label",
        "object": "Park Cervantes"
      }
    },
    {
      "triple": {
        "subject": "/sample-data/data-2743.json",
        "predicate": "http://www.w3.org/1999/02/22-rdf-syntax-ns#type",
        "object": "http://xmlns.com/foaf/0.1/Person"
      }
    },
    {
      "triple": {
        "subject": "/sample-data/data-2743.json",
        "predicate": "http://xmlns.com/foaf/0.1/knows",
        "object": "/sample-data/data-2845.json"
      }
    },
    {
      "triple": {
        "subject": "/sample-data/data-2743.json",
        "predicate": "http://xmlns.com/foaf/0.1/knows",
        "object": "/sample-data/data-164.json"
      }
    },
    {
      "triple": {
        "subject": "/sample-data/data-2743.json",
        "predicate": "http://xmlns.com/foaf/0.1/knows",
        "object": "/sample-data/data-1529.json"
      }
    }
  ]
}