{
  "_id": "55ee5e98d5a6c383e4d4f380",
  "index": 2077,
  "guid": "1259d0ae-b314-45e6-869f-b59c71eb4d0e",
  "isActive": false,
  "balance": "$99,521.34",
  "picture": "http://placehold.it/32x32",
  "age": 62,
  "eyeColor": "brown",
  "name": "Jana Craft",
  "gender": "female",
  "company": "PHOTOBIN",
  "email": "janacraft@photobin.com",
  "phone": "+1 (897) 463-3091",
  "address": "310 Oakland Place, Durham, Marshall Islands, 2878",
  "about": "Ex in adipisicing ad duis nulla irure esse. Enim ut duis id aliqua reprehenderit aute est elit sunt ut culpa. Nostrud nulla officia magna laborum voluptate commodo et esse officia. Minim sit adipisicing elit dolor duis eu reprehenderit amet minim velit consectetur culpa consequat nulla. Velit tempor commodo dolor nulla tempor adipisicing excepteur.\r\n",
  "registered": "2015-04-08T12:04:47-07:00",
  "tags": [
    "culpa",
    "et",
    "culpa",
    "ex",
    "dolore",
    "voluptate",
    "cillum"
  ],
  "friends": [
    {
      "id": 0,
      "name": "Helga Sims"
    },
    {
      "id": 1,
      "name": "Minerva Sutton"
    },
    {
      "id": 2,
      "name": "Lucile Valenzuela"
    }
  ],
  "greeting": "Hello, Jana Craft! You have 10 unread messages.",
  "favoriteFruit": "banana",
  "location": {
    "latitude": -84.191873,
    "longitude": 108.68283
  },
  "docFormat": "json",
  "triples": [
    {
      "triple": {
        "subject": "/sample-data/data-2077.json",
        "predicate": "http://www.w3.org/2000/01/rdf-schema#label",
        "object": "Jana Craft"
      }
    },
    {
      "triple": {
        "subject": "/sample-data/data-2077.json",
        "predicate": "http://www.w3.org/1999/02/22-rdf-syntax-ns#type",
        "object": "http://xmlns.com/foaf/0.1/Person"
      }
    },
    {
      "triple": {
        "subject": "/sample-data/data-2077.json",
        "predicate": "http://xmlns.com/foaf/0.1/knows",
        "object": "/sample-data/data-591.json"
      }
    },
    {
      "triple": {
        "subject": "/sample-data/data-2077.json",
        "predicate": "http://xmlns.com/foaf/0.1/knows",
        "object": "/sample-data/data-2449.json"
      }
    },
    {
      "triple": {
        "subject": "/sample-data/data-2077.json",
        "predicate": "http://xmlns.com/foaf/0.1/knows",
        "object": "/sample-data/data-1153.json"
      }
    }
  ]
}