{
  "_id": "55ee5e45c020b543b9dcd1fd",
  "index": 1587,
  "guid": "0c6abdaf-77b4-4a38-a91b-a4c1e8cc2af0",
  "isActive": false,
  "balance": "$30,722.87",
  "picture": "http://placehold.it/32x32",
  "age": 20,
  "eyeColor": "blue",
  "name": "Mollie Fernandez",
  "gender": "female",
  "company": "PLASTO",
  "email": "molliefernandez@plasto.com",
  "phone": "+1 (938) 577-3562",
  "address": "596 Dekalb Avenue, Cetronia, Guam, 162",
  "about": "Eiusmod esse deserunt consectetur id voluptate eu. Fugiat laborum reprehenderit ex et minim sint do dolor non deserunt amet. Consequat magna non cupidatat amet dolore anim veniam dolor amet occaecat enim do exercitation laboris. Occaecat minim cupidatat cillum ipsum minim elit non reprehenderit non proident ex est. Ad incididunt ex mollit aliquip minim minim nostrud nostrud laborum.\r\n",
  "registered": "2015-03-16T03:04:33-07:00",
  "tags": [
    "laboris",
    "ipsum",
    "sint",
    "nostrud",
    "laborum",
    "amet",
    "laborum"
  ],
  "friends": [
    {
      "id": 0,
      "name": "Lottie Rios"
    },
    {
      "id": 1,
      "name": "Marla Logan"
    },
    {
      "id": 2,
      "name": "Gordon Ayers"
    }
  ],
  "greeting": "Hello, Mollie Fernandez! You have 8 unread messages.",
  "favoriteFruit": "orange",
  "location": {
    "latitude": -33.20672,
    "longitude": 96.890619
  },
  "docFormat": "json",
  "triples": [
    {
      "triple": {
        "subject": "/sample-data/data-1587.json",
        "predicate": "http://www.w3.org/2000/01/rdf-schema#label",
        "object": "Mollie Fernandez"
      }
    },
    {
      "triple": {
        "subject": "/sample-data/data-1587.json",
        "predicate": "http://www.w3.org/1999/02/22-rdf-syntax-ns#type",
        "object": "http://xmlns.com/foaf/0.1/Person"
      }
    },
    {
      "triple": {
        "subject": "/sample-data/data-1587.json",
        "predicate": "http://xmlns.com/foaf/0.1/knows",
        "object": "/sample-data/data-2903.json"
      }
    },
    {
      "triple": {
        "subject": "/sample-data/data-1587.json",
        "predicate": "http://xmlns.com/foaf/0.1/knows",
        "object": "/sample-data/data-1381.json"
      }
    },
    {
      "triple": {
        "subject": "/sample-data/data-1587.json",
        "predicate": "http://xmlns.com/foaf/0.1/knows",
        "object": "/sample-data/data-2243.json"
      }
    }
  ]
}