{
  "_id": "55ee5e98eb7a99d67303af30",
  "index": 2325,
  "guid": "d0e5854d-a0ae-4a23-b6d4-a47cd10245bc",
  "isActive": true,
  "balance": "$74,702.96",
  "picture": "http://placehold.it/32x32",
  "age": 60,
  "eyeColor": "blue",
  "name": "Bates Charles",
  "gender": "male",
  "company": "KRAGGLE",
  "email": "batescharles@kraggle.com",
  "phone": "+1 (833) 516-2785",
  "address": "409 Macon Street, Darrtown, Arizona, 9948",
  "about": "Deserunt excepteur nulla tempor dolor nisi nisi ex anim dolore fugiat dolor nulla voluptate aute. Proident excepteur et proident consectetur officia labore ea qui aliqua aute do consequat eiusmod. Aliquip amet exercitation nostrud labore ea dolore est sint. Veniam irure dolor pariatur cillum nostrud esse nisi mollit dolor labore excepteur duis adipisicing qui.\r\n",
  "registered": "2014-02-25T05:46:46-07:00",
  "tags": [
    "Lorem",
    "voluptate",
    "enim",
    "consequat",
    "elit",
    "et",
    "aute"
  ],
  "friends": [
    {
      "id": 0,
      "name": "Chrystal Parks"
    },
    {
      "id": 1,
      "name": "Ferguson Frye"
    },
    {
      "id": 2,
      "name": "Saundra Stark"
    }
  ],
  "greeting": "Hello, Bates Charles! You have 3 unread messages.",
  "favoriteFruit": "apple",
  "location": {
    "latitude": -83.325797,
    "longitude": 20.418702
  },
  "docFormat": "json",
  "triples": [
    {
      "triple": {
        "subject": "/sample-data/data-2325.json",
        "predicate": "http://www.w3.org/2000/01/rdf-schema#label",
        "object": "Bates Charles"
      }
    },
    {
      "triple": {
        "subject": "/sample-data/data-2325.json",
        "predicate": "http://www.w3.org/1999/02/22-rdf-syntax-ns#type",
        "object": "http://xmlns.com/foaf/0.1/Person"
      }
    },
    {
      "triple": {
        "subject": "/sample-data/data-2325.json",
        "predicate": "http://xmlns.com/foaf/0.1/knows",
        "object": "/sample-data/data-1342.json"
      }
    },
    {
      "triple": {
        "subject": "/sample-data/data-2325.json",
        "predicate": "http://xmlns.com/foaf/0.1/knows",
        "object": "/sample-data/data-2780.json"
      }
    },
    {
      "triple": {
        "subject": "/sample-data/data-2325.json",
        "predicate": "http://xmlns.com/foaf/0.1/knows",
        "object": "/sample-data/data-1848.json"
      }
    }
  ]
}