{
  "_id": "55ee5e447c0b38134f3c82a5",
  "index": 1319,
  "guid": "b01db84f-704d-4687-afb7-76da92af9419",
  "isActive": false,
  "balance": "$6,160.60",
  "picture": "http://placehold.it/32x32",
  "age": 61,
  "eyeColor": "blue",
  "name": "Santos Vang",
  "gender": "male",
  "company": "BESTO",
  "email": "santosvang@besto.com",
  "phone": "+1 (839) 483-2696",
  "address": "691 Dobbin Street, Cliffside, New Jersey, 3730",
  "about": "Duis minim eu ullamco sint minim non in occaecat minim dolore Lorem nisi. Et anim ex occaecat dolor velit laboris dolore laborum ad. Non non ullamco cillum culpa mollit nostrud laboris laborum est labore fugiat magna officia. Nostrud ut ex eu sint fugiat minim dolore aliqua. Ex elit excepteur sunt nisi deserunt aliqua tempor dolor velit elit. Enim exercitation laborum cillum ex dolore nulla dolor. Commodo ipsum do qui aute laboris consequat officia.\r\n",
  "registered": "2015-08-04T12:11:35-07:00",
  "tags": [
    "qui",
    "adipisicing",
    "non",
    "cillum",
    "eiusmod",
    "do",
    "enim"
  ],
  "friends": [
    {
      "id": 0,
      "name": "Morales Matthews"
    },
    {
      "id": 1,
      "name": "Bartlett Mclaughlin"
    },
    {
      "id": 2,
      "name": "Michelle Ayala"
    }
  ],
  "greeting": "Hello, Santos Vang! You have 7 unread messages.",
  "favoriteFruit": "apple",
  "location": {
    "latitude": -23.209807,
    "longitude": -88.474335
  },
  "docFormat": "json",
  "triples": [
    {
      "triple": {
        "subject": "/sample-data/data-1319.json",
        "predicate": "http://www.w3.org/2000/01/rdf-schema#label",
        "object": "Santos Vang"
      }
    },
    {
      "triple": {
        "subject": "/sample-data/data-1319.json",
        "predicate": "http://www.w3.org/1999/02/22-rdf-syntax-ns#type",
        "object": "http://xmlns.com/foaf/0.1/Person"
      }
    },
    {
      "triple": {
        "subject": "/sample-data/data-1319.json",
        "predicate": "http://xmlns.com/foaf/0.1/knows",
        "object": "/sample-data/data-2482.json"
      }
    },
    {
      "triple": {
        "subject": "/sample-data/data-1319.json",
        "predicate": "http://xmlns.com/foaf/0.1/knows",
        "object": "/sample-data/data-884.json"
      }
    },
    {
      "triple": {
        "subject": "/sample-data/data-1319.json",
        "predicate": "http://xmlns.com/foaf/0.1/knows",
        "object": "/sample-data/data-1479.json"
      }
    }
  ]
}