{
  "_id": "55ee5e45fe524dc11380021b",
  "index": 1876,
  "guid": "c67424b2-40aa-4256-b7e8-1f5270a84d44",
  "isActive": false,
  "balance": "$7,265.00",
  "picture": "http://placehold.it/32x32",
  "age": 67,
  "eyeColor": "green",
  "name": "Meredith Blanchard",
  "gender": "female",
  "company": "ISBOL",
  "email": "meredithblanchard@isbol.com",
  "phone": "+1 (810) 508-2413",
  "address": "477 Montauk Court, Bergoo, Oklahoma, 8694",
  "about": "Ad ex esse est quis cillum enim dolore magna incididunt nostrud fugiat aliquip dolor aliquip. Magna ex quis veniam quis aliqua aliquip. Ea velit ea officia est labore elit.\r\n",
  "registered": "2014-10-05T04:31:35-07:00",
  "tags": [
    "dolore",
    "exercitation",
    "Lorem",
    "velit",
    "cupidatat",
    "amet",
    "id"
  ],
  "friends": [
    {
      "id": 0,
      "name": "Mitzi Waters"
    },
    {
      "id": 1,
      "name": "Delia Burton"
    },
    {
      "id": 2,
      "name": "Wise Solis"
    }
  ],
  "greeting": "Hello, Meredith Blanchard! You have 7 unread messages.",
  "favoriteFruit": "apple",
  "location": {
    "latitude": -65.146766,
    "longitude": -45.653724
  },
  "docFormat": "json",
  "triples": [
    {
      "triple": {
        "subject": "/sample-data/data-1876.json",
        "predicate": "http://www.w3.org/2000/01/rdf-schema#label",
        "object": "Meredith Blanchard"
      }
    },
    {
      "triple": {
        "subject": "/sample-data/data-1876.json",
        "predicate": "http://www.w3.org/1999/02/22-rdf-syntax-ns#type",
        "object": "http://xmlns.com/foaf/0.1/Person"
      }
    },
    {
      "triple": {
        "subject": "/sample-data/data-1876.json",
        "predicate": "http://xmlns.com/foaf/0.1/knows",
        "object": "/sample-data/data-2723.json"
      }
    },
    {
      "triple": {
        "subject": "/sample-data/data-1876.json",
        "predicate": "http://xmlns.com/foaf/0.1/knows",
        "object": "/sample-data/data-2672.json"
      }
    },
    {
      "triple": {
        "subject": "/sample-data/data-1876.json",
        "predicate": "http://xmlns.com/foaf/0.1/knows",
        "object": "/sample-data/data-1986.json"
      }
    }
  ]
}