{
  "_id": "55ee5e9867a0963d66cee17e",
  "index": 2041,
  "guid": "557595e7-46bf-4e9f-bf71-dbded97221ba",
  "isActive": true,
  "balance": "$68,880.69",
  "picture": "http://placehold.it/32x32",
  "age": 45,
  "eyeColor": "amethyst",
  "name": "Pam Welch",
  "gender": "female",
  "company": "PASTURIA",
  "email": "pamwelch@pasturia.com",
  "phone": "+1 (972) 408-3082",
  "address": "976 Middleton Street, Coaldale, Puerto Rico, 7984",
  "about": "Officia sint laboris magna nisi labore duis et ullamco sunt. Nostrud consectetur nisi ex velit labore nulla proident et elit magna. Consectetur voluptate magna et sunt. Quis est voluptate sint aliqua qui velit commodo veniam labore minim exercitation reprehenderit.\r\n",
  "registered": "2015-04-17T05:09:40-07:00",
  "tags": [
    "fugiat",
    "cillum",
    "tempor",
    "dolor",
    "dolor",
    "mollit",
    "exercitation"
  ],
  "friends": [
    {
      "id": 0,
      "name": "Margarita Ortega"
    },
    {
      "id": 1,
      "name": "Stefanie Savage"
    },
    {
      "id": 2,
      "name": "Patrica Gregory"
    }
  ],
  "greeting": "Hello, Pam Welch! You have 9 unread messages.",
  "favoriteFruit": "strawberry",
  "location": {
    "latitude": -8.495152,
    "longitude": -80.29837
  },
  "docFormat": "json",
  "triples": [
    {
      "triple": {
        "subject": "/sample-data/data-2041.json",
        "predicate": "http://www.w3.org/2000/01/rdf-schema#label",
        "object": "Pam Welch"
      }
    },
    {
      "triple": {
        "subject": "/sample-data/data-2041.json",
        "predicate": "http://www.w3.org/1999/02/22-rdf-syntax-ns#type",
        "object": "http://xmlns.com/foaf/0.1/Person"
      }
    },
    {
      "triple": {
        "subject": "/sample-data/data-2041.json",
        "predicate": "http://xmlns.com/foaf/0.1/knows",
        "object": "/sample-data/data-488.json"
      }
    },
    {
      "triple": {
        "subject": "/sample-data/data-2041.json",
        "predicate": "http://xmlns.com/foaf/0.1/knows",
        "object": "/sample-data/data-37.json"
      }
    },
    {
      "triple": {
        "subject": "/sample-data/data-2041.json",
        "predicate": "http://xmlns.com/foaf/0.1/knows",
        "object": "/sample-data/data-330.json"
      }
    }
  ]
}