{
  "_id": "55ee5e986b7542fae0e80641",
  "index": 2922,
  "guid": "541f48f3-4da4-47bb-9391-d81e1b0635f5",
  "isActive": false,
  "balance": "$25,133.86",
  "picture": "http://placehold.it/32x32",
  "age": 39,
  "eyeColor": "brown",
  "name": "Hazel Winters",
  "gender": "female",
  "company": "KEGULAR",
  "email": "hazelwinters@kegular.com",
  "phone": "+1 (890) 557-3490",
  "address": "573 Moultrie Street, Hackneyville, Alaska, 124",
  "about": "Amet deserunt laborum laboris sunt mollit esse et voluptate pariatur proident voluptate officia. Qui officia veniam aute tempor eiusmod irure amet veniam sit. Et eu veniam laborum consequat nulla est laboris id voluptate nisi. Labore enim tempor dolore consequat nostrud proident eu eiusmod Lorem et excepteur. Reprehenderit aute tempor magna laboris occaecat ad officia aute velit est amet. Nulla eu velit non velit commodo laboris consectetur. Fugiat tempor reprehenderit fugiat et Lorem esse proident Lorem ea laboris reprehenderit exercitation.\r\n",
  "registered": "2014-08-30T12:11:33-07:00",
  "tags": [
    "qui",
    "esse",
    "veniam",
    "cillum",
    "commodo",
    "dolore",
    "aliqua"
  ],
  "friends": [
    {
      "id": 0,
      "name": "Mckay Solomon"
    },
    {
      "id": 1,
      "name": "Finch Gibbs"
    },
    {
      "id": 2,
      "name": "Rush Mcbride"
    }
  ],
  "greeting": "Hello, Hazel Winters! You have 8 unread messages.",
  "favoriteFruit": "pear",
  "location": {
    "latitude": -13.443951,
    "longitude": -30.574797
  },
  "docFormat": "json",
  "triples": [
    {
      "triple": {
        "subject": "/sample-data/data-2922.json",
        "predicate": "http://www.w3.org/2000/01/rdf-schema#label",
        "object": "Hazel Winters"
      }
    },
    {
      "triple": {
        "subject": "/sample-data/data-2922.json",
        "predicate": "http://www.w3.org/1999/02/22-rdf-syntax-ns#type",
        "object": "http://xmlns.com/foaf/0.1/Person"
      }
    },
    {
      "triple": {
        "subject": "/sample-data/data-2922.json",
        "predicate": "http://xmlns.com/foaf/0.1/knows",
        "object": "/sample-data/data-1641.json"
      }
    },
    {
      "triple": {
        "subject": "/sample-data/data-2922.json",
        "predicate": "http://xmlns.com/foaf/0.1/knows",
        "object": "/sample-data/data-1600.json"
      }
    },
    {
      "triple": {
        "subject": "/sample-data/data-2922.json",
        "predicate": "http://xmlns.com/foaf/0.1/knows",
        "object": "/sample-data/data-1885.json"
      }
    }
  ]
}