{
  "_id": "55ee5e98ae607dd162fdea3e",
  "index": 2201,
  "guid": "d6953e9f-fb79-4701-8359-dd60276dc93b",
  "isActive": true,
  "balance": "$28,354.87",
  "picture": "http://placehold.it/32x32",
  "age": 22,
  "eyeColor": "brown",
  "name": "Gamble Tran",
  "gender": "male",
  "company": "GOKO",
  "email": "gambletran@goko.com",
  "phone": "+1 (844) 515-3082",
  "address": "388 Cobek Court, Worcester, Nevada, 6664",
  "about": "Sit cupidatat commodo laboris eu et mollit officia. Consequat irure aute do dolore sunt mollit laboris exercitation non non consequat proident. Enim elit sint ex ex esse esse occaecat adipisicing anim officia ex amet ea veniam. Sit fugiat id dolor sint magna ea voluptate adipisicing occaecat consequat. Qui qui mollit est qui non aute. Id esse voluptate laboris dolor dolor. Elit nostrud veniam fugiat mollit reprehenderit sunt sunt tempor laboris sit nulla adipisicing fugiat eu.\r\n",
  "registered": "2015-01-28T05:18:50-07:00",
  "tags": [
    "dolor",
    "non",
    "magna",
    "eiusmod",
    "aliqua",
    "do",
    "aute"
  ],
  "friends": [
    {
      "id": 0,
      "name": "Janelle Petty"
    },
    {
      "id": 1,
      "name": "Fowler Knox"
    },
    {
      "id": 2,
      "name": "Castaneda Preston"
    }
  ],
  "greeting": "Hello, Gamble Tran! You have 3 unread messages.",
  "favoriteFruit": "strawberry",
  "location": {
    "latitude": 24.79415,
    "longitude": 53.054707
  },
  "docFormat": "json",
  "triples": [
    {
      "triple": {
        "subject": "/sample-data/data-2201.json",
        "predicate": "http://www.w3.org/2000/01/rdf-schema#label",
        "object": "Gamble Tran"
      }
    },
    {
      "triple": {
        "subject": "/sample-data/data-2201.json",
        "predicate": "http://www.w3.org/1999/02/22-rdf-syntax-ns#type",
        "object": "http://xmlns.com/foaf/0.1/Person"
      }
    },
    {
      "triple": {
        "subject": "/sample-data/data-2201.json",
        "predicate": "http://xmlns.com/foaf/0.1/knows",
        "object": "/sample-data/data-2709.json"
      }
    },
    {
      "triple": {
        "subject": "/sample-data/data-2201.json",
        "predicate": "http://xmlns.com/foaf/0.1/knows",
        "object": "/sample-data/data-2937.json"
      }
    },
    {
      "triple": {
        "subject": "/sample-data/data-2201.json",
        "predicate": "http://xmlns.com/foaf/0.1/knows",
        "object": "/sample-data/data-2491.json"
      }
    }
  ]
}