{
  "_id": "55ee5e44bd2eca57a1e68872",
  "index": 146,
  "guid": "fcf46c74-6feb-4be3-b353-94475f4e26ff",
  "isActive": true,
  "balance": "$76,759.46",
  "picture": "http://placehold.it/32x32",
  "age": 45,
  "eyeColor": "brown",
  "name": "Liliana Vaughan",
  "gender": "female",
  "company": "AVIT",
  "email": "lilianavaughan@avit.com",
  "phone": "+1 (869) 595-2866",
  "address": "895 Scholes Street, Garfield, Iowa, 4918",
  "about": "Officia consequat excepteur ullamco et enim reprehenderit reprehenderit sint cillum sint nisi ex. Aute culpa veniam laboris laboris proident esse officia mollit reprehenderit fugiat officia. Dolore tempor ullamco nostrud aliquip quis. In excepteur sunt irure amet reprehenderit do ex commodo amet veniam duis cillum esse ut.\r\n",
  "registered": "2015-03-23T11:01:33-07:00",
  "tags": [
    "commodo",
    "eu",
    "irure",
    "commodo",
    "esse",
    "nisi",
    "mollit"
  ],
  "friends": [
    {
      "id": 0,
      "name": "Brandie Norton"
    },
    {
      "id": 1,
      "name": "Amparo Noel"
    },
    {
      "id": 2,
      "name": "Selma Chen"
    }
  ],
  "greeting": "Hello, Liliana Vaughan! You have 8 unread messages.",
  "favoriteFruit": "orange",
  "location": {
    "latitude": -40.576998,
    "longitude": 49.062173
  },
  "docFormat": "json",
  "triples": [
    {
      "triple": {
        "subject": "/sample-data/data-146.json",
        "predicate": "http://www.w3.org/2000/01/rdf-schema#label",
        "object": "Liliana Vaughan"
      }
    },
    {
      "triple": {
        "subject": "/sample-data/data-146.json",
        "predicate": "http://www.w3.org/1999/02/22-rdf-syntax-ns#type",
        "object": "http://xmlns.com/foaf/0.1/Person"
      }
    },
    {
      "triple": {
        "subject": "/sample-data/data-146.json",
        "predicate": "http://xmlns.com/foaf/0.1/knows",
        "object": "/sample-data/data-390.json"
      }
    },
    {
      "triple": {
        "subject": "/sample-data/data-146.json",
        "predicate": "http://xmlns.com/foaf/0.1/knows",
        "object": "/sample-data/data-1147.json"
      }
    },
    {
      "triple": {
        "subject": "/sample-data/data-146.json",
        "predicate": "http://xmlns.com/foaf/0.1/knows",
        "object": "/sample-data/data-2273.json"
      }
    }
  ]
}