{
  "_id": "55ee5e443ba717bbde5d7f0b",
  "index": 577,
  "guid": "da500726-d037-4243-beb4-cb16d4533d47",
  "isActive": true,
  "balance": "$36,404.48",
  "picture": "http://placehold.it/32x32",
  "age": 24,
  "eyeColor": "blue",
  "name": "Mcmillan Torres",
  "gender": "male",
  "company": "QUIZKA",
  "email": "mcmillantorres@quizka.com",
  "phone": "+1 (917) 573-3916",
  "address": "631 Garland Court, Torboy, Texas, 8250",
  "about": "Dolore mollit dolore magna laboris officia aliquip nulla non laboris ipsum consectetur nisi. Exercitation quis duis aute do pariatur culpa duis. Laboris tempor ad fugiat mollit Lorem dolore. Quis eiusmod veniam sit voluptate anim exercitation sit ipsum amet culpa officia sunt. Duis laboris ipsum laborum cupidatat minim. Id ea commodo amet consequat amet et.\r\n",
  "registered": "2014-06-22T08:40:52-07:00",
  "tags": [
    "officia",
    "nostrud",
    "officia",
    "proident",
    "nulla",
    "velit",
    "aute"
  ],
  "friends": [
    {
      "id": 0,
      "name": "Gabrielle Flowers"
    },
    {
      "id": 1,
      "name": "Watkins Vaughn"
    },
    {
      "id": 2,
      "name": "Chrystal Malone"
    }
  ],
  "greeting": "Hello, Mcmillan Torres! You have 4 unread messages.",
  "favoriteFruit": "orange",
  "location": {
    "latitude": -33.617421,
    "longitude": 56.744347
  },
  "docFormat": "json",
  "triples": [
    {
      "triple": {
        "subject": "/sample-data/data-577.json",
        "predicate": "http://www.w3.org/2000/01/rdf-schema#label",
        "object": "Mcmillan Torres"
      }
    },
    {
      "triple": {
        "subject": "/sample-data/data-577.json",
        "predicate": "http://www.w3.org/1999/02/22-rdf-syntax-ns#type",
        "object": "http://xmlns.com/foaf/0.1/Person"
      }
    },
    {
      "triple": {
        "subject": "/sample-data/data-577.json",
        "predicate": "http://xmlns.com/foaf/0.1/knows",
        "object": "/sample-data/data-298.json"
      }
    },
    {
      "triple": {
        "subject": "/sample-data/data-577.json",
        "predicate": "http://xmlns.com/foaf/0.1/knows",
        "object": "/sample-data/data-2950.json"
      }
    },
    {
      "triple": {
        "subject": "/sample-data/data-577.json",
        "predicate": "http://xmlns.com/foaf/0.1/knows",
        "object": "/sample-data/data-2853.json"
      }
    }
  ]
}