{
  "_id": "55ee5e983736c30eaa778335",
  "index": 2470,
  "guid": "b78ad716-f8ee-4681-9e09-b26c771774d2",
  "isActive": true,
  "balance": "$1,695.95",
  "picture": "http://placehold.it/32x32",
  "age": 58,
  "eyeColor": "amethyst",
  "name": "Payne Booker",
  "gender": "male",
  "company": "GAZAK",
  "email": "paynebooker@gazak.com",
  "phone": "+1 (928) 541-3940",
  "address": "607 Elliott Walk, Machias, American Samoa, 647",
  "about": "Quis nulla elit occaecat nulla duis laboris ad anim aliquip ipsum ut. Ad sunt est veniam aliqua ut consequat cupidatat. Magna deserunt sint ea laborum qui mollit nulla fugiat qui labore ipsum qui pariatur dolore. Nisi elit laboris pariatur id tempor enim. Non sunt amet ea labore minim excepteur aliquip exercitation. Consectetur qui aliquip commodo sint in pariatur.\r\n",
  "registered": "2014-06-07T12:40:10-07:00",
  "tags": [
    "ullamco",
    "non",
    "proident",
    "commodo",
    "incididunt",
    "nisi",
    "esse"
  ],
  "friends": [
    {
      "id": 0,
      "name": "Pitts Wiley"
    },
    {
      "id": 1,
      "name": "Duke Palmer"
    },
    {
      "id": 2,
      "name": "Morton Cruz"
    }
  ],
  "greeting": "Hello, Payne Booker! You have 9 unread messages.",
  "favoriteFruit": "orange",
  "location": {
    "latitude": 42.336849,
    "longitude": 74.85056
  },
  "docFormat": "json",
  "triples": [
    {
      "triple": {
        "subject": "/sample-data/data-2470.json",
        "predicate": "http://www.w3.org/2000/01/rdf-schema#label",
        "object": "Payne Booker"
      }
    },
    {
      "triple": {
        "subject": "/sample-data/data-2470.json",
        "predicate": "http://www.w3.org/1999/02/22-rdf-syntax-ns#type",
        "object": "http://xmlns.com/foaf/0.1/Person"
      }
    },
    {
      "triple": {
        "subject": "/sample-data/data-2470.json",
        "predicate": "http://xmlns.com/foaf/0.1/knows",
        "object": "/sample-data/data-147.json"
      }
    },
    {
      "triple": {
        "subject": "/sample-data/data-2470.json",
        "predicate": "http://xmlns.com/foaf/0.1/knows",
        "object": "/sample-data/data-824.json"
      }
    },
    {
      "triple": {
        "subject": "/sample-data/data-2470.json",
        "predicate": "http://xmlns.com/foaf/0.1/knows",
        "object": "/sample-data/data-1877.json"
      }
    }
  ]
}