{
  "_id": "55ee5e44985821f7ada981a8",
  "index": 629,
  "guid": "b68b0b52-3e2f-42ac-93c9-e644df6b4b9c",
  "isActive": true,
  "balance": "$55,591.04",
  "picture": "http://placehold.it/32x32",
  "age": 41,
  "eyeColor": "brown",
  "name": "Rena Smith",
  "gender": "female",
  "company": "ZIORE",
  "email": "renasmith@ziore.com",
  "phone": "+1 (839) 550-2584",
  "address": "866 Granite Street, Strong, South Carolina, 8022",
  "about": "Anim deserunt anim duis ullamco excepteur. Reprehenderit laborum velit reprehenderit duis dolor id. Amet officia ex est occaecat.\r\n",
  "registered": "2014-05-23T01:13:21-07:00",
  "tags": [
    "exercitation",
    "esse",
    "magna",
    "quis",
    "voluptate",
    "laboris",
    "dolor"
  ],
  "friends": [
    {
      "id": 0,
      "name": "Jacobson Wagner"
    },
    {
      "id": 1,
      "name": "Erma Banks"
    },
    {
      "id": 2,
      "name": "Opal Hatfield"
    }
  ],
  "greeting": "Hello, Rena Smith! You have 4 unread messages.",
  "favoriteFruit": "apple",
  "location": {
    "latitude": -55.485953,
    "longitude": -118.45438
  },
  "docFormat": "json",
  "triples": [
    {
      "triple": {
        "subject": "/sample-data/data-629.json",
        "predicate": "http://www.w3.org/2000/01/rdf-schema#label",
        "object": "Rena Smith"
      }
    },
    {
      "triple": {
        "subject": "/sample-data/data-629.json",
        "predicate": "http://www.w3.org/1999/02/22-rdf-syntax-ns#type",
        "object": "http://xmlns.com/foaf/0.1/Person"
      }
    },
    {
      "triple": {
        "subject": "/sample-data/data-629.json",
        "predicate": "http://xmlns.com/foaf/0.1/knows",
        "object": "/sample-data/data-2116.json"
      }
    },
    {
      "triple": {
        "subject": "/sample-data/data-629.json",
        "predicate": "http://xmlns.com/foaf/0.1/knows",
        "object": "/sample-data/data-1619.json"
      }
    },
    {
      "triple": {
        "subject": "/sample-data/data-629.json",
        "predicate": "http://xmlns.com/foaf/0.1/knows",
        "object": "/sample-data/data-140.json"
      }
    }
  ]
}