{
  "_id": "55ee5e4464fe86a574e7ce0e",
  "index": 999,
  "guid": "7e5880b0-a090-4fab-9940-0588defdc41e",
  "isActive": true,
  "balance": "$15,356.29",
  "picture": "http://placehold.it/32x32",
  "age": 55,
  "eyeColor": "brown",
  "name": "Jamie Schultz",
  "gender": "female",
  "company": "ECLIPSENT",
  "email": "jamieschultz@eclipsent.com",
  "phone": "+1 (981) 424-3446",
  "address": "101 Harwood Place, Southmont, Georgia, 9123",
  "about": "Reprehenderit dolore cillum sit ad irure dolore cillum aliqua. Fugiat duis anim eu pariatur consectetur cupidatat veniam adipisicing minim mollit. Sint laborum ex consequat ut dolor cillum minim do ipsum cupidatat pariatur ea id.\r\n",
  "registered": "2014-04-05T10:27:31-07:00",
  "tags": [
    "eu",
    "ut",
    "adipisicing",
    "aute",
    "consectetur",
    "ut",
    "elit"
  ],
  "friends": [
    {
      "id": 0,
      "name": "Lilian Rutledge"
    },
    {
      "id": 1,
      "name": "Buck Mccall"
    },
    {
      "id": 2,
      "name": "Garcia Jacobs"
    }
  ],
  "greeting": "Hello, Jamie Schultz! You have 2 unread messages.",
  "favoriteFruit": "banana",
  "location": {
    "latitude": -38.729015,
    "longitude": 47.587881
  },
  "docFormat": "json",
  "triples": [
    {
      "triple": {
        "subject": "/sample-data/data-999.json",
        "predicate": "http://www.w3.org/2000/01/rdf-schema#label",
        "object": "Jamie Schultz"
      }
    },
    {
      "triple": {
        "subject": "/sample-data/data-999.json",
        "predicate": "http://www.w3.org/1999/02/22-rdf-syntax-ns#type",
        "object": "http://xmlns.com/foaf/0.1/Person"
      }
    },
    {
      "triple": {
        "subject": "/sample-data/data-999.json",
        "predicate": "http://xmlns.com/foaf/0.1/knows",
        "object": "/sample-data/data-2689.json"
      }
    },
    {
      "triple": {
        "subject": "/sample-data/data-999.json",
        "predicate": "http://xmlns.com/foaf/0.1/knows",
        "object": "/sample-data/data-801.json"
      }
    },
    {
      "triple": {
        "subject": "/sample-data/data-999.json",
        "predicate": "http://xmlns.com/foaf/0.1/knows",
        "object": "/sample-data/data-1545.json"
      }
    }
  ]
}