{
  "_id": "55ee5e987af8ea208bc4ce1e",
  "index": 2846,
  "guid": "7185792e-7574-468f-b622-16eeea7a6008",
  "isActive": false,
  "balance": "$69,504.61",
  "picture": "http://placehold.it/32x32",
  "age": 23,
  "eyeColor": "brown",
  "name": "Dora Vazquez",
  "gender": "female",
  "company": "LEXICONDO",
  "email": "doravazquez@lexicondo.com",
  "phone": "+1 (924) 411-2033",
  "address": "902 Dwight Street, Elliott, New Hampshire, 1396",
  "about": "Consequat proident exercitation occaecat minim in consequat aute do non aliquip. Magna eiusmod exercitation laborum tempor nostrud ullamco amet officia nisi deserunt exercitation minim dolor. Laboris exercitation officia anim commodo minim eiusmod ipsum excepteur aute tempor minim. Ipsum pariatur laboris magna exercitation. Deserunt reprehenderit tempor qui aliquip consequat enim magna qui ea aliqua eiusmod.\r\n",
  "registered": "2015-02-14T07:38:55-07:00",
  "tags": [
    "anim",
    "sunt",
    "deserunt",
    "minim",
    "ipsum",
    "fugiat",
    "fugiat"
  ],
  "friends": [
    {
      "id": 0,
      "name": "Franco Vaughn"
    },
    {
      "id": 1,
      "name": "Edwina Brooks"
    },
    {
      "id": 2,
      "name": "Virgie Benson"
    }
  ],
  "greeting": "Hello, Dora Vazquez! You have 1 unread messages.",
  "favoriteFruit": "apple",
  "location": {
    "latitude": 17.40698,
    "longitude": 33.507347
  },
  "docFormat": "json",
  "triples": [
    {
      "triple": {
        "subject": "/sample-data/data-2846.json",
        "predicate": "http://www.w3.org/2000/01/rdf-schema#label",
        "object": "Dora Vazquez"
      }
    },
    {
      "triple": {
        "subject": "/sample-data/data-2846.json",
        "predicate": "http://www.w3.org/1999/02/22-rdf-syntax-ns#type",
        "object": "http://xmlns.com/foaf/0.1/Person"
      }
    },
    {
      "triple": {
        "subject": "/sample-data/data-2846.json",
        "predicate": "http://xmlns.com/foaf/0.1/knows",
        "object": "/sample-data/data-31.json"
      }
    },
    {
      "triple": {
        "subject": "/sample-data/data-2846.json",
        "predicate": "http://xmlns.com/foaf/0.1/knows",
        "object": "/sample-data/data-991.json"
      }
    },
    {
      "triple": {
        "subject": "/sample-data/data-2846.json",
        "predicate": "http://xmlns.com/foaf/0.1/knows",
        "object": "/sample-data/data-2150.json"
      }
    }
  ]
}