{
  "_id": "55ee5e98f34a3b8428a67cc6",
  "index": 2236,
  "guid": "40787ed2-dc17-4e88-9645-82c8dc0131b3",
  "isActive": false,
  "balance": "$5,646.72",
  "picture": "http://placehold.it/32x32",
  "age": 39,
  "eyeColor": "blue",
  "name": "Martin Graham",
  "gender": "male",
  "company": "CODAX",
  "email": "martingraham@codax.com",
  "phone": "+1 (871) 560-2130",
  "address": "496 Harkness Avenue, Babb, Northern Mariana Islands, 3994",
  "about": "Minim amet aliqua elit cillum id nostrud esse. Nostrud voluptate amet ad eiusmod tempor sint consequat aliquip tempor sunt veniam sint aliqua. Cillum fugiat adipisicing veniam et tempor. Elit laborum sint sunt reprehenderit fugiat laborum nulla consectetur aliqua eiusmod.\r\n",
  "registered": "2014-06-27T07:47:57-07:00",
  "tags": [
    "nisi",
    "ex",
    "laborum",
    "proident",
    "enim",
    "incididunt",
    "elit"
  ],
  "friends": [
    {
      "id": 0,
      "name": "Copeland Stephenson"
    },
    {
      "id": 1,
      "name": "Velma Duran"
    },
    {
      "id": 2,
      "name": "Ana Velez"
    }
  ],
  "greeting": "Hello, Martin Graham! You have 9 unread messages.",
  "favoriteFruit": "apple",
  "location": {
    "latitude": 58.645419,
    "longitude": -52.059251
  },
  "docFormat": "json",
  "triples": [
    {
      "triple": {
        "subject": "/sample-data/data-2236.json",
        "predicate": "http://www.w3.org/2000/01/rdf-schema#label",
        "object": "Martin Graham"
      }
    },
    {
      "triple": {
        "subject": "/sample-data/data-2236.json",
        "predicate": "http://www.w3.org/1999/02/22-rdf-syntax-ns#type",
        "object": "http://xmlns.com/foaf/0.1/Person"
      }
    },
    {
      "triple": {
        "subject": "/sample-data/data-2236.json",
        "predicate": "http://xmlns.com/foaf/0.1/knows",
        "object": "/sample-data/data-1714.json"
      }
    },
    {
      "triple": {
        "subject": "/sample-data/data-2236.json",
        "predicate": "http://xmlns.com/foaf/0.1/knows",
        "object": "/sample-data/data-1130.json"
      }
    },
    {
      "triple": {
        "subject": "/sample-data/data-2236.json",
        "predicate": "http://xmlns.com/foaf/0.1/knows",
        "object": "/sample-data/data-1412.json"
      }
    }
  ]
}