{
  "_id": "55ee5e9846f2fe4be87e6734",
  "index": 2020,
  "guid": "2d6c966e-ef07-4e33-9c91-44845e22f042",
  "isActive": true,
  "balance": "$89,397.35",
  "picture": "http://placehold.it/32x32",
  "age": 29,
  "eyeColor": "blue",
  "name": "Patton Donovan",
  "gender": "male",
  "company": "TASMANIA",
  "email": "pattondonovan@tasmania.com",
  "phone": "+1 (920) 418-3129",
  "address": "608 Wolcott Street, Rosburg, South Carolina, 5036",
  "about": "Pariatur labore dolore veniam elit tempor aliquip cupidatat laborum aliquip nostrud nisi duis deserunt. Sunt tempor ea cillum mollit et. Consectetur elit est enim eu. Amet irure irure officia officia nulla enim consectetur Lorem proident eiusmod ullamco. Labore sunt culpa officia fugiat velit sint quis. Ut tempor nulla amet enim exercitation. Excepteur nulla ad minim non reprehenderit do magna Lorem veniam deserunt fugiat eiusmod.\r\n",
  "registered": "2014-08-16T07:12:38-07:00",
  "tags": [
    "occaecat",
    "fugiat",
    "pariatur",
    "ad",
    "nostrud",
    "deserunt",
    "incididunt"
  ],
  "friends": [
    {
      "id": 0,
      "name": "Lorie Dodson"
    },
    {
      "id": 1,
      "name": "Avila Case"
    },
    {
      "id": 2,
      "name": "Nichole Hobbs"
    }
  ],
  "greeting": "Hello, Patton Donovan! You have 4 unread messages.",
  "favoriteFruit": "pear",
  "location": {
    "latitude": 39.118789,
    "longitude": -70.849003
  },
  "docFormat": "json",
  "triples": [
    {
      "triple": {
        "subject": "/sample-data/data-2020.json",
        "predicate": "http://www.w3.org/2000/01/rdf-schema#label",
        "object": "Patton Donovan"
      }
    },
    {
      "triple": {
        "subject": "/sample-data/data-2020.json",
        "predicate": "http://www.w3.org/1999/02/22-rdf-syntax-ns#type",
        "object": "http://xmlns.com/foaf/0.1/Person"
      }
    },
    {
      "triple": {
        "subject": "/sample-data/data-2020.json",
        "predicate": "http://xmlns.com/foaf/0.1/knows",
        "object": "/sample-data/data-151.json"
      }
    },
    {
      "triple": {
        "subject": "/sample-data/data-2020.json",
        "predicate": "http://xmlns.com/foaf/0.1/knows",
        "object": "/sample-data/data-798.json"
      }
    },
    {
      "triple": {
        "subject": "/sample-data/data-2020.json",
        "predicate": "http://xmlns.com/foaf/0.1/knows",
        "object": "/sample-data/data-1552.json"
      }
    }
  ]
}