{
  "_id": "55ee5e44d3f722932f42c510",
  "index": 449,
  "guid": "135ef650-5113-4fc6-99f7-c3f37e533d61",
  "isActive": true,
  "balance": "$76,107.66",
  "picture": "http://placehold.it/32x32",
  "age": 55,
  "eyeColor": "brown",
  "name": "Cantrell Irwin",
  "gender": "male",
  "company": "OULU",
  "email": "cantrellirwin@oulu.com",
  "phone": "+1 (888) 541-3682",
  "address": "332 Turner Place, Sedley, New Jersey, 6943",
  "about": "Aute anim ullamco sunt laborum. Nisi minim aliquip nostrud sit mollit amet duis cillum dolor sunt. Ad laborum ex quis Lorem pariatur ut qui qui do elit magna esse fugiat.\r\n",
  "registered": "2014-09-24T05:38:32-07:00",
  "tags": [
    "labore",
    "consequat",
    "veniam",
    "pariatur",
    "sint",
    "ad",
    "ad"
  ],
  "friends": [
    {
      "id": 0,
      "name": "Gretchen Fitzpatrick"
    },
    {
      "id": 1,
      "name": "Turner Garner"
    },
    {
      "id": 2,
      "name": "Leanne Steele"
    }
  ],
  "greeting": "Hello, Cantrell Irwin! You have 6 unread messages.",
  "favoriteFruit": "pear",
  "location": {
    "latitude": 85.206152,
    "longitude": 96.029711
  },
  "docFormat": "json",
  "triples": [
    {
      "triple": {
        "subject": "/sample-data/data-449.json",
        "predicate": "http://www.w3.org/2000/01/rdf-schema#label",
        "object": "Cantrell Irwin"
      }
    },
    {
      "triple": {
        "subject": "/sample-data/data-449.json",
        "predicate": "http://www.w3.org/1999/02/22-rdf-syntax-ns#type",
        "object": "http://xmlns.com/foaf/0.1/Person"
      }
    },
    {
      "triple": {
        "subject": "/sample-data/data-449.json",
        "predicate": "http://xmlns.com/foaf/0.1/knows",
        "object": "/sample-data/data-2989.json"
      }
    },
    {
      "triple": {
        "subject": "/sample-data/data-449.json",
        "predicate": "http://xmlns.com/foaf/0.1/knows",
        "object": "/sample-data/data-858.json"
      }
    },
    {
      "triple": {
        "subject": "/sample-data/data-449.json",
        "predicate": "http://xmlns.com/foaf/0.1/knows",
        "object": "/sample-data/data-83.json"
      }
    }
  ]
}