{
  "_id": "55ee5e44d76fcc7d9f1c5d79",
  "index": 633,
  "guid": "1a926879-4904-4de2-80fb-cae4abbf56f7",
  "isActive": true,
  "balance": "$43,956.71",
  "picture": "http://placehold.it/32x32",
  "age": 37,
  "eyeColor": "green",
  "name": "Hooper Sears",
  "gender": "male",
  "company": "ACRODANCE",
  "email": "hoopersears@acrodance.com",
  "phone": "+1 (916) 416-2445",
  "address": "472 Post Court, Valle, Nevada, 3136",
  "about": "Do amet ullamco exercitation ut. Duis Lorem eiusmod et voluptate. Ea et magna nulla ipsum. Ipsum dolore duis aliquip magna sit deserunt ea Lorem.\r\n",
  "registered": "2015-02-14T04:50:46-07:00",
  "tags": [
    "occaecat",
    "amet",
    "nisi",
    "nostrud",
    "proident",
    "et",
    "elit"
  ],
  "friends": [
    {
      "id": 0,
      "name": "Hood Montgomery"
    },
    {
      "id": 1,
      "name": "Jacklyn Hinton"
    },
    {
      "id": 2,
      "name": "Annmarie Fuller"
    }
  ],
  "greeting": "Hello, Hooper Sears! You have 2 unread messages.",
  "favoriteFruit": "banana",
  "location": {
    "latitude": 4.53635,
    "longitude": -36.222216
  },
  "docFormat": "json",
  "triples": [
    {
      "triple": {
        "subject": "/sample-data/data-633.json",
        "predicate": "http://www.w3.org/2000/01/rdf-schema#label",
        "object": "Hooper Sears"
      }
    },
    {
      "triple": {
        "subject": "/sample-data/data-633.json",
        "predicate": "http://www.w3.org/1999/02/22-rdf-syntax-ns#type",
        "object": "http://xmlns.com/foaf/0.1/Person"
      }
    },
    {
      "triple": {
        "subject": "/sample-data/data-633.json",
        "predicate": "http://xmlns.com/foaf/0.1/knows",
        "object": "/sample-data/data-371.json"
      }
    },
    {
      "triple": {
        "subject": "/sample-data/data-633.json",
        "predicate": "http://xmlns.com/foaf/0.1/knows",
        "object": "/sample-data/data-793.json"
      }
    },
    {
      "triple": {
        "subject": "/sample-data/data-633.json",
        "predicate": "http://xmlns.com/foaf/0.1/knows",
        "object": "/sample-data/data-1451.json"
      }
    }
  ]
}