{
  "_id": "55ee5e982d2ebbd8538049bf",
  "index": 2738,
  "guid": "f3266e48-8ba3-499d-a135-c8de4fe8f844",
  "isActive": true,
  "balance": "$26,210.70",
  "picture": "http://placehold.it/32x32",
  "age": 37,
  "eyeColor": "hazel",
  "name": "Jane Soto",
  "gender": "female",
  "company": "PODUNK",
  "email": "janesoto@podunk.com",
  "phone": "+1 (831) 432-2187",
  "address": "263 Verona Street, Hall, North Carolina, 9114",
  "about": "Duis eu occaecat nulla veniam labore. Voluptate sit id aliquip in ipsum mollit cupidatat excepteur. Dolor amet mollit do et do nisi do adipisicing mollit quis cillum. Aute quis occaecat consectetur duis pariatur exercitation mollit veniam sint cillum excepteur esse consectetur in.\r\n",
  "registered": "2014-02-27T05:42:52-07:00",
  "tags": [
    "qui",
    "eu",
    "exercitation",
    "aliqua",
    "ullamco",
    "fugiat",
    "nulla"
  ],
  "friends": [
    {
      "id": 0,
      "name": "Tamra Phillips"
    },
    {
      "id": 1,
      "name": "Ferrell Osborne"
    },
    {
      "id": 2,
      "name": "Elsie Barry"
    }
  ],
  "greeting": "Hello, Jane Soto! You have 6 unread messages.",
  "favoriteFruit": "strawberry",
  "location": {
    "latitude": 35.128383,
    "longitude": -5.877537
  },
  "docFormat": "json",
  "triples": [
    {
      "triple": {
        "subject": "/sample-data/data-2738.json",
        "predicate": "http://www.w3.org/2000/01/rdf-schema#label",
        "object": "Jane Soto"
      }
    },
    {
      "triple": {
        "subject": "/sample-data/data-2738.json",
        "predicate": "http://www.w3.org/1999/02/22-rdf-syntax-ns#type",
        "object": "http://xmlns.com/foaf/0.1/Person"
      }
    },
    {
      "triple": {
        "subject": "/sample-data/data-2738.json",
        "predicate": "http://xmlns.com/foaf/0.1/knows",
        "object": "/sample-data/data-1688.json"
      }
    },
    {
      "triple": {
        "subject": "/sample-data/data-2738.json",
        "predicate": "http://xmlns.com/foaf/0.1/knows",
        "object": "/sample-data/data-533.json"
      }
    },
    {
      "triple": {
        "subject": "/sample-data/data-2738.json",
        "predicate": "http://xmlns.com/foaf/0.1/knows",
        "object": "/sample-data/data-397.json"
      }
    }
  ]
}