{
  "_id": "55ee5e44728fcd7dc02f0e43",
  "index": 832,
  "guid": "2c8e137e-4552-41c0-8f37-dd26252e47df",
  "isActive": false,
  "balance": "$69,523.25",
  "picture": "http://placehold.it/32x32",
  "age": 50,
  "eyeColor": "green",
  "name": "Bell Jimenez",
  "gender": "male",
  "company": "BIFLEX",
  "email": "belljimenez@biflex.com",
  "phone": "+1 (927) 457-3156",
  "address": "119 Poplar Street, Kilbourne, Oklahoma, 6786",
  "about": "Dolore elit amet tempor commodo reprehenderit fugiat exercitation. Dolor duis ullamco consequat veniam non duis Lorem labore. Ut voluptate culpa nisi excepteur consectetur consequat.\r\n",
  "registered": "2015-01-09T07:06:51-07:00",
  "tags": [
    "duis",
    "nostrud",
    "incididunt",
    "mollit",
    "laborum",
    "enim",
    "dolor"
  ],
  "friends": [
    {
      "id": 0,
      "name": "Helen Velez"
    },
    {
      "id": 1,
      "name": "Lizzie Willis"
    },
    {
      "id": 2,
      "name": "Chris Vasquez"
    }
  ],
  "greeting": "Hello, Bell Jimenez! You have 6 unread messages.",
  "favoriteFruit": "banana",
  "location": {
    "latitude": 23.310212,
    "longitude": 108.345711
  },
  "docFormat": "json",
  "triples": [
    {
      "triple": {
        "subject": "/sample-data/data-832.json",
        "predicate": "http://www.w3.org/2000/01/rdf-schema#label",
        "object": "Bell Jimenez"
      }
    },
    {
      "triple": {
        "subject": "/sample-data/data-832.json",
        "predicate": "http://www.w3.org/1999/02/22-rdf-syntax-ns#type",
        "object": "http://xmlns.com/foaf/0.1/Person"
      }
    },
    {
      "triple": {
        "subject": "/sample-data/data-832.json",
        "predicate": "http://xmlns.com/foaf/0.1/knows",
        "object": "/sample-data/data-1638.json"
      }
    },
    {
      "triple": {
        "subject": "/sample-data/data-832.json",
        "predicate": "http://xmlns.com/foaf/0.1/knows",
        "object": "/sample-data/data-203.json"
      }
    },
    {
      "triple": {
        "subject": "/sample-data/data-832.json",
        "predicate": "http://xmlns.com/foaf/0.1/knows",
        "object": "/sample-data/data-1046.json"
      }
    }
  ]
}