{
  "_id": "55ee5e4462dc32aeba734f91",
  "index": 740,
  "guid": "a3a208e2-b91d-4bb0-be40-86f0b3704541",
  "isActive": false,
  "balance": "$56,787.01",
  "picture": "http://placehold.it/32x32",
  "age": 61,
  "eyeColor": "green",
  "name": "Morris Doyle",
  "gender": "male",
  "company": "ZOLAR",
  "email": "morrisdoyle@zolar.com",
  "phone": "+1 (840) 588-3535",
  "address": "742 Grafton Street, Needmore, Mississippi, 1920",
  "about": "Lorem sint qui ea elit proident ex reprehenderit cillum. Dolor pariatur cillum dolor consequat irure dolor aute. Est in elit aute adipisicing minim aute cillum. Velit non quis ad fugiat et labore nostrud voluptate consequat reprehenderit incididunt. Cupidatat tempor et do exercitation esse magna eu irure adipisicing incididunt ut. Cupidatat non esse sunt sunt laboris anim ullamco.\r\n",
  "registered": "2014-05-13T11:35:34-07:00",
  "tags": [
    "consectetur",
    "deserunt",
    "dolor",
    "deserunt",
    "exercitation",
    "occaecat",
    "pariatur"
  ],
  "friends": [
    {
      "id": 0,
      "name": "Clemons Wells"
    },
    {
      "id": 1,
      "name": "Stark King"
    },
    {
      "id": 2,
      "name": "Mayra Lane"
    }
  ],
  "greeting": "Hello, Morris Doyle! You have 5 unread messages.",
  "favoriteFruit": "apple",
  "location": {
    "latitude": -33.474554,
    "longitude": 160.497876
  },
  "docFormat": "json",
  "triples": [
    {
      "triple": {
        "subject": "/sample-data/data-740.json",
        "predicate": "http://www.w3.org/2000/01/rdf-schema#label",
        "object": "Morris Doyle"
      }
    },
    {
      "triple": {
        "subject": "/sample-data/data-740.json",
        "predicate": "http://www.w3.org/1999/02/22-rdf-syntax-ns#type",
        "object": "http://xmlns.com/foaf/0.1/Person"
      }
    },
    {
      "triple": {
        "subject": "/sample-data/data-740.json",
        "predicate": "http://xmlns.com/foaf/0.1/knows",
        "object": "/sample-data/data-1074.json"
      }
    },
    {
      "triple": {
        "subject": "/sample-data/data-740.json",
        "predicate": "http://xmlns.com/foaf/0.1/knows",
        "object": "/sample-data/data-1374.json"
      }
    },
    {
      "triple": {
        "subject": "/sample-data/data-740.json",
        "predicate": "http://xmlns.com/foaf/0.1/knows",
        "object": "/sample-data/data-1693.json"
      }
    }
  ]
}