{
  "_id": "55ee5e44eb400c55e9f63715",
  "index": 219,
  "guid": "f6901268-3bf2-4e96-a691-40cf23be4109",
  "isActive": true,
  "balance": "$41,948.11",
  "picture": "http://placehold.it/32x32",
  "age": 44,
  "eyeColor": "brown",
  "name": "Bowman Gilliam",
  "gender": "male",
  "company": "QUADEEBO",
  "email": "bowmangilliam@quadeebo.com",
  "phone": "+1 (832) 545-3738",
  "address": "148 Pooles Lane, Campo, North Carolina, 5988",
  "about": "Aliqua culpa velit id enim. Magna magna ex labore incididunt ex duis reprehenderit sit qui nisi aliquip. Aliquip ipsum sit aliqua velit laborum veniam fugiat aliqua id excepteur sunt laboris consectetur. Exercitation eu consectetur fugiat excepteur consequat eiusmod enim occaecat dolor laborum. Sit nisi exercitation est aute ipsum non amet excepteur eu dolor culpa veniam. Excepteur reprehenderit laborum amet ullamco. Id exercitation irure adipisicing dolor nulla non pariatur elit nostrud magna sit ipsum.\r\n",
  "registered": "2014-08-06T12:40:04-07:00",
  "tags": [
    "duis",
    "ut",
    "aliqua",
    "officia",
    "id",
    "voluptate",
    "ipsum"
  ],
  "friends": [
    {
      "id": 0,
      "name": "Harris White"
    },
    {
      "id": 1,
      "name": "Ortega Mejia"
    },
    {
      "id": 2,
      "name": "Cameron Gray"
    }
  ],
  "greeting": "Hello, Bowman Gilliam! You have 9 unread messages.",
  "favoriteFruit": "banana",
  "location": {
    "latitude": -21.050496,
    "longitude": -59.992498
  },
  "docFormat": "json",
  "triples": [
    {
      "triple": {
        "subject": "/sample-data/data-219.json",
        "predicate": "http://www.w3.org/2000/01/rdf-schema#label",
        "object": "Bowman Gilliam"
      }
    },
    {
      "triple": {
        "subject": "/sample-data/data-219.json",
        "predicate": "http://www.w3.org/1999/02/22-rdf-syntax-ns#type",
        "object": "http://xmlns.com/foaf/0.1/Person"
      }
    },
    {
      "triple": {
        "subject": "/sample-data/data-219.json",
        "predicate": "http://xmlns.com/foaf/0.1/knows",
        "object": "/sample-data/data-279.json"
      }
    },
    {
      "triple": {
        "subject": "/sample-data/data-219.json",
        "predicate": "http://xmlns.com/foaf/0.1/knows",
        "object": "/sample-data/data-1647.json"
      }
    },
    {
      "triple": {
        "subject": "/sample-data/data-219.json",
        "predicate": "http://xmlns.com/foaf/0.1/knows",
        "object": "/sample-data/data-372.json"
      }
    }
  ]
}