{
  "_id": "55ee5e449881d90e91b72487",
  "index": 47,
  "guid": "6535f47d-0d6d-4c73-9f1d-293f7d8bcea2",
  "isActive": false,
  "balance": "$26,526.38",
  "picture": "http://placehold.it/32x32",
  "age": 55,
  "eyeColor": "blue",
  "name": "Bradford Little",
  "gender": "male",
  "company": "DELPHIDE",
  "email": "bradfordlittle@delphide.com",
  "phone": "+1 (826) 470-3643",
  "address": "225 Neptune Court, Riviera, Michigan, 2647",
  "about": "Deserunt id do cillum nulla eu. Elit velit qui do magna mollit sint sint non aute commodo. Aliquip ad aliquip nisi proident pariatur excepteur magna sit sunt. Labore proident eiusmod voluptate ipsum cillum sit labore cupidatat excepteur consectetur. Elit minim nisi nostrud consequat laborum elit reprehenderit culpa pariatur Lorem ipsum ad sunt.\r\n",
  "registered": "2015-03-26T01:04:51-07:00",
  "tags": [
    "ut",
    "consectetur",
    "adipisicing",
    "laboris",
    "minim",
    "irure",
    "excepteur"
  ],
  "friends": [
    {
      "id": 0,
      "name": "Poole Mann"
    },
    {
      "id": 1,
      "name": "Sloan Mason"
    },
    {
      "id": 2,
      "name": "Connie Tran"
    }
  ],
  "greeting": "Hello, Bradford Little! You have 7 unread messages.",
  "favoriteFruit": "banana",
  "location": {
    "latitude": -0.314094,
    "longitude": 22.542891
  },
  "docFormat": "json",
  "triples": [
    {
      "triple": {
        "subject": "/sample-data/data-47.json",
        "predicate": "http://www.w3.org/2000/01/rdf-schema#label",
        "object": "Bradford Little"
      }
    },
    {
      "triple": {
        "subject": "/sample-data/data-47.json",
        "predicate": "http://www.w3.org/1999/02/22-rdf-syntax-ns#type",
        "object": "http://xmlns.com/foaf/0.1/Person"
      }
    },
    {
      "triple": {
        "subject": "/sample-data/data-47.json",
        "predicate": "http://xmlns.com/foaf/0.1/knows",
        "object": "/sample-data/data-60.json"
      }
    },
    {
      "triple": {
        "subject": "/sample-data/data-47.json",
        "predicate": "http://xmlns.com/foaf/0.1/knows",
        "object": "/sample-data/data-1184.json"
      }
    },
    {
      "triple": {
        "subject": "/sample-data/data-47.json",
        "predicate": "http://xmlns.com/foaf/0.1/knows",
        "object": "/sample-data/data-1519.json"
      }
    }
  ]
}