{
  "_id": "55ee5e446ebbfd943996a18e",
  "index": 608,
  "guid": "be78d536-5c9a-43b3-9b06-08f86232bfb6",
  "isActive": true,
  "balance": "$29,994.48",
  "picture": "http://placehold.it/32x32",
  "age": 47,
  "eyeColor": "brown",
  "name": "Lane Baldwin",
  "gender": "male",
  "company": "VIXO",
  "email": "lanebaldwin@vixo.com",
  "phone": "+1 (847) 544-2523",
  "address": "673 Rutherford Place, Berwind, Colorado, 9631",
  "about": "Amet nulla enim occaecat Lorem ex consequat incididunt. Amet sit Lorem labore dolore magna exercitation consectetur occaecat ea occaecat ea sint qui. Adipisicing laboris do reprehenderit officia. Sint nulla minim laborum eu ex. Sint consequat laborum sunt dolore excepteur quis amet nisi id ullamco. Reprehenderit est ut cupidatat non consectetur.\r\n",
  "registered": "2015-08-10T10:06:57-07:00",
  "tags": [
    "et",
    "occaecat",
    "sunt",
    "mollit",
    "sint",
    "non",
    "dolore"
  ],
  "friends": [
    {
      "id": 0,
      "name": "Herring Tillman"
    },
    {
      "id": 1,
      "name": "Annette Cortez"
    },
    {
      "id": 2,
      "name": "Gill Briggs"
    }
  ],
  "greeting": "Hello, Lane Baldwin! You have 2 unread messages.",
  "favoriteFruit": "banana",
  "location": {
    "latitude": 33.769526,
    "longitude": 112.741118
  },
  "docFormat": "json",
  "triples": [
    {
      "triple": {
        "subject": "/sample-data/data-608.json",
        "predicate": "http://www.w3.org/2000/01/rdf-schema#label",
        "object": "Lane Baldwin"
      }
    },
    {
      "triple": {
        "subject": "/sample-data/data-608.json",
        "predicate": "http://www.w3.org/1999/02/22-rdf-syntax-ns#type",
        "object": "http://xmlns.com/foaf/0.1/Person"
      }
    },
    {
      "triple": {
        "subject": "/sample-data/data-608.json",
        "predicate": "http://xmlns.com/foaf/0.1/knows",
        "object": "/sample-data/data-2903.json"
      }
    },
    {
      "triple": {
        "subject": "/sample-data/data-608.json",
        "predicate": "http://xmlns.com/foaf/0.1/knows",
        "object": "/sample-data/data-2507.json"
      }
    },
    {
      "triple": {
        "subject": "/sample-data/data-608.json",
        "predicate": "http://xmlns.com/foaf/0.1/knows",
        "object": "/sample-data/data-1794.json"
      }
    }
  ]
}