{
  "_id": "55ee5e44c366d64dba7f3956",
  "index": 367,
  "guid": "6dfa4787-c7ec-436e-a399-6d6fe9e3ec79",
  "isActive": true,
  "balance": "$84,503.46",
  "picture": "http://placehold.it/32x32",
  "age": 57,
  "eyeColor": "green",
  "name": "James Fuentes",
  "gender": "male",
  "company": "ENJOLA",
  "email": "jamesfuentes@enjola.com",
  "phone": "+1 (972) 573-3297",
  "address": "947 Louis Place, Coinjock, Marshall Islands, 8827",
  "about": "Elit magna culpa exercitation consectetur voluptate Lorem cupidatat elit consequat anim culpa. Eiusmod consequat cillum ipsum elit. Ex nulla labore adipisicing irure nostrud commodo id ex.\r\n",
  "registered": "2015-01-31T09:26:15-07:00",
  "tags": [
    "reprehenderit",
    "quis",
    "proident",
    "cillum",
    "magna",
    "officia",
    "et"
  ],
  "friends": [
    {
      "id": 0,
      "name": "Townsend Estrada"
    },
    {
      "id": 1,
      "name": "Fulton Randall"
    },
    {
      "id": 2,
      "name": "Little Watson"
    }
  ],
  "greeting": "Hello, James Fuentes! You have 5 unread messages.",
  "favoriteFruit": "strawberry",
  "location": {
    "latitude": 23.827203,
    "longitude": 110.870803
  },
  "docFormat": "json",
  "triples": [
    {
      "triple": {
        "subject": "/sample-data/data-367.json",
        "predicate": "http://www.w3.org/2000/01/rdf-schema#label",
        "object": "James Fuentes"
      }
    },
    {
      "triple": {
        "subject": "/sample-data/data-367.json",
        "predicate": "http://www.w3.org/1999/02/22-rdf-syntax-ns#type",
        "object": "http://xmlns.com/foaf/0.1/Person"
      }
    },
    {
      "triple": {
        "subject": "/sample-data/data-367.json",
        "predicate": "http://xmlns.com/foaf/0.1/knows",
        "object": "/sample-data/data-1574.json"
      }
    },
    {
      "triple": {
        "subject": "/sample-data/data-367.json",
        "predicate": "http://xmlns.com/foaf/0.1/knows",
        "object": "/sample-data/data-300.json"
      }
    },
    {
      "triple": {
        "subject": "/sample-data/data-367.json",
        "predicate": "http://xmlns.com/foaf/0.1/knows",
        "object": "/sample-data/data-2715.json"
      }
    }
  ]
}