{
  "_id": "55ee5e986613ca4af7e1fd0a",
  "index": 2796,
  "guid": "5c096de5-c7d3-4e10-a6bb-7c7a6cf4eb9e",
  "isActive": false,
  "balance": "$91,040.08",
  "picture": "http://placehold.it/32x32",
  "age": 25,
  "eyeColor": "hazel",
  "name": "Lois Pugh",
  "gender": "female",
  "company": "CYTREX",
  "email": "loispugh@cytrex.com",
  "phone": "+1 (827) 496-2659",
  "address": "944 Chestnut Avenue, Islandia, North Carolina, 2281",
  "about": "Ipsum sint aliquip velit pariatur. Fugiat esse voluptate irure aliquip quis laborum velit. Adipisicing dolor ullamco proident adipisicing. In occaecat esse commodo elit ullamco tempor sit velit.\r\n",
  "registered": "2015-09-04T04:57:15-07:00",
  "tags": [
    "exercitation",
    "excepteur",
    "commodo",
    "exercitation",
    "aliqua",
    "exercitation",
    "deserunt"
  ],
  "friends": [
    {
      "id": 0,
      "name": "Garrison Harrington"
    },
    {
      "id": 1,
      "name": "Brittney Bates"
    },
    {
      "id": 2,
      "name": "Mayo Nunez"
    }
  ],
  "greeting": "Hello, Lois Pugh! You have 8 unread messages.",
  "favoriteFruit": "apple",
  "location": {
    "latitude": -25.076362,
    "longitude": -111.845176
  },
  "docFormat": "json",
  "triples": [
    {
      "triple": {
        "subject": "/sample-data/data-2796.json",
        "predicate": "http://www.w3.org/2000/01/rdf-schema#label",
        "object": "Lois Pugh"
      }
    },
    {
      "triple": {
        "subject": "/sample-data/data-2796.json",
        "predicate": "http://www.w3.org/1999/02/22-rdf-syntax-ns#type",
        "object": "http://xmlns.com/foaf/0.1/Person"
      }
    },
    {
      "triple": {
        "subject": "/sample-data/data-2796.json",
        "predicate": "http://xmlns.com/foaf/0.1/knows",
        "object": "/sample-data/data-586.json"
      }
    },
    {
      "triple": {
        "subject": "/sample-data/data-2796.json",
        "predicate": "http://xmlns.com/foaf/0.1/knows",
        "object": "/sample-data/data-1801.json"
      }
    },
    {
      "triple": {
        "subject": "/sample-data/data-2796.json",
        "predicate": "http://xmlns.com/foaf/0.1/knows",
        "object": "/sample-data/data-2826.json"
      }
    }
  ]
}