{
  "_id": "55ee5e44f4ac11c041b6d3e4",
  "index": 900,
  "guid": "846841ef-3b22-4f36-a45e-41d788b6290f",
  "isActive": false,
  "balance": "$34,261.49",
  "picture": "http://placehold.it/32x32",
  "age": 51,
  "eyeColor": "blue",
  "name": "Slater Aguirre",
  "gender": "male",
  "company": "AMRIL",
  "email": "slateraguirre@amril.com",
  "phone": "+1 (902) 523-2141",
  "address": "241 Otsego Street, Conway, Iowa, 986",
  "about": "Excepteur ad elit ut nisi culpa sunt magna adipisicing qui minim. Adipisicing pariatur labore id ea commodo nostrud consectetur sunt elit fugiat in ex duis. Consequat sint nisi exercitation id exercitation consequat reprehenderit. Dolore ad sint laborum cupidatat et laborum occaecat exercitation ex deserunt nisi. Aliqua incididunt proident occaecat velit nisi id sit ut velit laborum. Aliqua amet ut esse deserunt. Adipisicing commodo culpa officia enim Lorem ad quis exercitation deserunt ut cillum mollit exercitation anim.\r\n",
  "registered": "2014-03-02T06:41:23-07:00",
  "tags": [
    "mollit",
    "veniam",
    "officia",
    "adipisicing",
    "reprehenderit",
    "occaecat",
    "exercitation"
  ],
  "friends": [
    {
      "id": 0,
      "name": "Barrera Anthony"
    },
    {
      "id": 1,
      "name": "Adele Reese"
    },
    {
      "id": 2,
      "name": "Mavis Osborn"
    }
  ],
  "greeting": "Hello, Slater Aguirre! You have 3 unread messages.",
  "favoriteFruit": "orange",
  "location": {
    "latitude": 39.504942,
    "longitude": -172.841298
  },
  "docFormat": "json",
  "triples": [
    {
      "triple": {
        "subject": "/sample-data/data-900.json",
        "predicate": "http://www.w3.org/2000/01/rdf-schema#label",
        "object": "Slater Aguirre"
      }
    },
    {
      "triple": {
        "subject": "/sample-data/data-900.json",
        "predicate": "http://www.w3.org/1999/02/22-rdf-syntax-ns#type",
        "object": "http://xmlns.com/foaf/0.1/Person"
      }
    },
    {
      "triple": {
        "subject": "/sample-data/data-900.json",
        "predicate": "http://xmlns.com/foaf/0.1/knows",
        "object": "/sample-data/data-529.json"
      }
    },
    {
      "triple": {
        "subject": "/sample-data/data-900.json",
        "predicate": "http://xmlns.com/foaf/0.1/knows",
        "object": "/sample-data/data-1095.json"
      }
    },
    {
      "triple": {
        "subject": "/sample-data/data-900.json",
        "predicate": "http://xmlns.com/foaf/0.1/knows",
        "object": "/sample-data/data-2992.json"
      }
    }
  ]
}