{
  "_id": "55ee5e44b625e5cb89efe5fe",
  "index": 326,
  "guid": "a76e6889-e00d-4af6-8581-701be2103e69",
  "isActive": false,
  "balance": "$51,590.32",
  "picture": "http://placehold.it/32x32",
  "age": 41,
  "eyeColor": "brown",
  "name": "Bartlett Cervantes",
  "gender": "male",
  "company": "AVENETRO",
  "email": "bartlettcervantes@avenetro.com",
  "phone": "+1 (887) 582-3284",
  "address": "283 Robert Street, Sunbury, Nebraska, 5298",
  "about": "Ut reprehenderit voluptate non laborum anim ipsum dolor. Aliqua est anim in proident sunt consequat est quis sint. Ut aute incididunt mollit enim. Minim incididunt dolore ullamco fugiat cillum aliqua aute officia. Ex tempor ipsum ut irure nulla enim eiusmod duis dolore voluptate. Ex culpa incididunt sunt minim qui in sint aute. Sunt tempor deserunt consequat do nostrud.\r\n",
  "registered": "2014-12-15T02:04:44-07:00",
  "tags": [
    "non",
    "aliqua",
    "aliquip",
    "aliqua",
    "laborum",
    "officia",
    "quis"
  ],
  "friends": [
    {
      "id": 0,
      "name": "Foreman James"
    },
    {
      "id": 1,
      "name": "Imelda Spears"
    },
    {
      "id": 2,
      "name": "Fuller Gay"
    }
  ],
  "greeting": "Hello, Bartlett Cervantes! You have 2 unread messages.",
  "favoriteFruit": "apple",
  "location": {
    "latitude": 80.987004,
    "longitude": -98.923366
  },
  "docFormat": "json",
  "triples": [
    {
      "triple": {
        "subject": "/sample-data/data-326.json",
        "predicate": "http://www.w3.org/2000/01/rdf-schema#label",
        "object": "Bartlett Cervantes"
      }
    },
    {
      "triple": {
        "subject": "/sample-data/data-326.json",
        "predicate": "http://www.w3.org/1999/02/22-rdf-syntax-ns#type",
        "object": "http://xmlns.com/foaf/0.1/Person"
      }
    },
    {
      "triple": {
        "subject": "/sample-data/data-326.json",
        "predicate": "http://xmlns.com/foaf/0.1/knows",
        "object": "/sample-data/data-2590.json"
      }
    },
    {
      "triple": {
        "subject": "/sample-data/data-326.json",
        "predicate": "http://xmlns.com/foaf/0.1/knows",
        "object": "/sample-data/data-1615.json"
      }
    },
    {
      "triple": {
        "subject": "/sample-data/data-326.json",
        "predicate": "http://xmlns.com/foaf/0.1/knows",
        "object": "/sample-data/data-2743.json"
      }
    }
  ]
}