{
  "_id": "55ee5e98ccbbd0eb1280b9a9",
  "index": 2060,
  "guid": "749da75c-1b15-46a5-ab9f-7b08658ec924",
  "isActive": true,
  "balance": "$77,873.43",
  "picture": "http://placehold.it/32x32",
  "age": 37,
  "eyeColor": "hazel",
  "name": "Daugherty Campbell",
  "gender": "male",
  "company": "EXOVENT",
  "email": "daughertycampbell@exovent.com",
  "phone": "+1 (920) 427-3079",
  "address": "561 Glenmore Avenue, Needmore, Oregon, 9497",
  "about": "Minim sint ex esse esse. Adipisicing exercitation anim dolore ut occaecat ex ad officia nisi in reprehenderit reprehenderit in quis. Nisi amet cupidatat in et in et. Proident pariatur fugiat non et aliqua culpa adipisicing sunt id anim qui labore labore pariatur. Nostrud labore deserunt deserunt deserunt nostrud elit in. Labore occaecat ipsum reprehenderit commodo excepteur amet.\r\n",
  "registered": "2014-06-01T01:57:35-07:00",
  "tags": [
    "proident",
    "quis",
    "magna",
    "ullamco",
    "velit",
    "laboris",
    "exercitation"
  ],
  "friends": [
    {
      "id": 0,
      "name": "Jackie Vaughan"
    },
    {
      "id": 1,
      "name": "Abbott Peck"
    },
    {
      "id": 2,
      "name": "Mathews Atkins"
    }
  ],
  "greeting": "Hello, Daugherty Campbell! You have 8 unread messages.",
  "favoriteFruit": "pear",
  "location": {
    "latitude": -19.343376,
    "longitude": -26.640527
  },
  "docFormat": "json",
  "triples": [
    {
      "triple": {
        "subject": "/sample-data/data-2060.json",
        "predicate": "http://www.w3.org/2000/01/rdf-schema#label",
        "object": "Daugherty Campbell"
      }
    },
    {
      "triple": {
        "subject": "/sample-data/data-2060.json",
        "predicate": "http://www.w3.org/1999/02/22-rdf-syntax-ns#type",
        "object": "http://xmlns.com/foaf/0.1/Person"
      }
    },
    {
      "triple": {
        "subject": "/sample-data/data-2060.json",
        "predicate": "http://xmlns.com/foaf/0.1/knows",
        "object": "/sample-data/data-1126.json"
      }
    },
    {
      "triple": {
        "subject": "/sample-data/data-2060.json",
        "predicate": "http://xmlns.com/foaf/0.1/knows",
        "object": "/sample-data/data-75.json"
      }
    },
    {
      "triple": {
        "subject": "/sample-data/data-2060.json",
        "predicate": "http://xmlns.com/foaf/0.1/knows",
        "object": "/sample-data/data-2935.json"
      }
    }
  ]
}