{
  "_id": "55ee5e983c245a2fb6a35814",
  "index": 2563,
  "guid": "9c84219d-c1c3-48c9-9fe6-c50c67a301b3",
  "isActive": true,
  "balance": "$23,951.38",
  "picture": "http://placehold.it/32x32",
  "age": 22,
  "eyeColor": "gray",
  "name": "Ray Emerson",
  "gender": "male",
  "company": "COSMETEX",
  "email": "rayemerson@cosmetex.com",
  "phone": "+1 (911) 546-3960",
  "address": "118 Everit Street, Independence, Puerto Rico, 611",
  "about": "Ipsum qui proident qui fugiat cillum exercitation est pariatur dolor esse nulla aliqua ex. Mollit nisi voluptate sunt pariatur ea esse nostrud mollit mollit sit. Eu reprehenderit elit est laboris amet velit dolore. Aliquip Lorem id consectetur nostrud amet tempor id est aliqua officia est quis. Dolor amet sunt culpa pariatur amet exercitation sit magna nisi nostrud.\r\n",
  "registered": "2015-08-20T09:28:36-07:00",
  "tags": [
    "mollit",
    "sunt",
    "officia",
    "commodo",
    "deserunt",
    "pariatur",
    "officia"
  ],
  "friends": [
    {
      "id": 0,
      "name": "Shepherd Richmond"
    },
    {
      "id": 1,
      "name": "Flores Bullock"
    },
    {
      "id": 2,
      "name": "Garrett Mckee"
    }
  ],
  "greeting": "Hello, Ray Emerson! You have 7 unread messages.",
  "favoriteFruit": "apple",
  "location": {
    "latitude": -86.727791,
    "longitude": 154.77542
  },
  "docFormat": "json",
  "triples": [
    {
      "triple": {
        "subject": "/sample-data/data-2563.json",
        "predicate": "http://www.w3.org/2000/01/rdf-schema#label",
        "object": "Ray Emerson"
      }
    },
    {
      "triple": {
        "subject": "/sample-data/data-2563.json",
        "predicate": "http://www.w3.org/1999/02/22-rdf-syntax-ns#type",
        "object": "http://xmlns.com/foaf/0.1/Person"
      }
    },
    {
      "triple": {
        "subject": "/sample-data/data-2563.json",
        "predicate": "http://xmlns.com/foaf/0.1/knows",
        "object": "/sample-data/data-463.json"
      }
    },
    {
      "triple": {
        "subject": "/sample-data/data-2563.json",
        "predicate": "http://xmlns.com/foaf/0.1/knows",
        "object": "/sample-data/data-903.json"
      }
    },
    {
      "triple": {
        "subject": "/sample-data/data-2563.json",
        "predicate": "http://xmlns.com/foaf/0.1/knows",
        "object": "/sample-data/data-2419.json"
      }
    }
  ]
}