{
  "_id": "55ee5e989ccbb1f82b1c9b40",
  "index": 2558,
  "guid": "e82d41e0-856f-45cf-8a3e-05a0683baac9",
  "isActive": true,
  "balance": "$29,510.83",
  "picture": "http://placehold.it/32x32",
  "age": 44,
  "eyeColor": "honey",
  "name": "Carolyn Curtis",
  "gender": "female",
  "company": "ZIDOX",
  "email": "carolyncurtis@zidox.com",
  "phone": "+1 (836) 576-3312",
  "address": "529 Loring Avenue, Camino, Alabama, 7104",
  "about": "Culpa irure ea est tempor ullamco adipisicing sunt fugiat consectetur adipisicing. Ullamco ullamco aute exercitation do Lorem nulla. Incididunt exercitation cillum qui culpa Lorem nostrud voluptate ad laboris. Irure fugiat excepteur minim et pariatur mollit ipsum pariatur culpa adipisicing ex veniam.\r\n",
  "registered": "2015-03-09T04:49:16-07:00",
  "tags": [
    "ut",
    "dolor",
    "dolor",
    "ea",
    "ipsum",
    "consectetur",
    "id"
  ],
  "friends": [
    {
      "id": 0,
      "name": "Gwendolyn Kirk"
    },
    {
      "id": 1,
      "name": "Frances Wood"
    },
    {
      "id": 2,
      "name": "Winnie Berger"
    }
  ],
  "greeting": "Hello, Carolyn Curtis! You have 9 unread messages.",
  "favoriteFruit": "orange",
  "location": {
    "latitude": -47.605775,
    "longitude": 39.014398
  },
  "docFormat": "json",
  "triples": [
    {
      "triple": {
        "subject": "/sample-data/data-2558.json",
        "predicate": "http://www.w3.org/2000/01/rdf-schema#label",
        "object": "Carolyn Curtis"
      }
    },
    {
      "triple": {
        "subject": "/sample-data/data-2558.json",
        "predicate": "http://www.w3.org/1999/02/22-rdf-syntax-ns#type",
        "object": "http://xmlns.com/foaf/0.1/Person"
      }
    },
    {
      "triple": {
        "subject": "/sample-data/data-2558.json",
        "predicate": "http://xmlns.com/foaf/0.1/knows",
        "object": "/sample-data/data-137.json"
      }
    },
    {
      "triple": {
        "subject": "/sample-data/data-2558.json",
        "predicate": "http://xmlns.com/foaf/0.1/knows",
        "object": "/sample-data/data-684.json"
      }
    },
    {
      "triple": {
        "subject": "/sample-data/data-2558.json",
        "predicate": "http://xmlns.com/foaf/0.1/knows",
        "object": "/sample-data/data-968.json"
      }
    }
  ]
}