{
  "_id": "55ee5e446cedbe22b4346889",
  "index": 150,
  "guid": "7685c837-78d9-496a-9d22-373a0a21bd43",
  "isActive": false,
  "balance": "$1,246.21",
  "picture": "http://placehold.it/32x32",
  "age": 53,
  "eyeColor": "green",
  "name": "Madeleine Gill",
  "gender": "female",
  "company": "CORIANDER",
  "email": "madeleinegill@coriander.com",
  "phone": "+1 (897) 510-2574",
  "address": "445 Dakota Place, Vincent, Idaho, 1062",
  "about": "Quis consequat mollit aliqua in. In officia ex consectetur sint sint eiusmod sit. Proident magna laboris magna proident do culpa ex reprehenderit tempor est duis cillum mollit aute. Amet nisi eiusmod tempor ut laboris sint non occaecat minim irure ea sunt consequat incididunt. Do voluptate id proident elit cupidatat enim et eu culpa eu minim mollit occaecat.\r\n",
  "registered": "2015-06-09T07:21:58-07:00",
  "tags": [
    "ullamco",
    "duis",
    "quis",
    "pariatur",
    "dolore",
    "sint",
    "occaecat"
  ],
  "friends": [
    {
      "id": 0,
      "name": "Wilder Kinney"
    },
    {
      "id": 1,
      "name": "Eleanor Church"
    },
    {
      "id": 2,
      "name": "Bridgett Aguirre"
    }
  ],
  "greeting": "Hello, Madeleine Gill! You have 5 unread messages.",
  "favoriteFruit": "apple",
  "location": {
    "latitude": -47.584417,
    "longitude": 126.169402
  },
  "docFormat": "json",
  "triples": [
    {
      "triple": {
        "subject": "/sample-data/data-150.json",
        "predicate": "http://www.w3.org/2000/01/rdf-schema#label",
        "object": "Madeleine Gill"
      }
    },
    {
      "triple": {
        "subject": "/sample-data/data-150.json",
        "predicate": "http://www.w3.org/1999/02/22-rdf-syntax-ns#type",
        "object": "http://xmlns.com/foaf/0.1/Person"
      }
    },
    {
      "triple": {
        "subject": "/sample-data/data-150.json",
        "predicate": "http://xmlns.com/foaf/0.1/knows",
        "object": "/sample-data/data-2837.json"
      }
    },
    {
      "triple": {
        "subject": "/sample-data/data-150.json",
        "predicate": "http://xmlns.com/foaf/0.1/knows",
        "object": "/sample-data/data-2276.json"
      }
    },
    {
      "triple": {
        "subject": "/sample-data/data-150.json",
        "predicate": "http://xmlns.com/foaf/0.1/knows",
        "object": "/sample-data/data-1584.json"
      }
    }
  ]
}