{
  "_id": "55ee5e4438251fad416091c8",
  "index": 576,
  "guid": "d36ef4dd-ca4e-4905-8715-00f9882443f4",
  "isActive": true,
  "balance": "$87,610.86",
  "picture": "http://placehold.it/32x32",
  "age": 53,
  "eyeColor": "green",
  "name": "Leticia James",
  "gender": "female",
  "company": "ISOSWITCH",
  "email": "leticiajames@isoswitch.com",
  "phone": "+1 (952) 519-3710",
  "address": "153 Keap Street, Hilltop, Maryland, 8398",
  "about": "Dolor ex pariatur aliqua anim dolore dolor incididunt. Ullamco fugiat adipisicing fugiat aute tempor ullamco dolore. Excepteur pariatur magna aute laboris nisi consequat in proident officia fugiat tempor laborum incididunt. Consectetur excepteur cillum esse cillum sunt labore ad qui eu laboris do.\r\n",
  "registered": "2014-04-29T09:48:16-07:00",
  "tags": [
    "consequat",
    "labore",
    "labore",
    "minim",
    "elit",
    "officia",
    "laboris"
  ],
  "friends": [
    {
      "id": 0,
      "name": "Sasha Spears"
    },
    {
      "id": 1,
      "name": "Charlene Gay"
    },
    {
      "id": 2,
      "name": "Ursula Tucker"
    }
  ],
  "greeting": "Hello, Leticia James! You have 1 unread messages.",
  "favoriteFruit": "banana",
  "location": {
    "latitude": 40.463017,
    "longitude": -157.914521
  },
  "docFormat": "json",
  "triples": [
    {
      "triple": {
        "subject": "/sample-data/data-576.json",
        "predicate": "http://www.w3.org/2000/01/rdf-schema#label",
        "object": "Leticia James"
      }
    },
    {
      "triple": {
        "subject": "/sample-data/data-576.json",
        "predicate": "http://www.w3.org/1999/02/22-rdf-syntax-ns#type",
        "object": "http://xmlns.com/foaf/0.1/Person"
      }
    },
    {
      "triple": {
        "subject": "/sample-data/data-576.json",
        "predicate": "http://xmlns.com/foaf/0.1/knows",
        "object": "/sample-data/data-2476.json"
      }
    },
    {
      "triple": {
        "subject": "/sample-data/data-576.json",
        "predicate": "http://xmlns.com/foaf/0.1/knows",
        "object": "/sample-data/data-2993.json"
      }
    },
    {
      "triple": {
        "subject": "/sample-data/data-576.json",
        "predicate": "http://xmlns.com/foaf/0.1/knows",
        "object": "/sample-data/data-825.json"
      }
    }
  ]
}