{
  "_id": "55ee5e44e98829869d47b339",
  "index": 453,
  "guid": "f01c933f-97ab-4fda-8053-bb7786ef8ef4",
  "isActive": false,
  "balance": "$39,212.86",
  "picture": "http://placehold.it/32x32",
  "age": 43,
  "eyeColor": "brown",
  "name": "Celina Freeman",
  "gender": "female",
  "company": "INRT",
  "email": "celinafreeman@inrt.com",
  "phone": "+1 (807) 581-2536",
  "address": "603 Glenmore Avenue, Ballico, Michigan, 1612",
  "about": "Laboris minim consectetur irure id adipisicing aliqua laborum anim. Nulla ad cillum velit occaecat veniam aliquip fugiat ex non minim ipsum enim adipisicing nisi. Adipisicing minim veniam eu incididunt sit et adipisicing. Pariatur magna qui exercitation irure consequat quis cillum mollit incididunt eiusmod dolore. Exercitation adipisicing culpa commodo eu ullamco exercitation et elit proident reprehenderit velit quis proident. Anim aliqua do tempor cillum adipisicing eu do incididunt aute irure nostrud enim sit.\r\n",
  "registered": "2014-02-02T12:51:48-07:00",
  "tags": [
    "quis",
    "proident",
    "ex",
    "magna",
    "ex",
    "tempor",
    "consequat"
  ],
  "friends": [
    {
      "id": 0,
      "name": "Lucy Petersen"
    },
    {
      "id": 1,
      "name": "Nixon Zimmerman"
    },
    {
      "id": 2,
      "name": "Powers Nelson"
    }
  ],
  "greeting": "Hello, Celina Freeman! You have 4 unread messages.",
  "favoriteFruit": "strawberry",
  "location": {
    "latitude": 29.086035,
    "longitude": -101.772104
  },
  "docFormat": "json",
  "triples": [
    {
      "triple": {
        "subject": "/sample-data/data-453.json",
        "predicate": "http://www.w3.org/2000/01/rdf-schema#label",
        "object": "Celina Freeman"
      }
    },
    {
      "triple": {
        "subject": "/sample-data/data-453.json",
        "predicate": "http://www.w3.org/1999/02/22-rdf-syntax-ns#type",
        "object": "http://xmlns.com/foaf/0.1/Person"
      }
    },
    {
      "triple": {
        "subject": "/sample-data/data-453.json",
        "predicate": "http://xmlns.com/foaf/0.1/knows",
        "object": "/sample-data/data-1417.json"
      }
    },
    {
      "triple": {
        "subject": "/sample-data/data-453.json",
        "predicate": "http://xmlns.com/foaf/0.1/knows",
        "object": "/sample-data/data-1919.json"
      }
    },
    {
      "triple": {
        "subject": "/sample-data/data-453.json",
        "predicate": "http://xmlns.com/foaf/0.1/knows",
        "object": "/sample-data/data-2356.json"
      }
    }
  ]
}