{
  "_id": "55ee5e44313b114040458720",
  "index": 1456,
  "guid": "271efa1c-e013-46a0-a8b3-e3b30ad2b5bd",
  "isActive": false,
  "balance": "$62,624.76",
  "picture": "http://placehold.it/32x32",
  "age": 29,
  "eyeColor": "blue",
  "name": "Margaret Mooney",
  "gender": "female",
  "company": "PROFLEX",
  "email": "margaretmooney@proflex.com",
  "phone": "+1 (909) 497-3844",
  "address": "743 Henderson Walk, Orviston, Alabama, 1439",
  "about": "In ea exercitation non in non pariatur elit consectetur nisi consectetur duis ea. Deserunt incididunt proident nostrud adipisicing qui aute ullamco veniam voluptate aute officia. Proident commodo minim cillum consequat. Cupidatat consectetur labore id tempor cupidatat aliquip. Anim Lorem ea nisi sint commodo dolore quis mollit eu officia eiusmod amet sit. Laboris cillum aliqua nulla dolore proident enim aliquip ad non magna amet in. Exercitation laborum eiusmod nostrud mollit eiusmod mollit.\r\n",
  "registered": "2015-07-11T04:24:02-07:00",
  "tags": [
    "incididunt",
    "proident",
    "laboris",
    "sit",
    "dolore",
    "dolore",
    "consectetur"
  ],
  "friends": [
    {
      "id": 0,
      "name": "Leann Hickman"
    },
    {
      "id": 1,
      "name": "Hansen Riley"
    },
    {
      "id": 2,
      "name": "Salinas Duke"
    }
  ],
  "greeting": "Hello, Margaret Mooney! You have 6 unread messages.",
  "favoriteFruit": "banana",
  "location": {
    "latitude": -22.092941,
    "longitude": -102.319058
  },
  "docFormat": "json",
  "triples": [
    {
      "triple": {
        "subject": "/sample-data/data-1456.json",
        "predicate": "http://www.w3.org/2000/01/rdf-schema#label",
        "object": "Margaret Mooney"
      }
    },
    {
      "triple": {
        "subject": "/sample-data/data-1456.json",
        "predicate": "http://www.w3.org/1999/02/22-rdf-syntax-ns#type",
        "object": "http://xmlns.com/foaf/0.1/Person"
      }
    },
    {
      "triple": {
        "subject": "/sample-data/data-1456.json",
        "predicate": "http://xmlns.com/foaf/0.1/knows",
        "object": "/sample-data/data-2566.json"
      }
    },
    {
      "triple": {
        "subject": "/sample-data/data-1456.json",
        "predicate": "http://xmlns.com/foaf/0.1/knows",
        "object": "/sample-data/data-1421.json"
      }
    },
    {
      "triple": {
        "subject": "/sample-data/data-1456.json",
        "predicate": "http://xmlns.com/foaf/0.1/knows",
        "object": "/sample-data/data-1123.json"
      }
    }
  ]
}