{
  "_id": "55ee5e4416203a1a1fbc90c6",
  "index": 425,
  "guid": "2621e38f-5ff0-4747-a9df-ca110d75c048",
  "isActive": true,
  "balance": "$82,958.94",
  "picture": "http://placehold.it/32x32",
  "age": 51,
  "eyeColor": "brown",
  "name": "Simpson Pace",
  "gender": "male",
  "company": "FUTURIS",
  "email": "simpsonpace@futuris.com",
  "phone": "+1 (971) 497-3166",
  "address": "631 Devon Avenue, Westphalia, Marshall Islands, 8959",
  "about": "Ut nisi aliqua laborum nulla dolore ex ipsum aliqua esse et. Exercitation occaecat nulla cupidatat ad nostrud non fugiat qui voluptate aliqua ex in. Consectetur ex officia nulla do aliquip et culpa voluptate mollit ullamco officia.\r\n",
  "registered": "2015-07-06T02:55:18-07:00",
  "tags": [
    "nisi",
    "dolore",
    "id",
    "sint",
    "voluptate",
    "anim",
    "esse"
  ],
  "friends": [
    {
      "id": 0,
      "name": "Madelyn Maxwell"
    },
    {
      "id": 1,
      "name": "Bradshaw Carr"
    },
    {
      "id": 2,
      "name": "Nellie Koch"
    }
  ],
  "greeting": "Hello, Simpson Pace! You have 9 unread messages.",
  "favoriteFruit": "strawberry",
  "location": {
    "latitude": -68.807752,
    "longitude": 95.775133
  },
  "docFormat": "json",
  "triples": [
    {
      "triple": {
        "subject": "/sample-data/data-425.json",
        "predicate": "http://www.w3.org/2000/01/rdf-schema#label",
        "object": "Simpson Pace"
      }
    },
    {
      "triple": {
        "subject": "/sample-data/data-425.json",
        "predicate": "http://www.w3.org/1999/02/22-rdf-syntax-ns#type",
        "object": "http://xmlns.com/foaf/0.1/Person"
      }
    },
    {
      "triple": {
        "subject": "/sample-data/data-425.json",
        "predicate": "http://xmlns.com/foaf/0.1/knows",
        "object": "/sample-data/data-2833.json"
      }
    },
    {
      "triple": {
        "subject": "/sample-data/data-425.json",
        "predicate": "http://xmlns.com/foaf/0.1/knows",
        "object": "/sample-data/data-2111.json"
      }
    },
    {
      "triple": {
        "subject": "/sample-data/data-425.json",
        "predicate": "http://xmlns.com/foaf/0.1/knows",
        "object": "/sample-data/data-2648.json"
      }
    }
  ]
}