{
  "_id": "55ee5e98d49b99b03421272b",
  "index": 2411,
  "guid": "67a762ef-9a95-4eb9-806c-cf9a1003fea9",
  "isActive": false,
  "balance": "$5,920.05",
  "picture": "http://placehold.it/32x32",
  "age": 61,
  "eyeColor": "gray",
  "name": "Ruth Estrada",
  "gender": "female",
  "company": "RETRACK",
  "email": "ruthestrada@retrack.com",
  "phone": "+1 (961) 483-3916",
  "address": "362 Cranberry Street, Wescosville, Pennsylvania, 1661",
  "about": "Est tempor velit irure qui laboris ea exercitation quis eu. Nulla aliqua minim ad ex tempor fugiat ullamco aliquip labore ut. Enim anim tempor do commodo ullamco eu esse cupidatat in in nulla commodo. Ut duis deserunt dolor reprehenderit irure irure quis quis labore deserunt tempor incididunt cillum in. Magna non cupidatat fugiat nostrud cupidatat in.\r\n",
  "registered": "2014-06-03T01:30:19-07:00",
  "tags": [
    "elit",
    "aliquip",
    "commodo",
    "elit",
    "anim",
    "aliquip",
    "ex"
  ],
  "friends": [
    {
      "id": 0,
      "name": "Karen Dillard"
    },
    {
      "id": 1,
      "name": "Georgette Boyer"
    },
    {
      "id": 2,
      "name": "Hansen Morin"
    }
  ],
  "greeting": "Hello, Ruth Estrada! You have 3 unread messages.",
  "favoriteFruit": "banana",
  "location": {
    "latitude": 10.691167,
    "longitude": 115.195171
  },
  "docFormat": "json",
  "triples": [
    {
      "triple": {
        "subject": "/sample-data/data-2411.json",
        "predicate": "http://www.w3.org/2000/01/rdf-schema#label",
        "object": "Ruth Estrada"
      }
    },
    {
      "triple": {
        "subject": "/sample-data/data-2411.json",
        "predicate": "http://www.w3.org/1999/02/22-rdf-syntax-ns#type",
        "object": "http://xmlns.com/foaf/0.1/Person"
      }
    },
    {
      "triple": {
        "subject": "/sample-data/data-2411.json",
        "predicate": "http://xmlns.com/foaf/0.1/knows",
        "object": "/sample-data/data-1124.json"
      }
    },
    {
      "triple": {
        "subject": "/sample-data/data-2411.json",
        "predicate": "http://xmlns.com/foaf/0.1/knows",
        "object": "/sample-data/data-1598.json"
      }
    },
    {
      "triple": {
        "subject": "/sample-data/data-2411.json",
        "predicate": "http://xmlns.com/foaf/0.1/knows",
        "object": "/sample-data/data-1599.json"
      }
    }
  ]
}