{
  "_id": "55ee5e447d3092eceeab7a95",
  "index": 296,
  "guid": "ba79507b-7ff2-41c9-bfc5-e5223f90e9b1",
  "isActive": true,
  "balance": "$34,434.91",
  "picture": "http://placehold.it/32x32",
  "age": 39,
  "eyeColor": "brown",
  "name": "Nadia Avila",
  "gender": "female",
  "company": "EMERGENT",
  "email": "nadiaavila@emergent.com",
  "phone": "+1 (917) 597-3921",
  "address": "409 Royce Place, Vaughn, Alabama, 2588",
  "about": "Incididunt sunt labore ex ex eiusmod incididunt id exercitation veniam voluptate voluptate. Est nisi nulla Lorem anim minim ullamco eiusmod cupidatat aute amet velit incididunt culpa. Lorem aliqua aliqua tempor velit dolor ullamco mollit nostrud eu officia ut. Labore minim dolor voluptate Lorem aute minim sit quis magna Lorem reprehenderit minim ut.\r\n",
  "registered": "2014-07-09T02:20:33-07:00",
  "tags": [
    "officia",
    "cillum",
    "anim",
    "aliquip",
    "occaecat",
    "laborum",
    "ex"
  ],
  "friends": [
    {
      "id": 0,
      "name": "Reynolds Cobb"
    },
    {
      "id": 1,
      "name": "Brennan Hensley"
    },
    {
      "id": 2,
      "name": "Guerrero Little"
    }
  ],
  "greeting": "Hello, Nadia Avila! You have 7 unread messages.",
  "favoriteFruit": "banana",
  "location": {
    "latitude": -36.138045,
    "longitude": -140.810981
  },
  "docFormat": "json",
  "triples": [
    {
      "triple": {
        "subject": "/sample-data/data-296.json",
        "predicate": "http://www.w3.org/2000/01/rdf-schema#label",
        "object": "Nadia Avila"
      }
    },
    {
      "triple": {
        "subject": "/sample-data/data-296.json",
        "predicate": "http://www.w3.org/1999/02/22-rdf-syntax-ns#type",
        "object": "http://xmlns.com/foaf/0.1/Person"
      }
    },
    {
      "triple": {
        "subject": "/sample-data/data-296.json",
        "predicate": "http://xmlns.com/foaf/0.1/knows",
        "object": "/sample-data/data-1011.json"
      }
    },
    {
      "triple": {
        "subject": "/sample-data/data-296.json",
        "predicate": "http://xmlns.com/foaf/0.1/knows",
        "object": "/sample-data/data-1469.json"
      }
    },
    {
      "triple": {
        "subject": "/sample-data/data-296.json",
        "predicate": "http://xmlns.com/foaf/0.1/knows",
        "object": "/sample-data/data-328.json"
      }
    }
  ]
}