{
  "_id": "55ee5e44a3f5fbca9c185830",
  "index": 327,
  "guid": "ad5f03bd-86a6-43ae-a93b-6e530e8f1da1",
  "isActive": true,
  "balance": "$69,058.09",
  "picture": "http://placehold.it/32x32",
  "age": 69,
  "eyeColor": "green",
  "name": "Hurley Tucker",
  "gender": "male",
  "company": "BOILCAT",
  "email": "hurleytucker@boilcat.com",
  "phone": "+1 (968) 429-3467",
  "address": "201 Turnbull Avenue, Clay, New York, 5666",
  "about": "Excepteur labore dolore ea cillum nostrud commodo ut sint enim ipsum sit ea. Ipsum in mollit id pariatur non veniam qui proident mollit. Quis cillum mollit pariatur fugiat sit officia. Aliquip consectetur est proident voluptate quis Lorem nisi nostrud id nulla duis occaecat. Do elit cillum excepteur deserunt. Nisi sit amet exercitation voluptate qui consectetur minim sint. Duis ut deserunt officia deserunt minim aliquip incididunt mollit do sint consequat nisi incididunt excepteur.\r\n",
  "registered": "2014-04-19T09:29:31-07:00",
  "tags": [
    "nostrud",
    "ipsum",
    "dolore",
    "cupidatat",
    "non",
    "ex",
    "ex"
  ],
  "friends": [
    {
      "id": 0,
      "name": "Mandy Torres"
    },
    {
      "id": 1,
      "name": "Mcleod Flowers"
    },
    {
      "id": 2,
      "name": "Glenda Vaughn"
    }
  ],
  "greeting": "Hello, Hurley Tucker! You have 6 unread messages.",
  "favoriteFruit": "strawberry",
  "location": {
    "latitude": -73.110852,
    "longitude": 85.2354
  },
  "docFormat": "json",
  "triples": [
    {
      "triple": {
        "subject": "/sample-data/data-327.json",
        "predicate": "http://www.w3.org/2000/01/rdf-schema#label",
        "object": "Hurley Tucker"
      }
    },
    {
      "triple": {
        "subject": "/sample-data/data-327.json",
        "predicate": "http://www.w3.org/1999/02/22-rdf-syntax-ns#type",
        "object": "http://xmlns.com/foaf/0.1/Person"
      }
    },
    {
      "triple": {
        "subject": "/sample-data/data-327.json",
        "predicate": "http://xmlns.com/foaf/0.1/knows",
        "object": "/sample-data/data-1833.json"
      }
    },
    {
      "triple": {
        "subject": "/sample-data/data-327.json",
        "predicate": "http://xmlns.com/foaf/0.1/knows",
        "object": "/sample-data/data-2777.json"
      }
    },
    {
      "triple": {
        "subject": "/sample-data/data-327.json",
        "predicate": "http://xmlns.com/foaf/0.1/knows",
        "object": "/sample-data/data-2737.json"
      }
    }
  ]
}