{
  "_id": "55ee5e44257113636184e035",
  "index": 388,
  "guid": "69cb0e24-fc7b-497b-9e2f-5d79dff45c68",
  "isActive": false,
  "balance": "$13,832.93",
  "picture": "http://placehold.it/32x32",
  "age": 30,
  "eyeColor": "green",
  "name": "Pruitt Sampson",
  "gender": "male",
  "company": "MICROLUXE",
  "email": "pruittsampson@microluxe.com",
  "phone": "+1 (869) 563-3975",
  "address": "776 Rogers Avenue, Warren, American Samoa, 8565",
  "about": "Officia nostrud eiusmod et irure minim. Occaecat id culpa sint enim mollit. Elit magna ipsum qui culpa tempor non adipisicing aliquip consectetur aliqua excepteur in eu. Ea esse nostrud ut esse reprehenderit commodo anim consequat sunt qui sit consequat cillum.\r\n",
  "registered": "2014-02-06T07:28:33-07:00",
  "tags": [
    "veniam",
    "ullamco",
    "sint",
    "consectetur",
    "eiusmod",
    "in",
    "consequat"
  ],
  "friends": [
    {
      "id": 0,
      "name": "Cheri Pickett"
    },
    {
      "id": 1,
      "name": "Violet Santos"
    },
    {
      "id": 2,
      "name": "Corinne Dodson"
    }
  ],
  "greeting": "Hello, Pruitt Sampson! You have 8 unread messages.",
  "favoriteFruit": "apple",
  "location": {
    "latitude": -51.909459,
    "longitude": -63.114203
  },
  "docFormat": "json",
  "triples": [
    {
      "triple": {
        "subject": "/sample-data/data-388.json",
        "predicate": "http://www.w3.org/2000/01/rdf-schema#label",
        "object": "Pruitt Sampson"
      }
    },
    {
      "triple": {
        "subject": "/sample-data/data-388.json",
        "predicate": "http://www.w3.org/1999/02/22-rdf-syntax-ns#type",
        "object": "http://xmlns.com/foaf/0.1/Person"
      }
    },
    {
      "triple": {
        "subject": "/sample-data/data-388.json",
        "predicate": "http://xmlns.com/foaf/0.1/knows",
        "object": "/sample-data/data-1532.json"
      }
    },
    {
      "triple": {
        "subject": "/sample-data/data-388.json",
        "predicate": "http://xmlns.com/foaf/0.1/knows",
        "object": "/sample-data/data-2426.json"
      }
    },
    {
      "triple": {
        "subject": "/sample-data/data-388.json",
        "predicate": "http://xmlns.com/foaf/0.1/knows",
        "object": "/sample-data/data-1998.json"
      }
    }
  ]
}