{
  "_id": "55ee5e98c9cb92e41ab4bf31",
  "index": 2827,
  "guid": "4dc34bb3-59e5-4a58-919d-11776970b57f",
  "isActive": false,
  "balance": "$5,928.66",
  "picture": "http://placehold.it/32x32",
  "age": 41,
  "eyeColor": "amethyst",
  "name": "Rebecca Valenzuela",
  "gender": "female",
  "company": "GOGOL",
  "email": "rebeccavalenzuela@gogol.com",
  "phone": "+1 (916) 445-2338",
  "address": "435 Seigel Street, Fredericktown, Texas, 8086",
  "about": "Reprehenderit sint Lorem reprehenderit do consequat officia esse id cupidatat eiusmod tempor. Proident velit aliquip id anim duis deserunt consectetur culpa reprehenderit amet ex aliquip qui. Aliquip nulla non minim nulla exercitation.\r\n",
  "registered": "2014-04-23T07:43:00-07:00",
  "tags": [
    "non",
    "laboris",
    "cupidatat",
    "laborum",
    "veniam",
    "consequat",
    "consequat"
  ],
  "friends": [
    {
      "id": 0,
      "name": "Corrine Solis"
    },
    {
      "id": 1,
      "name": "Moses Anderson"
    },
    {
      "id": 2,
      "name": "Morrison Glass"
    }
  ],
  "greeting": "Hello, Rebecca Valenzuela! You have 7 unread messages.",
  "favoriteFruit": "apple",
  "location": {
    "latitude": -73.227513,
    "longitude": 147.069027
  },
  "docFormat": "json",
  "triples": [
    {
      "triple": {
        "subject": "/sample-data/data-2827.json",
        "predicate": "http://www.w3.org/2000/01/rdf-schema#label",
        "object": "Rebecca Valenzuela"
      }
    },
    {
      "triple": {
        "subject": "/sample-data/data-2827.json",
        "predicate": "http://www.w3.org/1999/02/22-rdf-syntax-ns#type",
        "object": "http://xmlns.com/foaf/0.1/Person"
      }
    },
    {
      "triple": {
        "subject": "/sample-data/data-2827.json",
        "predicate": "http://xmlns.com/foaf/0.1/knows",
        "object": "/sample-data/data-1058.json"
      }
    },
    {
      "triple": {
        "subject": "/sample-data/data-2827.json",
        "predicate": "http://xmlns.com/foaf/0.1/knows",
        "object": "/sample-data/data-2117.json"
      }
    },
    {
      "triple": {
        "subject": "/sample-data/data-2827.json",
        "predicate": "http://xmlns.com/foaf/0.1/knows",
        "object": "/sample-data/data-2914.json"
      }
    }
  ]
}