{
  "_id": "55ee5e98f78e721ef3dbfe3f",
  "index": 2000,
  "guid": "20b2e877-465b-411c-9a84-b945941b5729",
  "isActive": false,
  "balance": "$2,978.31",
  "picture": "http://placehold.it/32x32",
  "age": 31,
  "eyeColor": "amethyst",
  "name": "Malone Barlow",
  "gender": "male",
  "company": "SYNTAC",
  "email": "malonebarlow@syntac.com",
  "phone": "+1 (860) 405-3633",
  "address": "492 Irving Street, Faxon, Utah, 3989",
  "about": "Dolor proident cupidatat excepteur enim deserunt. Incididunt irure anim tempor occaecat elit qui ullamco cupidatat esse qui anim. Nulla deserunt ex sint aliquip officia cupidatat labore exercitation laboris non veniam nostrud elit. Laborum mollit Lorem consectetur magna ad non fugiat ad veniam sunt qui.\r\n",
  "registered": "2015-08-05T06:51:08-07:00",
  "tags": [
    "qui",
    "nostrud",
    "nulla",
    "nostrud",
    "velit",
    "aliquip",
    "dolore"
  ],
  "friends": [
    {
      "id": 0,
      "name": "Conway Clay"
    },
    {
      "id": 1,
      "name": "Bean Acevedo"
    },
    {
      "id": 2,
      "name": "Richardson Parker"
    }
  ],
  "greeting": "Hello, Malone Barlow! You have 3 unread messages.",
  "favoriteFruit": "strawberry",
  "location": {
    "latitude": 54.557163,
    "longitude": 139.783025
  },
  "docFormat": "json",
  "triples": [
    {
      "triple": {
        "subject": "/sample-data/data-2000.json",
        "predicate": "http://www.w3.org/2000/01/rdf-schema#label",
        "object": "Malone Barlow"
      }
    },
    {
      "triple": {
        "subject": "/sample-data/data-2000.json",
        "predicate": "http://www.w3.org/1999/02/22-rdf-syntax-ns#type",
        "object": "http://xmlns.com/foaf/0.1/Person"
      }
    },
    {
      "triple": {
        "subject": "/sample-data/data-2000.json",
        "predicate": "http://xmlns.com/foaf/0.1/knows",
        "object": "/sample-data/data-31.json"
      }
    },
    {
      "triple": {
        "subject": "/sample-data/data-2000.json",
        "predicate": "http://xmlns.com/foaf/0.1/knows",
        "object": "/sample-data/data-1397.json"
      }
    },
    {
      "triple": {
        "subject": "/sample-data/data-2000.json",
        "predicate": "http://xmlns.com/foaf/0.1/knows",
        "object": "/sample-data/data-1236.json"
      }
    }
  ]
}