{
  "_id": "55ee5e45b3371b3c2bee24f4",
  "index": 1932,
  "guid": "862d64cf-2427-455a-bc5c-8378311971d9",
  "isActive": false,
  "balance": "$14,752.88",
  "picture": "http://placehold.it/32x32",
  "age": 54,
  "eyeColor": "brown",
  "name": "Kerri Cox",
  "gender": "female",
  "company": "OTHERSIDE",
  "email": "kerricox@otherside.com",
  "phone": "+1 (952) 512-3922",
  "address": "466 Richardson Street, Jardine, Alaska, 8361",
  "about": "Id fugiat pariatur nulla veniam elit velit fugiat esse cupidatat adipisicing do ipsum velit. Eu veniam esse amet culpa pariatur sit cupidatat sint. Cupidatat culpa in consequat dolore anim dolor duis aliquip eu dolor enim incididunt ut nisi. Duis veniam ea id aliquip non ad consequat qui minim nulla est. Cillum et occaecat reprehenderit ipsum et ex nulla labore reprehenderit reprehenderit consequat laboris consectetur.\r\n",
  "registered": "2015-05-15T12:07:38-07:00",
  "tags": [
    "non",
    "velit",
    "fugiat",
    "labore",
    "do",
    "nisi",
    "veniam"
  ],
  "friends": [
    {
      "id": 0,
      "name": "Mara Stuart"
    },
    {
      "id": 1,
      "name": "Shaw Stanley"
    },
    {
      "id": 2,
      "name": "Carrie Chang"
    }
  ],
  "greeting": "Hello, Kerri Cox! You have 5 unread messages.",
  "favoriteFruit": "orange",
  "location": {
    "latitude": 74.217214,
    "longitude": -132.545065
  },
  "docFormat": "json",
  "triples": [
    {
      "triple": {
        "subject": "/sample-data/data-1932.json",
        "predicate": "http://www.w3.org/2000/01/rdf-schema#label",
        "object": "Kerri Cox"
      }
    },
    {
      "triple": {
        "subject": "/sample-data/data-1932.json",
        "predicate": "http://www.w3.org/1999/02/22-rdf-syntax-ns#type",
        "object": "http://xmlns.com/foaf/0.1/Person"
      }
    },
    {
      "triple": {
        "subject": "/sample-data/data-1932.json",
        "predicate": "http://xmlns.com/foaf/0.1/knows",
        "object": "/sample-data/data-2492.json"
      }
    },
    {
      "triple": {
        "subject": "/sample-data/data-1932.json",
        "predicate": "http://xmlns.com/foaf/0.1/knows",
        "object": "/sample-data/data-944.json"
      }
    },
    {
      "triple": {
        "subject": "/sample-data/data-1932.json",
        "predicate": "http://xmlns.com/foaf/0.1/knows",
        "object": "/sample-data/data-815.json"
      }
    }
  ]
}