{
  "_id": "55ee5e44c98c8532a33567fe",
  "index": 537,
  "guid": "95185b8c-02bc-41b2-a98a-18389b076b39",
  "isActive": false,
  "balance": "$29,359.90",
  "picture": "http://placehold.it/32x32",
  "age": 60,
  "eyeColor": "brown",
  "name": "West Vargas",
  "gender": "male",
  "company": "QUAILCOM",
  "email": "westvargas@quailcom.com",
  "phone": "+1 (920) 564-2922",
  "address": "868 Varet Street, Waterford, South Dakota, 2009",
  "about": "Anim voluptate ullamco eiusmod nostrud reprehenderit esse reprehenderit deserunt minim cupidatat. Nulla cupidatat in veniam laboris ut mollit culpa. Ex qui exercitation est enim.\r\n",
  "registered": "2014-08-16T08:49:26-07:00",
  "tags": [
    "ut",
    "eu",
    "aliquip",
    "mollit",
    "esse",
    "proident",
    "fugiat"
  ],
  "friends": [
    {
      "id": 0,
      "name": "Maura Gould"
    },
    {
      "id": 1,
      "name": "Jocelyn Gibson"
    },
    {
      "id": 2,
      "name": "Angelita Calderon"
    }
  ],
  "greeting": "Hello, West Vargas! You have 10 unread messages.",
  "favoriteFruit": "orange",
  "location": {
    "latitude": -47.491537,
    "longitude": 106.764216
  },
  "docFormat": "json",
  "triples": [
    {
      "triple": {
        "subject": "/sample-data/data-537.json",
        "predicate": "http://www.w3.org/2000/01/rdf-schema#label",
        "object": "West Vargas"
      }
    },
    {
      "triple": {
        "subject": "/sample-data/data-537.json",
        "predicate": "http://www.w3.org/1999/02/22-rdf-syntax-ns#type",
        "object": "http://xmlns.com/foaf/0.1/Person"
      }
    },
    {
      "triple": {
        "subject": "/sample-data/data-537.json",
        "predicate": "http://xmlns.com/foaf/0.1/knows",
        "object": "/sample-data/data-2363.json"
      }
    },
    {
      "triple": {
        "subject": "/sample-data/data-537.json",
        "predicate": "http://xmlns.com/foaf/0.1/knows",
        "object": "/sample-data/data-2430.json"
      }
    },
    {
      "triple": {
        "subject": "/sample-data/data-537.json",
        "predicate": "http://xmlns.com/foaf/0.1/knows",
        "object": "/sample-data/data-985.json"
      }
    }
  ]
}