{
  "_id": "55ee5e98d9b0f0ffe9649034",
  "index": 2186,
  "guid": "f88766b0-bb1d-45c1-a589-7f7689b6643d",
  "isActive": false,
  "balance": "$97,943.08",
  "picture": "http://placehold.it/32x32",
  "age": 37,
  "eyeColor": "blue",
  "name": "Terrell Lowery",
  "gender": "male",
  "company": "BRAINQUIL",
  "email": "terrelllowery@brainquil.com",
  "phone": "+1 (960) 565-2084",
  "address": "549 Little Street, Veguita, New Jersey, 4362",
  "about": "Eu ipsum reprehenderit ut consequat ea velit reprehenderit et laborum aliqua sint culpa. Nulla culpa culpa do reprehenderit consectetur adipisicing reprehenderit anim dolor duis est laboris tempor. Aliquip non sunt cillum do exercitation culpa in elit. Commodo sint elit est dolore amet duis consequat adipisicing aliqua commodo.\r\n",
  "registered": "2014-04-02T08:46:31-07:00",
  "tags": [
    "ex",
    "et",
    "voluptate",
    "deserunt",
    "aliquip",
    "in",
    "ex"
  ],
  "friends": [
    {
      "id": 0,
      "name": "Lancaster Burgess"
    },
    {
      "id": 1,
      "name": "Vance Carpenter"
    },
    {
      "id": 2,
      "name": "Perkins Payne"
    }
  ],
  "greeting": "Hello, Terrell Lowery! You have 6 unread messages.",
  "favoriteFruit": "orange",
  "location": {
    "latitude": -49.720243,
    "longitude": 42.020807
  },
  "docFormat": "json",
  "triples": [
    {
      "triple": {
        "subject": "/sample-data/data-2186.json",
        "predicate": "http://www.w3.org/2000/01/rdf-schema#label",
        "object": "Terrell Lowery"
      }
    },
    {
      "triple": {
        "subject": "/sample-data/data-2186.json",
        "predicate": "http://www.w3.org/1999/02/22-rdf-syntax-ns#type",
        "object": "http://xmlns.com/foaf/0.1/Person"
      }
    },
    {
      "triple": {
        "subject": "/sample-data/data-2186.json",
        "predicate": "http://xmlns.com/foaf/0.1/knows",
        "object": "/sample-data/data-74.json"
      }
    },
    {
      "triple": {
        "subject": "/sample-data/data-2186.json",
        "predicate": "http://xmlns.com/foaf/0.1/knows",
        "object": "/sample-data/data-1561.json"
      }
    },
    {
      "triple": {
        "subject": "/sample-data/data-2186.json",
        "predicate": "http://xmlns.com/foaf/0.1/knows",
        "object": "/sample-data/data-1673.json"
      }
    }
  ]
}