{
  "_id": "55ee5e4569f06ea4b108ac63",
  "index": 1861,
  "guid": "eec536ee-00a7-442b-89f3-d2508b4ae1bf",
  "isActive": true,
  "balance": "$76,598.25",
  "picture": "http://placehold.it/32x32",
  "age": 24,
  "eyeColor": "blue",
  "name": "Sexton Alexander",
  "gender": "male",
  "company": "EXERTA",
  "email": "sextonalexander@exerta.com",
  "phone": "+1 (870) 409-2375",
  "address": "878 Utica Avenue, Yonah, Ohio, 3606",
  "about": "Culpa aliquip aute quis ad occaecat est. Exercitation eu occaecat exercitation nisi magna pariatur incididunt ipsum exercitation amet. Excepteur incididunt sit qui qui id aliquip deserunt esse laborum exercitation magna sint proident. Non dolore est dolore ex elit excepteur voluptate. Laboris mollit consequat pariatur cillum ut ut esse officia tempor quis sunt. Ex laborum sit voluptate cupidatat mollit amet sunt incididunt do proident nulla ea. Cupidatat occaecat laborum minim labore exercitation occaecat proident.\r\n",
  "registered": "2014-11-02T10:10:29-07:00",
  "tags": [
    "nostrud",
    "aute",
    "culpa",
    "cupidatat",
    "sint",
    "officia",
    "aliqua"
  ],
  "friends": [
    {
      "id": 0,
      "name": "Maricela Livingston"
    },
    {
      "id": 1,
      "name": "Luz Sutton"
    },
    {
      "id": 2,
      "name": "June Wall"
    }
  ],
  "greeting": "Hello, Sexton Alexander! You have 5 unread messages.",
  "favoriteFruit": "orange",
  "location": {
    "latitude": -68.008852,
    "longitude": 77.468516
  },
  "docFormat": "json",
  "triples": [
    {
      "triple": {
        "subject": "/sample-data/data-1861.json",
        "predicate": "http://www.w3.org/2000/01/rdf-schema#label",
        "object": "Sexton Alexander"
      }
    },
    {
      "triple": {
        "subject": "/sample-data/data-1861.json",
        "predicate": "http://www.w3.org/1999/02/22-rdf-syntax-ns#type",
        "object": "http://xmlns.com/foaf/0.1/Person"
      }
    },
    {
      "triple": {
        "subject": "/sample-data/data-1861.json",
        "predicate": "http://xmlns.com/foaf/0.1/knows",
        "object": "/sample-data/data-2626.json"
      }
    },
    {
      "triple": {
        "subject": "/sample-data/data-1861.json",
        "predicate": "http://xmlns.com/foaf/0.1/knows",
        "object": "/sample-data/data-671.json"
      }
    },
    {
      "triple": {
        "subject": "/sample-data/data-1861.json",
        "predicate": "http://xmlns.com/foaf/0.1/knows",
        "object": "/sample-data/data-501.json"
      }
    }
  ]
}