{
  "_id": "55ee5e98b5b02338d5d13768",
  "index": 2734,
  "guid": "194c509e-0c61-40de-9c9d-5b45d50780a3",
  "isActive": true,
  "balance": "$18,657.30",
  "picture": "http://placehold.it/32x32",
  "age": 58,
  "eyeColor": "hazel",
  "name": "Yang Alvarez",
  "gender": "male",
  "company": "KLUGGER",
  "email": "yangalvarez@klugger.com",
  "phone": "+1 (832) 460-3327",
  "address": "122 Jackson Place, Linwood, Montana, 5259",
  "about": "Elit reprehenderit reprehenderit ea laboris voluptate amet exercitation do consectetur in enim ad labore. Occaecat nulla culpa sunt nostrud officia amet sint commodo eu. Irure qui commodo nulla non enim Lorem adipisicing ut mollit irure aliqua occaecat nulla voluptate. Aliquip consectetur consequat cillum sint culpa magna esse qui enim excepteur labore non. Amet exercitation consequat eiusmod quis exercitation. Laboris proident qui labore amet officia cillum pariatur dolore sit velit. Ex sint reprehenderit anim magna consectetur laboris amet aliquip consectetur non.\r\n",
  "registered": "2014-04-27T01:16:06-07:00",
  "tags": [
    "qui",
    "laboris",
    "cillum",
    "aliquip",
    "magna",
    "magna",
    "Lorem"
  ],
  "friends": [
    {
      "id": 0,
      "name": "Haley Graves"
    },
    {
      "id": 1,
      "name": "Whitney Colon"
    },
    {
      "id": 2,
      "name": "Ramos Ray"
    }
  ],
  "greeting": "Hello, Yang Alvarez! You have 9 unread messages.",
  "favoriteFruit": "pear",
  "location": {
    "latitude": -20.936886,
    "longitude": 123.513018
  },
  "docFormat": "json",
  "triples": [
    {
      "triple": {
        "subject": "/sample-data/data-2734.json",
        "predicate": "http://www.w3.org/2000/01/rdf-schema#label",
        "object": "Yang Alvarez"
      }
    },
    {
      "triple": {
        "subject": "/sample-data/data-2734.json",
        "predicate": "http://www.w3.org/1999/02/22-rdf-syntax-ns#type",
        "object": "http://xmlns.com/foaf/0.1/Person"
      }
    },
    {
      "triple": {
        "subject": "/sample-data/data-2734.json",
        "predicate": "http://xmlns.com/foaf/0.1/knows",
        "object": "/sample-data/data-159.json"
      }
    },
    {
      "triple": {
        "subject": "/sample-data/data-2734.json",
        "predicate": "http://xmlns.com/foaf/0.1/knows",
        "object": "/sample-data/data-1513.json"
      }
    },
    {
      "triple": {
        "subject": "/sample-data/data-2734.json",
        "predicate": "http://xmlns.com/foaf/0.1/knows",
        "object": "/sample-data/data-1409.json"
      }
    }
  ]
}