{
  "_id": "55ee5e448a555645fb943e9a",
  "index": 384,
  "guid": "41d3c067-2b64-4ed2-b259-919cc905ca61",
  "isActive": false,
  "balance": "$25,887.70",
  "picture": "http://placehold.it/32x32",
  "age": 52,
  "eyeColor": "green",
  "name": "Pena Fuller",
  "gender": "male",
  "company": "ELECTONIC",
  "email": "penafuller@electonic.com",
  "phone": "+1 (843) 496-3935",
  "address": "826 Putnam Avenue, Robbins, Nebraska, 7503",
  "about": "Minim culpa id eu reprehenderit nulla fugiat dolore sunt aute sint. Veniam nulla qui mollit enim. Nostrud ullamco aute non elit et cupidatat ipsum.\r\n",
  "registered": "2015-06-21T04:32:01-07:00",
  "tags": [
    "cupidatat",
    "dolor",
    "commodo",
    "dolor",
    "dolor",
    "officia",
    "qui"
  ],
  "friends": [
    {
      "id": 0,
      "name": "Bradley Pope"
    },
    {
      "id": 1,
      "name": "Meyer Baxter"
    },
    {
      "id": 2,
      "name": "Christian Tate"
    }
  ],
  "greeting": "Hello, Pena Fuller! You have 10 unread messages.",
  "favoriteFruit": "apple",
  "location": {
    "latitude": 21.753135,
    "longitude": -123.069731
  },
  "docFormat": "json",
  "triples": [
    {
      "triple": {
        "subject": "/sample-data/data-384.json",
        "predicate": "http://www.w3.org/2000/01/rdf-schema#label",
        "object": "Pena Fuller"
      }
    },
    {
      "triple": {
        "subject": "/sample-data/data-384.json",
        "predicate": "http://www.w3.org/1999/02/22-rdf-syntax-ns#type",
        "object": "http://xmlns.com/foaf/0.1/Person"
      }
    },
    {
      "triple": {
        "subject": "/sample-data/data-384.json",
        "predicate": "http://xmlns.com/foaf/0.1/knows",
        "object": "/sample-data/data-2689.json"
      }
    },
    {
      "triple": {
        "subject": "/sample-data/data-384.json",
        "predicate": "http://xmlns.com/foaf/0.1/knows",
        "object": "/sample-data/data-2417.json"
      }
    },
    {
      "triple": {
        "subject": "/sample-data/data-384.json",
        "predicate": "http://xmlns.com/foaf/0.1/knows",
        "object": "/sample-data/data-1543.json"
      }
    }
  ]
}