{
  "_id": "55ee5e44b7281129e2ab232f",
  "index": 93,
  "guid": "5f22b028-8810-4254-8965-0382352c10e1",
  "isActive": false,
  "balance": "$20,254.25",
  "picture": "http://placehold.it/32x32",
  "age": 44,
  "eyeColor": "blue",
  "name": "Flossie Goodman",
  "gender": "female",
  "company": "BEDLAM",
  "email": "flossiegoodman@bedlam.com",
  "phone": "+1 (998) 533-3310",
  "address": "357 Division Avenue, Rote, Rhode Island, 2627",
  "about": "Velit laboris ipsum quis nisi anim cupidatat aliqua. Excepteur eu nostrud magna sit veniam incididunt magna id laboris. Velit duis fugiat sit aute amet velit labore nisi mollit do elit amet dolore mollit. Culpa ad qui culpa tempor voluptate dolor eiusmod tempor sit sint.\r\n",
  "registered": "2014-02-24T12:01:05-07:00",
  "tags": [
    "quis",
    "anim",
    "enim",
    "anim",
    "ea",
    "proident",
    "proident"
  ],
  "friends": [
    {
      "id": 0,
      "name": "Byrd Pate"
    },
    {
      "id": 1,
      "name": "Burch Day"
    },
    {
      "id": 2,
      "name": "Rivers Parks"
    }
  ],
  "greeting": "Hello, Flossie Goodman! You have 9 unread messages.",
  "favoriteFruit": "banana",
  "location": {
    "latitude": 42.291308,
    "longitude": 174.562441
  },
  "docFormat": "json",
  "triples": [
    {
      "triple": {
        "subject": "/sample-data/data-93.json",
        "predicate": "http://www.w3.org/2000/01/rdf-schema#label",
        "object": "Flossie Goodman"
      }
    },
    {
      "triple": {
        "subject": "/sample-data/data-93.json",
        "predicate": "http://www.w3.org/1999/02/22-rdf-syntax-ns#type",
        "object": "http://xmlns.com/foaf/0.1/Person"
      }
    },
    {
      "triple": {
        "subject": "/sample-data/data-93.json",
        "predicate": "http://xmlns.com/foaf/0.1/knows",
        "object": "/sample-data/data-583.json"
      }
    },
    {
      "triple": {
        "subject": "/sample-data/data-93.json",
        "predicate": "http://xmlns.com/foaf/0.1/knows",
        "object": "/sample-data/data-295.json"
      }
    },
    {
      "triple": {
        "subject": "/sample-data/data-93.json",
        "predicate": "http://xmlns.com/foaf/0.1/knows",
        "object": "/sample-data/data-2758.json"
      }
    }
  ]
}