{
  "_id": "55ee5e44dcfdf830cf67e289",
  "index": 202,
  "guid": "0e7bd15f-b8a4-463a-9441-eedc8da5b8bc",
  "isActive": true,
  "balance": "$59,866.52",
  "picture": "http://placehold.it/32x32",
  "age": 70,
  "eyeColor": "brown",
  "name": "Maynard Cleveland",
  "gender": "male",
  "company": "JASPER",
  "email": "maynardcleveland@jasper.com",
  "phone": "+1 (910) 543-3788",
  "address": "740 Louisa Street, Grapeview, Colorado, 6106",
  "about": "Consectetur eu duis qui ut mollit nisi esse sunt cillum esse labore adipisicing ipsum dolore. Do est labore voluptate reprehenderit pariatur mollit ipsum quis mollit nostrud. Quis commodo sit laborum laborum magna voluptate in enim officia dolore eiusmod.\r\n",
  "registered": "2014-03-01T03:48:35-07:00",
  "tags": [
    "reprehenderit",
    "excepteur",
    "esse",
    "deserunt",
    "sunt",
    "nostrud",
    "laboris"
  ],
  "friends": [
    {
      "id": 0,
      "name": "Sara Frazier"
    },
    {
      "id": 1,
      "name": "Gibson Bray"
    },
    {
      "id": 2,
      "name": "Summers Mueller"
    }
  ],
  "greeting": "Hello, Maynard Cleveland! You have 2 unread messages.",
  "favoriteFruit": "apple",
  "location": {
    "latitude": 22.215406,
    "longitude": -120.743637
  },
  "docFormat": "json",
  "triples": [
    {
      "triple": {
        "subject": "/sample-data/data-202.json",
        "predicate": "http://www.w3.org/2000/01/rdf-schema#label",
        "object": "Maynard Cleveland"
      }
    },
    {
      "triple": {
        "subject": "/sample-data/data-202.json",
        "predicate": "http://www.w3.org/1999/02/22-rdf-syntax-ns#type",
        "object": "http://xmlns.com/foaf/0.1/Person"
      }
    },
    {
      "triple": {
        "subject": "/sample-data/data-202.json",
        "predicate": "http://xmlns.com/foaf/0.1/knows",
        "object": "/sample-data/data-211.json"
      }
    },
    {
      "triple": {
        "subject": "/sample-data/data-202.json",
        "predicate": "http://xmlns.com/foaf/0.1/knows",
        "object": "/sample-data/data-2973.json"
      }
    },
    {
      "triple": {
        "subject": "/sample-data/data-202.json",
        "predicate": "http://xmlns.com/foaf/0.1/knows",
        "object": "/sample-data/data-1285.json"
      }
    }
  ]
}