{
  "_id": "55ee5e98513033bc9257f2ac",
  "index": 2578,
  "guid": "1a06a072-46cf-424e-812b-9ca4c593f6ff",
  "isActive": false,
  "balance": "$96,927.30",
  "picture": "http://placehold.it/32x32",
  "age": 32,
  "eyeColor": "amethyst",
  "name": "Mcguire Glass",
  "gender": "male",
  "company": "HELIXO",
  "email": "mcguireglass@helixo.com",
  "phone": "+1 (833) 573-2325",
  "address": "728 Whitty Lane, Bangor, Tennessee, 3058",
  "about": "Sit non ad occaecat esse culpa aliqua ex enim aliqua dolor pariatur. Laboris ipsum anim incididunt excepteur ut laboris culpa ut esse est et. Sint culpa Lorem exercitation cillum ea labore.\r\n",
  "registered": "2014-12-28T12:48:41-07:00",
  "tags": [
    "Lorem",
    "aute",
    "aliquip",
    "adipisicing",
    "et",
    "pariatur",
    "tempor"
  ],
  "friends": [
    {
      "id": 0,
      "name": "Jodi Paul"
    },
    {
      "id": 1,
      "name": "Barrera Rutledge"
    },
    {
      "id": 2,
      "name": "Hays Franks"
    }
  ],
  "greeting": "Hello, Mcguire Glass! You have 4 unread messages.",
  "favoriteFruit": "strawberry",
  "location": {
    "latitude": -10.35275,
    "longitude": 170.707536
  },
  "docFormat": "json",
  "triples": [
    {
      "triple": {
        "subject": "/sample-data/data-2578.json",
        "predicate": "http://www.w3.org/2000/01/rdf-schema#label",
        "object": "Mcguire Glass"
      }
    },
    {
      "triple": {
        "subject": "/sample-data/data-2578.json",
        "predicate": "http://www.w3.org/1999/02/22-rdf-syntax-ns#type",
        "object": "http://xmlns.com/foaf/0.1/Person"
      }
    },
    {
      "triple": {
        "subject": "/sample-data/data-2578.json",
        "predicate": "http://xmlns.com/foaf/0.1/knows",
        "object": "/sample-data/data-1916.json"
      }
    },
    {
      "triple": {
        "subject": "/sample-data/data-2578.json",
        "predicate": "http://xmlns.com/foaf/0.1/knows",
        "object": "/sample-data/data-584.json"
      }
    },
    {
      "triple": {
        "subject": "/sample-data/data-2578.json",
        "predicate": "http://xmlns.com/foaf/0.1/knows",
        "object": "/sample-data/data-1059.json"
      }
    }
  ]
}