{
  "_id": "55ee5e45a742afeb84440197",
  "index": 1820,
  "guid": "7994f61f-70b1-41a5-8ea0-56bd5a6aa716",
  "isActive": false,
  "balance": "$34,905.68",
  "picture": "http://placehold.it/32x32",
  "age": 60,
  "eyeColor": "blue",
  "name": "Nichole Castro",
  "gender": "female",
  "company": "RADIANTIX",
  "email": "nicholecastro@radiantix.com",
  "phone": "+1 (923) 414-3618",
  "address": "925 Pacific Street, Boonville, Federated States Of Micronesia, 6692",
  "about": "Qui do deserunt aliquip veniam id. Dolore cillum enim deserunt sint aute in velit tempor deserunt in qui et quis deserunt. Mollit proident aliqua sint dolor. Ad qui occaecat et et consequat ad laborum id mollit tempor magna deserunt. In duis dolor Lorem irure consequat minim.\r\n",
  "registered": "2015-01-09T05:19:16-07:00",
  "tags": [
    "magna",
    "in",
    "aute",
    "quis",
    "duis",
    "irure",
    "culpa"
  ],
  "friends": [
    {
      "id": 0,
      "name": "Harding Elliott"
    },
    {
      "id": 1,
      "name": "Helen Moss"
    },
    {
      "id": 2,
      "name": "Ford Knapp"
    }
  ],
  "greeting": "Hello, Nichole Castro! You have 5 unread messages.",
  "favoriteFruit": "orange",
  "location": {
    "latitude": -63.693557,
    "longitude": 162.962745
  },
  "docFormat": "json",
  "triples": [
    {
      "triple": {
        "subject": "/sample-data/data-1820.json",
        "predicate": "http://www.w3.org/2000/01/rdf-schema#label",
        "object": "Nichole Castro"
      }
    },
    {
      "triple": {
        "subject": "/sample-data/data-1820.json",
        "predicate": "http://www.w3.org/1999/02/22-rdf-syntax-ns#type",
        "object": "http://xmlns.com/foaf/0.1/Person"
      }
    },
    {
      "triple": {
        "subject": "/sample-data/data-1820.json",
        "predicate": "http://xmlns.com/foaf/0.1/knows",
        "object": "/sample-data/data-292.json"
      }
    },
    {
      "triple": {
        "subject": "/sample-data/data-1820.json",
        "predicate": "http://xmlns.com/foaf/0.1/knows",
        "object": "/sample-data/data-1831.json"
      }
    },
    {
      "triple": {
        "subject": "/sample-data/data-1820.json",
        "predicate": "http://xmlns.com/foaf/0.1/knows",
        "object": "/sample-data/data-1147.json"
      }
    }
  ]
}