{
  "_id": "55ee5e984700d43c53191f7e",
  "index": 2021,
  "guid": "24d96c20-387b-4951-8439-2bf5129f91f9",
  "isActive": true,
  "balance": "$33,071.61",
  "picture": "http://placehold.it/32x32",
  "age": 65,
  "eyeColor": "blue",
  "name": "Traci Beasley",
  "gender": "female",
  "company": "COMVENE",
  "email": "tracibeasley@comvene.com",
  "phone": "+1 (986) 400-2583",
  "address": "610 Chester Avenue, Cumberland, District Of Columbia, 5686",
  "about": "Sint enim do qui consectetur est sunt non cillum enim veniam ex nisi reprehenderit. Minim Lorem elit fugiat tempor esse exercitation eiusmod proident dolor aliquip do culpa voluptate exercitation. Cillum excepteur sint sint cupidatat quis labore aliquip fugiat dolor occaecat qui. Dolor adipisicing elit exercitation dolor velit nisi aute pariatur. Velit nisi adipisicing culpa non ea eiusmod magna in eu. Eu minim ad laboris quis ullamco consectetur. Laboris eiusmod voluptate fugiat velit consequat officia incididunt.\r\n",
  "registered": "2015-07-04T05:26:01-07:00",
  "tags": [
    "minim",
    "esse",
    "nulla",
    "culpa",
    "aute",
    "incididunt",
    "mollit"
  ],
  "friends": [
    {
      "id": 0,
      "name": "Noemi Dunlap"
    },
    {
      "id": 1,
      "name": "Crane Chambers"
    },
    {
      "id": 2,
      "name": "Hodges Aguirre"
    }
  ],
  "greeting": "Hello, Traci Beasley! You have 10 unread messages.",
  "favoriteFruit": "orange",
  "location": {
    "latitude": -30.16352,
    "longitude": 52.947227
  },
  "docFormat": "json",
  "triples": [
    {
      "triple": {
        "subject": "/sample-data/data-2021.json",
        "predicate": "http://www.w3.org/2000/01/rdf-schema#label",
        "object": "Traci Beasley"
      }
    },
    {
      "triple": {
        "subject": "/sample-data/data-2021.json",
        "predicate": "http://www.w3.org/1999/02/22-rdf-syntax-ns#type",
        "object": "http://xmlns.com/foaf/0.1/Person"
      }
    },
    {
      "triple": {
        "subject": "/sample-data/data-2021.json",
        "predicate": "http://xmlns.com/foaf/0.1/knows",
        "object": "/sample-data/data-2889.json"
      }
    },
    {
      "triple": {
        "subject": "/sample-data/data-2021.json",
        "predicate": "http://xmlns.com/foaf/0.1/knows",
        "object": "/sample-data/data-1960.json"
      }
    },
    {
      "triple": {
        "subject": "/sample-data/data-2021.json",
        "predicate": "http://xmlns.com/foaf/0.1/knows",
        "object": "/sample-data/data-911.json"
      }
    }
  ]
}