{
  "_id": "55ee5e98b04a8c999253b426",
  "index": 2630,
  "guid": "74f9f90f-5f17-4951-a7aa-c2b769036996",
  "isActive": true,
  "balance": "$24,315.75",
  "picture": "http://placehold.it/32x32",
  "age": 35,
  "eyeColor": "hazel",
  "name": "Bray Ayers",
  "gender": "male",
  "company": "HAWKSTER",
  "email": "brayayers@hawkster.com",
  "phone": "+1 (836) 523-2720",
  "address": "711 Suydam Street, Davenport, South Dakota, 7880",
  "about": "Labore deserunt officia aliquip veniam laboris adipisicing velit sint. Culpa ex amet labore ea commodo sint aute velit magna laboris. Cillum consectetur Lorem voluptate veniam elit. Ullamco esse pariatur voluptate nisi sint sunt. Nisi eiusmod consequat dolore officia. Quis nulla eu anim voluptate amet mollit do consectetur magna ipsum anim. Occaecat Lorem in enim officia ea reprehenderit dolore qui non qui et commodo nisi fugiat.\r\n",
  "registered": "2015-05-29T01:42:39-07:00",
  "tags": [
    "nisi",
    "do",
    "excepteur",
    "ipsum",
    "Lorem",
    "irure",
    "pariatur"
  ],
  "friends": [
    {
      "id": 0,
      "name": "Medina Nash"
    },
    {
      "id": 1,
      "name": "Perez Fletcher"
    },
    {
      "id": 2,
      "name": "Odom Carey"
    }
  ],
  "greeting": "Hello, Bray Ayers! You have 10 unread messages.",
  "favoriteFruit": "pear",
  "location": {
    "latitude": -68.214704,
    "longitude": -117.250655
  },
  "docFormat": "json",
  "triples": [
    {
      "triple": {
        "subject": "/sample-data/data-2630.json",
        "predicate": "http://www.w3.org/2000/01/rdf-schema#label",
        "object": "Bray Ayers"
      }
    },
    {
      "triple": {
        "subject": "/sample-data/data-2630.json",
        "predicate": "http://www.w3.org/1999/02/22-rdf-syntax-ns#type",
        "object": "http://xmlns.com/foaf/0.1/Person"
      }
    },
    {
      "triple": {
        "subject": "/sample-data/data-2630.json",
        "predicate": "http://xmlns.com/foaf/0.1/knows",
        "object": "/sample-data/data-1977.json"
      }
    },
    {
      "triple": {
        "subject": "/sample-data/data-2630.json",
        "predicate": "http://xmlns.com/foaf/0.1/knows",
        "object": "/sample-data/data-2577.json"
      }
    },
    {
      "triple": {
        "subject": "/sample-data/data-2630.json",
        "predicate": "http://xmlns.com/foaf/0.1/knows",
        "object": "/sample-data/data-454.json"
      }
    }
  ]
}