{
  "_id": "55ee5e45d32802e3116f1e7f",
  "index": 1837,
  "guid": "58006760-65c4-4e99-aeb6-f95a55630e3e",
  "isActive": false,
  "balance": "$17,000.92",
  "picture": "http://placehold.it/32x32",
  "age": 26,
  "eyeColor": "blue",
  "name": "Foreman Rios",
  "gender": "male",
  "company": "VURBO",
  "email": "foremanrios@vurbo.com",
  "phone": "+1 (807) 591-3262",
  "address": "691 Virginia Place, Ruffin, Puerto Rico, 8173",
  "about": "Quis adipisicing non et laborum pariatur ea est nostrud eiusmod. Exercitation ea Lorem incididunt in dolor aute anim ad irure. Sit ad qui quis nostrud enim reprehenderit esse nostrud proident. Occaecat dolore commodo consequat ad dolor dolore cupidatat eiusmod duis elit consectetur id labore. Do occaecat qui est duis eiusmod eu nulla culpa et in. Voluptate quis et quis occaecat et ut deserunt velit laboris esse commodo enim. Id officia incididunt magna et.\r\n",
  "registered": "2015-01-23T09:12:45-07:00",
  "tags": [
    "qui",
    "magna",
    "voluptate",
    "do",
    "qui",
    "ex",
    "eu"
  ],
  "friends": [
    {
      "id": 0,
      "name": "Geraldine Logan"
    },
    {
      "id": 1,
      "name": "Earline Ayers"
    },
    {
      "id": 2,
      "name": "Fuller Barnett"
    }
  ],
  "greeting": "Hello, Foreman Rios! You have 6 unread messages.",
  "favoriteFruit": "orange",
  "location": {
    "latitude": -23.882708,
    "longitude": 95.296617
  },
  "docFormat": "json",
  "triples": [
    {
      "triple": {
        "subject": "/sample-data/data-1837.json",
        "predicate": "http://www.w3.org/2000/01/rdf-schema#label",
        "object": "Foreman Rios"
      }
    },
    {
      "triple": {
        "subject": "/sample-data/data-1837.json",
        "predicate": "http://www.w3.org/1999/02/22-rdf-syntax-ns#type",
        "object": "http://xmlns.com/foaf/0.1/Person"
      }
    },
    {
      "triple": {
        "subject": "/sample-data/data-1837.json",
        "predicate": "http://xmlns.com/foaf/0.1/knows",
        "object": "/sample-data/data-679.json"
      }
    },
    {
      "triple": {
        "subject": "/sample-data/data-1837.json",
        "predicate": "http://xmlns.com/foaf/0.1/knows",
        "object": "/sample-data/data-2291.json"
      }
    },
    {
      "triple": {
        "subject": "/sample-data/data-1837.json",
        "predicate": "http://xmlns.com/foaf/0.1/knows",
        "object": "/sample-data/data-2884.json"
      }
    }
  ]
}