{
  "_id": "55ee5e44e4ddc7245f7f35c7",
  "index": 599,
  "guid": "c6ec29f4-0e33-4757-9cb1-fe5b734df52c",
  "isActive": false,
  "balance": "$90,936.20",
  "picture": "http://placehold.it/32x32",
  "age": 24,
  "eyeColor": "blue",
  "name": "Solomon Golden",
  "gender": "male",
  "company": "EVIDENDS",
  "email": "solomongolden@evidends.com",
  "phone": "+1 (925) 491-2689",
  "address": "409 Chapel Street, Greenbush, Marshall Islands, 9083",
  "about": "Ad nisi deserunt sunt aute cillum non incididunt. Cillum Lorem sint occaecat cillum aliquip enim cillum voluptate magna. In cupidatat fugiat tempor est mollit non dolore nisi voluptate ipsum ipsum esse proident esse. Consequat consequat dolore enim dolore cillum et in anim. Ut in qui in culpa tempor velit ipsum occaecat nisi id enim. Lorem nulla minim laboris et amet.\r\n",
  "registered": "2014-08-02T04:28:50-07:00",
  "tags": [
    "non",
    "magna",
    "deserunt",
    "labore",
    "pariatur",
    "duis",
    "tempor"
  ],
  "friends": [
    {
      "id": 0,
      "name": "Caldwell Alvarez"
    },
    {
      "id": 1,
      "name": "Rachel Ochoa"
    },
    {
      "id": 2,
      "name": "Jaclyn Cunningham"
    }
  ],
  "greeting": "Hello, Solomon Golden! You have 2 unread messages.",
  "favoriteFruit": "apple",
  "location": {
    "latitude": 42.291439,
    "longitude": -159.821515
  },
  "docFormat": "json",
  "triples": [
    {
      "triple": {
        "subject": "/sample-data/data-599.json",
        "predicate": "http://www.w3.org/2000/01/rdf-schema#label",
        "object": "Solomon Golden"
      }
    },
    {
      "triple": {
        "subject": "/sample-data/data-599.json",
        "predicate": "http://www.w3.org/1999/02/22-rdf-syntax-ns#type",
        "object": "http://xmlns.com/foaf/0.1/Person"
      }
    },
    {
      "triple": {
        "subject": "/sample-data/data-599.json",
        "predicate": "http://xmlns.com/foaf/0.1/knows",
        "object": "/sample-data/data-704.json"
      }
    },
    {
      "triple": {
        "subject": "/sample-data/data-599.json",
        "predicate": "http://xmlns.com/foaf/0.1/knows",
        "object": "/sample-data/data-2486.json"
      }
    },
    {
      "triple": {
        "subject": "/sample-data/data-599.json",
        "predicate": "http://xmlns.com/foaf/0.1/knows",
        "object": "/sample-data/data-1763.json"
      }
    }
  ]
}