{
  "_id": "55ee5e98d415c2760c06d682",
  "index": 2974,
  "guid": "a9644023-3588-4854-a9b3-5f6abce76609",
  "isActive": false,
  "balance": "$27,718.00",
  "picture": "http://placehold.it/32x32",
  "age": 59,
  "eyeColor": "brown",
  "name": "Simone Kennedy",
  "gender": "female",
  "company": "NETUR",
  "email": "simonekennedy@netur.com",
  "phone": "+1 (875) 510-2644",
  "address": "144 Allen Avenue, Edgewater, Ohio, 1759",
  "about": "Est ea commodo reprehenderit excepteur culpa eiusmod in. Ad sunt sunt cupidatat do. Adipisicing nisi laboris qui minim qui sint laboris do id nisi. Commodo qui quis duis cupidatat eiusmod ex non reprehenderit culpa irure sint cillum. Dolor ipsum aliqua est mollit exercitation proident magna.\r\n",
  "registered": "2015-02-26T04:24:48-07:00",
  "tags": [
    "amet",
    "laboris",
    "veniam",
    "aliquip",
    "laborum",
    "sint",
    "elit"
  ],
  "friends": [
    {
      "id": 0,
      "name": "Robert Lane"
    },
    {
      "id": 1,
      "name": "Norris Delaney"
    },
    {
      "id": 2,
      "name": "Macdonald Pitts"
    }
  ],
  "greeting": "Hello, Simone Kennedy! You have 2 unread messages.",
  "favoriteFruit": "banana",
  "location": {
    "latitude": 14.025437,
    "longitude": 154.945215
  },
  "docFormat": "json",
  "triples": [
    {
      "triple": {
        "subject": "/sample-data/data-2974.json",
        "predicate": "http://www.w3.org/2000/01/rdf-schema#label",
        "object": "Simone Kennedy"
      }
    },
    {
      "triple": {
        "subject": "/sample-data/data-2974.json",
        "predicate": "http://www.w3.org/1999/02/22-rdf-syntax-ns#type",
        "object": "http://xmlns.com/foaf/0.1/Person"
      }
    },
    {
      "triple": {
        "subject": "/sample-data/data-2974.json",
        "predicate": "http://xmlns.com/foaf/0.1/knows",
        "object": "/sample-data/data-1795.json"
      }
    },
    {
      "triple": {
        "subject": "/sample-data/data-2974.json",
        "predicate": "http://xmlns.com/foaf/0.1/knows",
        "object": "/sample-data/data-2446.json"
      }
    },
    {
      "triple": {
        "subject": "/sample-data/data-2974.json",
        "predicate": "http://xmlns.com/foaf/0.1/knows",
        "object": "/sample-data/data-2400.json"
      }
    }
  ]
}