{
  "_id": "55ee5e44f277a43bccf41690",
  "index": 330,
  "guid": "7e6596b6-8f3a-453d-a91b-fecf2ce5023a",
  "isActive": true,
  "balance": "$74,321.14",
  "picture": "http://placehold.it/32x32",
  "age": 47,
  "eyeColor": "blue",
  "name": "Virginia Coffey",
  "gender": "female",
  "company": "ZOGAK",
  "email": "virginiacoffey@zogak.com",
  "phone": "+1 (879) 535-2581",
  "address": "925 Tennis Court, Homestead, American Samoa, 1561",
  "about": "Magna pariatur anim dolore anim do in in pariatur et do anim cupidatat. In nisi eu proident sint deserunt nisi labore. Fugiat cillum quis commodo laborum sint minim voluptate. Minim voluptate est laboris ullamco aliqua tempor ex aliquip adipisicing. Incididunt minim labore id anim elit velit aute eu. Laboris aliqua aliquip dolore dolor mollit culpa nostrud qui commodo duis minim ea. Aliquip esse commodo et ex pariatur culpa adipisicing culpa incididunt do ut duis in.\r\n",
  "registered": "2014-08-15T10:28:37-07:00",
  "tags": [
    "aliquip",
    "labore",
    "velit",
    "duis",
    "irure",
    "dolore",
    "fugiat"
  ],
  "friends": [
    {
      "id": 0,
      "name": "Everett Joyce"
    },
    {
      "id": 1,
      "name": "Vicki Stevenson"
    },
    {
      "id": 2,
      "name": "Cathryn Estes"
    }
  ],
  "greeting": "Hello, Virginia Coffey! You have 4 unread messages.",
  "favoriteFruit": "orange",
  "location": {
    "latitude": -82.085697,
    "longitude": 75.795599
  },
  "docFormat": "json",
  "triples": [
    {
      "triple": {
        "subject": "/sample-data/data-330.json",
        "predicate": "http://www.w3.org/2000/01/rdf-schema#label",
        "object": "Virginia Coffey"
      }
    },
    {
      "triple": {
        "subject": "/sample-data/data-330.json",
        "predicate": "http://www.w3.org/1999/02/22-rdf-syntax-ns#type",
        "object": "http://xmlns.com/foaf/0.1/Person"
      }
    },
    {
      "triple": {
        "subject": "/sample-data/data-330.json",
        "predicate": "http://xmlns.com/foaf/0.1/knows",
        "object": "/sample-data/data-795.json"
      }
    },
    {
      "triple": {
        "subject": "/sample-data/data-330.json",
        "predicate": "http://xmlns.com/foaf/0.1/knows",
        "object": "/sample-data/data-56.json"
      }
    },
    {
      "triple": {
        "subject": "/sample-data/data-330.json",
        "predicate": "http://xmlns.com/foaf/0.1/knows",
        "object": "/sample-data/data-367.json"
      }
    }
  ]
}