{
  "_id": "55ee5e44147f713f63315425",
  "index": 222,
  "guid": "c52bdb80-8426-4239-a33a-b8bc54b76b36",
  "isActive": true,
  "balance": "$90,802.65",
  "picture": "http://placehold.it/32x32",
  "age": 21,
  "eyeColor": "blue",
  "name": "Edwina Ellis",
  "gender": "female",
  "company": "VENDBLEND",
  "email": "edwinaellis@vendblend.com",
  "phone": "+1 (984) 515-3831",
  "address": "428 Beach Place, Guthrie, North Dakota, 3553",
  "about": "Ut magna incididunt do adipisicing dolor. Eu reprehenderit ullamco duis do qui id amet nulla elit. Proident ex cupidatat sunt officia irure sint cillum pariatur irure mollit sit sit mollit irure. Exercitation Lorem velit dolore id ea tempor Lorem esse fugiat et minim nostrud excepteur. Id proident dolor aliqua consectetur sit laborum. Esse veniam non cupidatat dolor consectetur deserunt sit veniam.\r\n",
  "registered": "2014-09-05T12:33:38-07:00",
  "tags": [
    "occaecat",
    "sit",
    "excepteur",
    "et",
    "fugiat",
    "proident",
    "non"
  ],
  "friends": [
    {
      "id": 0,
      "name": "John Fleming"
    },
    {
      "id": 1,
      "name": "Gallagher Sloan"
    },
    {
      "id": 2,
      "name": "Arlene Gilmore"
    }
  ],
  "greeting": "Hello, Edwina Ellis! You have 7 unread messages.",
  "favoriteFruit": "pear",
  "location": {
    "latitude": 25.65509,
    "longitude": 69.675448
  },
  "docFormat": "json",
  "triples": [
    {
      "triple": {
        "subject": "/sample-data/data-222.json",
        "predicate": "http://www.w3.org/2000/01/rdf-schema#label",
        "object": "Edwina Ellis"
      }
    },
    {
      "triple": {
        "subject": "/sample-data/data-222.json",
        "predicate": "http://www.w3.org/1999/02/22-rdf-syntax-ns#type",
        "object": "http://xmlns.com/foaf/0.1/Person"
      }
    },
    {
      "triple": {
        "subject": "/sample-data/data-222.json",
        "predicate": "http://xmlns.com/foaf/0.1/knows",
        "object": "/sample-data/data-1164.json"
      }
    },
    {
      "triple": {
        "subject": "/sample-data/data-222.json",
        "predicate": "http://xmlns.com/foaf/0.1/knows",
        "object": "/sample-data/data-1821.json"
      }
    },
    {
      "triple": {
        "subject": "/sample-data/data-222.json",
        "predicate": "http://xmlns.com/foaf/0.1/knows",
        "object": "/sample-data/data-694.json"
      }
    }
  ]
}