{
  "_id": "55ee5e4464a9b2ab53ab4e4a",
  "index": 776,
  "guid": "dfc80353-d63c-45b6-9b8a-56543cddbd7f",
  "isActive": false,
  "balance": "$21,783.17",
  "picture": "http://placehold.it/32x32",
  "age": 27,
  "eyeColor": "brown",
  "name": "Frost Fisher",
  "gender": "male",
  "company": "GEOSTELE",
  "email": "frostfisher@geostele.com",
  "phone": "+1 (847) 565-3310",
  "address": "778 Tompkins Place, Unionville, Federated States Of Micronesia, 2702",
  "about": "Irure cupidatat eiusmod culpa sint veniam sint deserunt. Minim aliqua ipsum cupidatat aliqua aute proident incididunt excepteur veniam qui. Pariatur non non voluptate nisi id voluptate reprehenderit anim cupidatat dolore. Occaecat proident adipisicing est dolore aliqua pariatur consequat. Mollit ullamco ipsum tempor ipsum amet consectetur cillum consectetur irure. Qui eu cupidatat exercitation commodo officia veniam. Et ullamco commodo consectetur aliquip.\r\n",
  "registered": "2014-04-06T09:06:40-07:00",
  "tags": [
    "Lorem",
    "sit",
    "elit",
    "proident",
    "et",
    "velit",
    "dolor"
  ],
  "friends": [
    {
      "id": 0,
      "name": "Lula Cherry"
    },
    {
      "id": 1,
      "name": "Heath Silva"
    },
    {
      "id": 2,
      "name": "Jensen Kim"
    }
  ],
  "greeting": "Hello, Frost Fisher! You have 7 unread messages.",
  "favoriteFruit": "banana",
  "location": {
    "latitude": 31.141134,
    "longitude": -69.234235
  },
  "docFormat": "json",
  "triples": [
    {
      "triple": {
        "subject": "/sample-data/data-776.json",
        "predicate": "http://www.w3.org/2000/01/rdf-schema#label",
        "object": "Frost Fisher"
      }
    },
    {
      "triple": {
        "subject": "/sample-data/data-776.json",
        "predicate": "http://www.w3.org/1999/02/22-rdf-syntax-ns#type",
        "object": "http://xmlns.com/foaf/0.1/Person"
      }
    },
    {
      "triple": {
        "subject": "/sample-data/data-776.json",
        "predicate": "http://xmlns.com/foaf/0.1/knows",
        "object": "/sample-data/data-999.json"
      }
    },
    {
      "triple": {
        "subject": "/sample-data/data-776.json",
        "predicate": "http://xmlns.com/foaf/0.1/knows",
        "object": "/sample-data/data-0.json"
      }
    },
    {
      "triple": {
        "subject": "/sample-data/data-776.json",
        "predicate": "http://xmlns.com/foaf/0.1/knows",
        "object": "/sample-data/data-1881.json"
      }
    }
  ]
}