{
  "_id": "55ee5e983a5731e81a70a225",
  "index": 2124,
  "guid": "e3548aca-3956-42b8-9723-5807745beab2",
  "isActive": false,
  "balance": "$82,810.58",
  "picture": "http://placehold.it/32x32",
  "age": 32,
  "eyeColor": "green",
  "name": "Good Robles",
  "gender": "male",
  "company": "COFINE",
  "email": "goodrobles@cofine.com",
  "phone": "+1 (875) 532-3292",
  "address": "269 Krier Place, Springville, New York, 2951",
  "about": "Aute deserunt veniam et ad labore ut ad duis veniam fugiat esse. Reprehenderit ad deserunt commodo do est consequat anim do id duis irure sit. Qui fugiat ut nostrud quis nulla nulla dolor ullamco in voluptate velit dolore amet voluptate. Deserunt fugiat aute Lorem sit amet. Incididunt excepteur labore amet elit ad consequat consequat laboris dolore ad anim irure incididunt.\r\n",
  "registered": "2014-07-09T07:47:14-07:00",
  "tags": [
    "id",
    "ullamco",
    "elit",
    "nulla",
    "magna",
    "eiusmod",
    "fugiat"
  ],
  "friends": [
    {
      "id": 0,
      "name": "Serena Bush"
    },
    {
      "id": 1,
      "name": "Mable Skinner"
    },
    {
      "id": 2,
      "name": "Diana Porter"
    }
  ],
  "greeting": "Hello, Good Robles! You have 3 unread messages.",
  "favoriteFruit": "banana",
  "location": {
    "latitude": -52.769846,
    "longitude": -78.634999
  },
  "docFormat": "json",
  "triples": [
    {
      "triple": {
        "subject": "/sample-data/data-2124.json",
        "predicate": "http://www.w3.org/2000/01/rdf-schema#label",
        "object": "Good Robles"
      }
    },
    {
      "triple": {
        "subject": "/sample-data/data-2124.json",
        "predicate": "http://www.w3.org/1999/02/22-rdf-syntax-ns#type",
        "object": "http://xmlns.com/foaf/0.1/Person"
      }
    },
    {
      "triple": {
        "subject": "/sample-data/data-2124.json",
        "predicate": "http://xmlns.com/foaf/0.1/knows",
        "object": "/sample-data/data-1943.json"
      }
    },
    {
      "triple": {
        "subject": "/sample-data/data-2124.json",
        "predicate": "http://xmlns.com/foaf/0.1/knows",
        "object": "/sample-data/data-1180.json"
      }
    },
    {
      "triple": {
        "subject": "/sample-data/data-2124.json",
        "predicate": "http://xmlns.com/foaf/0.1/knows",
        "object": "/sample-data/data-2591.json"
      }
    }
  ]
}