{
  "_id": "55ee5e44259721fed89239a3",
  "index": 255,
  "guid": "1c4f0cb9-d7ff-4080-871e-05a9aab328ee",
  "isActive": true,
  "balance": "$70,373.71",
  "picture": "http://placehold.it/32x32",
  "age": 37,
  "eyeColor": "blue",
  "name": "Dillard Drake",
  "gender": "male",
  "company": "FUELWORKS",
  "email": "dillarddrake@fuelworks.com",
  "phone": "+1 (978) 546-2748",
  "address": "725 Veronica Place, Kimmell, Louisiana, 4920",
  "about": "Tempor mollit in sunt consectetur incididunt eu. Irure occaecat consequat et consequat nostrud minim nostrud dolore tempor. Elit elit est sunt deserunt nulla. Irure aliqua aliquip nostrud officia magna.\r\n",
  "registered": "2015-01-13T06:19:29-07:00",
  "tags": [
    "reprehenderit",
    "ea",
    "ex",
    "duis",
    "dolore",
    "reprehenderit",
    "adipisicing"
  ],
  "friends": [
    {
      "id": 0,
      "name": "Eloise Graves"
    },
    {
      "id": 1,
      "name": "Valdez Hansen"
    },
    {
      "id": 2,
      "name": "Robin Galloway"
    }
  ],
  "greeting": "Hello, Dillard Drake! You have 5 unread messages.",
  "favoriteFruit": "apple",
  "location": {
    "latitude": 38.774276,
    "longitude": 173.146939
  },
  "docFormat": "json",
  "triples": [
    {
      "triple": {
        "subject": "/sample-data/data-255.json",
        "predicate": "http://www.w3.org/2000/01/rdf-schema#label",
        "object": "Dillard Drake"
      }
    },
    {
      "triple": {
        "subject": "/sample-data/data-255.json",
        "predicate": "http://www.w3.org/1999/02/22-rdf-syntax-ns#type",
        "object": "http://xmlns.com/foaf/0.1/Person"
      }
    },
    {
      "triple": {
        "subject": "/sample-data/data-255.json",
        "predicate": "http://xmlns.com/foaf/0.1/knows",
        "object": "/sample-data/data-1277.json"
      }
    },
    {
      "triple": {
        "subject": "/sample-data/data-255.json",
        "predicate": "http://xmlns.com/foaf/0.1/knows",
        "object": "/sample-data/data-2624.json"
      }
    },
    {
      "triple": {
        "subject": "/sample-data/data-255.json",
        "predicate": "http://xmlns.com/foaf/0.1/knows",
        "object": "/sample-data/data-1000.json"
      }
    }
  ]
}