{
  "_id": "55ee5e446a7f055aa733ed46",
  "index": 1460,
  "guid": "2606920f-12ff-474c-90c5-791275f1fcb4",
  "isActive": true,
  "balance": "$51,832.84",
  "picture": "http://placehold.it/32x32",
  "age": 63,
  "eyeColor": "green",
  "name": "Celeste Durham",
  "gender": "female",
  "company": "RECRISYS",
  "email": "celestedurham@recrisys.com",
  "phone": "+1 (806) 548-3192",
  "address": "895 Aster Court, Wilsonia, Vermont, 3847",
  "about": "Sint nostrud fugiat et enim aute fugiat et. Quis incididunt laborum reprehenderit mollit pariatur minim dolor ea. Consequat sint enim eiusmod deserunt excepteur proident tempor ea fugiat pariatur sunt duis cillum. Aliquip sit nisi deserunt excepteur magna. Laborum occaecat do anim quis ea. Dolore fugiat non occaecat aliquip incididunt consequat officia. Lorem minim qui irure reprehenderit nulla aliquip reprehenderit do sint adipisicing exercitation mollit.\r\n",
  "registered": "2014-05-21T02:24:59-07:00",
  "tags": [
    "eiusmod",
    "exercitation",
    "minim",
    "reprehenderit",
    "non",
    "et",
    "ad"
  ],
  "friends": [
    {
      "id": 0,
      "name": "Casey Becker"
    },
    {
      "id": 1,
      "name": "Elvira Carney"
    },
    {
      "id": 2,
      "name": "Mejia Hopper"
    }
  ],
  "greeting": "Hello, Celeste Durham! You have 3 unread messages.",
  "favoriteFruit": "strawberry",
  "location": {
    "latitude": -24.208596,
    "longitude": 149.537553
  },
  "docFormat": "json",
  "triples": [
    {
      "triple": {
        "subject": "/sample-data/data-1460.json",
        "predicate": "http://www.w3.org/2000/01/rdf-schema#label",
        "object": "Celeste Durham"
      }
    },
    {
      "triple": {
        "subject": "/sample-data/data-1460.json",
        "predicate": "http://www.w3.org/1999/02/22-rdf-syntax-ns#type",
        "object": "http://xmlns.com/foaf/0.1/Person"
      }
    },
    {
      "triple": {
        "subject": "/sample-data/data-1460.json",
        "predicate": "http://xmlns.com/foaf/0.1/knows",
        "object": "/sample-data/data-2306.json"
      }
    },
    {
      "triple": {
        "subject": "/sample-data/data-1460.json",
        "predicate": "http://xmlns.com/foaf/0.1/knows",
        "object": "/sample-data/data-1426.json"
      }
    },
    {
      "triple": {
        "subject": "/sample-data/data-1460.json",
        "predicate": "http://xmlns.com/foaf/0.1/knows",
        "object": "/sample-data/data-2017.json"
      }
    }
  ]
}