{
  "_id": "55ee5e4487c025e8f6f06c5c",
  "index": 70,
  "guid": "5a92f7aa-4d8d-43e2-aeac-8501ad1f723f",
  "isActive": true,
  "balance": "$43,736.86",
  "picture": "http://placehold.it/32x32",
  "age": 33,
  "eyeColor": "blue",
  "name": "Janelle Gallagher",
  "gender": "female",
  "company": "COLLAIRE",
  "email": "janellegallagher@collaire.com",
  "phone": "+1 (918) 564-3910",
  "address": "174 Moultrie Street, Mammoth, Oregon, 6697",
  "about": "Nostrud ea est tempor ex in aute nisi. Velit tempor mollit consectetur reprehenderit incididunt quis ipsum. Officia dolor eiusmod sunt ullamco aliquip velit nostrud. Sint culpa sit fugiat occaecat enim enim. Sit consequat occaecat laboris elit aliqua et aliquip elit cillum et labore. Est dolore ipsum eiusmod aliqua dolore fugiat occaecat commodo do do. Occaecat culpa anim ut non laborum nisi irure pariatur anim consectetur quis.\r\n",
  "registered": "2015-04-10T06:33:41-07:00",
  "tags": [
    "ea",
    "consequat",
    "aliqua",
    "aliqua",
    "esse",
    "labore",
    "ullamco"
  ],
  "friends": [
    {
      "id": 0,
      "name": "Anthony Vang"
    },
    {
      "id": 1,
      "name": "Robert Matthews"
    },
    {
      "id": 2,
      "name": "Nannie Mclaughlin"
    }
  ],
  "greeting": "Hello, Janelle Gallagher! You have 6 unread messages.",
  "favoriteFruit": "banana",
  "location": {
    "latitude": 39.202245,
    "longitude": 157.659627
  },
  "docFormat": "json",
  "triples": [
    {
      "triple": {
        "subject": "/sample-data/data-70.json",
        "predicate": "http://www.w3.org/2000/01/rdf-schema#label",
        "object": "Janelle Gallagher"
      }
    },
    {
      "triple": {
        "subject": "/sample-data/data-70.json",
        "predicate": "http://www.w3.org/1999/02/22-rdf-syntax-ns#type",
        "object": "http://xmlns.com/foaf/0.1/Person"
      }
    },
    {
      "triple": {
        "subject": "/sample-data/data-70.json",
        "predicate": "http://xmlns.com/foaf/0.1/knows",
        "object": "/sample-data/data-35.json"
      }
    },
    {
      "triple": {
        "subject": "/sample-data/data-70.json",
        "predicate": "http://xmlns.com/foaf/0.1/knows",
        "object": "/sample-data/data-2284.json"
      }
    },
    {
      "triple": {
        "subject": "/sample-data/data-70.json",
        "predicate": "http://xmlns.com/foaf/0.1/knows",
        "object": "/sample-data/data-2128.json"
      }
    }
  ]
}