{
  "_id": "55ee5e44879649de5287d4ac",
  "index": 687,
  "guid": "8395b390-1ab4-4ecf-bf91-f10c8bdd7b87",
  "isActive": false,
  "balance": "$61,272.94",
  "picture": "http://placehold.it/32x32",
  "age": 66,
  "eyeColor": "brown",
  "name": "Stefanie Gilbert",
  "gender": "female",
  "company": "CINESANCT",
  "email": "stefaniegilbert@cinesanct.com",
  "phone": "+1 (962) 488-2034",
  "address": "416 Troutman Street, Freeburn, South Carolina, 9262",
  "about": "Nostrud anim est ut aliqua laborum officia. Mollit et amet cupidatat incididunt eu sunt amet aliqua exercitation adipisicing excepteur cupidatat veniam nisi. Est enim proident dolore aute cupidatat. Incididunt excepteur velit proident deserunt laborum ullamco in occaecat occaecat. Minim in duis laborum incididunt laboris aliquip non ullamco ipsum in fugiat fugiat Lorem ipsum. Proident enim et nostrud cillum culpa reprehenderit consectetur et ad amet voluptate deserunt tempor.\r\n",
  "registered": "2014-06-27T01:56:24-07:00",
  "tags": [
    "cillum",
    "Lorem",
    "ex",
    "in",
    "labore",
    "consequat",
    "do"
  ],
  "friends": [
    {
      "id": 0,
      "name": "Morse Acevedo"
    },
    {
      "id": 1,
      "name": "Meghan Grimes"
    },
    {
      "id": 2,
      "name": "Walls Newman"
    }
  ],
  "greeting": "Hello, Stefanie Gilbert! You have 3 unread messages.",
  "favoriteFruit": "banana",
  "location": {
    "latitude": 61.081601,
    "longitude": -42.06722
  },
  "docFormat": "json",
  "triples": [
    {
      "triple": {
        "subject": "/sample-data/data-687.json",
        "predicate": "http://www.w3.org/2000/01/rdf-schema#label",
        "object": "Stefanie Gilbert"
      }
    },
    {
      "triple": {
        "subject": "/sample-data/data-687.json",
        "predicate": "http://www.w3.org/1999/02/22-rdf-syntax-ns#type",
        "object": "http://xmlns.com/foaf/0.1/Person"
      }
    },
    {
      "triple": {
        "subject": "/sample-data/data-687.json",
        "predicate": "http://xmlns.com/foaf/0.1/knows",
        "object": "/sample-data/data-2585.json"
      }
    },
    {
      "triple": {
        "subject": "/sample-data/data-687.json",
        "predicate": "http://xmlns.com/foaf/0.1/knows",
        "object": "/sample-data/data-429.json"
      }
    },
    {
      "triple": {
        "subject": "/sample-data/data-687.json",
        "predicate": "http://xmlns.com/foaf/0.1/knows",
        "object": "/sample-data/data-2630.json"
      }
    }
  ]
}