{
  "_id": "55ee5e45cccfd57bff39c7d6",
  "index": 1657,
  "guid": "9e5eb63d-6cd8-4a7c-9e92-ef77c54c4a5a",
  "isActive": false,
  "balance": "$11,607.59",
  "picture": "http://placehold.it/32x32",
  "age": 68,
  "eyeColor": "green",
  "name": "Maggie Mcdonald",
  "gender": "female",
  "company": "NORSUP",
  "email": "maggiemcdonald@norsup.com",
  "phone": "+1 (969) 407-2760",
  "address": "929 Billings Place, Temperanceville, Connecticut, 4376",
  "about": "Est duis dolore consequat aliquip fugiat laborum cupidatat excepteur non irure adipisicing aute reprehenderit anim. Id dolor nulla officia qui id id deserunt. Officia mollit id eiusmod officia. Id voluptate sint ut non. Reprehenderit tempor do elit consectetur in tempor aute pariatur irure.\r\n",
  "registered": "2014-09-04T06:15:26-07:00",
  "tags": [
    "et",
    "exercitation",
    "cillum",
    "aute",
    "commodo",
    "adipisicing",
    "fugiat"
  ],
  "friends": [
    {
      "id": 0,
      "name": "Hyde Flores"
    },
    {
      "id": 1,
      "name": "Lindsay House"
    },
    {
      "id": 2,
      "name": "Barbara Lloyd"
    }
  ],
  "greeting": "Hello, Maggie Mcdonald! You have 10 unread messages.",
  "favoriteFruit": "apple",
  "location": {
    "latitude": 58.573789,
    "longitude": -95.973676
  },
  "docFormat": "json",
  "triples": [
    {
      "triple": {
        "subject": "/sample-data/data-1657.json",
        "predicate": "http://www.w3.org/2000/01/rdf-schema#label",
        "object": "Maggie Mcdonald"
      }
    },
    {
      "triple": {
        "subject": "/sample-data/data-1657.json",
        "predicate": "http://www.w3.org/1999/02/22-rdf-syntax-ns#type",
        "object": "http://xmlns.com/foaf/0.1/Person"
      }
    },
    {
      "triple": {
        "subject": "/sample-data/data-1657.json",
        "predicate": "http://xmlns.com/foaf/0.1/knows",
        "object": "/sample-data/data-2303.json"
      }
    },
    {
      "triple": {
        "subject": "/sample-data/data-1657.json",
        "predicate": "http://xmlns.com/foaf/0.1/knows",
        "object": "/sample-data/data-2980.json"
      }
    },
    {
      "triple": {
        "subject": "/sample-data/data-1657.json",
        "predicate": "http://xmlns.com/foaf/0.1/knows",
        "object": "/sample-data/data-304.json"
      }
    }
  ]
}