{
  "_id": "55ee5e44429e828cb4e959f2",
  "index": 1483,
  "guid": "0eb02f03-9a88-453f-9c1b-61bd7ac38ef2",
  "isActive": false,
  "balance": "$47,225.43",
  "picture": "http://placehold.it/32x32",
  "age": 52,
  "eyeColor": "green",
  "name": "Mcneil Haley",
  "gender": "male",
  "company": "APPLICA",
  "email": "mcneilhaley@applica.com",
  "phone": "+1 (856) 511-2676",
  "address": "793 Legion Street, Grantville, Connecticut, 4762",
  "about": "Amet tempor aliqua fugiat culpa. Eu nisi veniam tempor excepteur officia esse veniam adipisicing non. Officia cupidatat aliquip consequat aliqua. Amet eu do adipisicing aliquip et eu eu. Lorem aliquip consectetur aliqua est laboris labore irure quis dolore adipisicing culpa ut ad aliqua.\r\n",
  "registered": "2015-08-15T02:04:54-07:00",
  "tags": [
    "consequat",
    "est",
    "deserunt",
    "consequat",
    "magna",
    "ex",
    "velit"
  ],
  "friends": [
    {
      "id": 0,
      "name": "Bobbie Williamson"
    },
    {
      "id": 1,
      "name": "Lynette Mayo"
    },
    {
      "id": 2,
      "name": "Farmer Johns"
    }
  ],
  "greeting": "Hello, Mcneil Haley! You have 4 unread messages.",
  "favoriteFruit": "orange",
  "location": {
    "latitude": 56.156575,
    "longitude": -176.342038
  },
  "docFormat": "json",
  "triples": [
    {
      "triple": {
        "subject": "/sample-data/data-1483.json",
        "predicate": "http://www.w3.org/2000/01/rdf-schema#label",
        "object": "Mcneil Haley"
      }
    },
    {
      "triple": {
        "subject": "/sample-data/data-1483.json",
        "predicate": "http://www.w3.org/1999/02/22-rdf-syntax-ns#type",
        "object": "http://xmlns.com/foaf/0.1/Person"
      }
    },
    {
      "triple": {
        "subject": "/sample-data/data-1483.json",
        "predicate": "http://xmlns.com/foaf/0.1/knows",
        "object": "/sample-data/data-1234.json"
      }
    },
    {
      "triple": {
        "subject": "/sample-data/data-1483.json",
        "predicate": "http://xmlns.com/foaf/0.1/knows",
        "object": "/sample-data/data-2356.json"
      }
    },
    {
      "triple": {
        "subject": "/sample-data/data-1483.json",
        "predicate": "http://xmlns.com/foaf/0.1/knows",
        "object": "/sample-data/data-2613.json"
      }
    }
  ]
}