{
  "_id": "55ee5e98d0ab00a9e01f0761",
  "index": 2535,
  "guid": "362541eb-453c-49ce-bbc6-051bbf4f389c",
  "isActive": false,
  "balance": "$62,553.71",
  "picture": "http://placehold.it/32x32",
  "age": 27,
  "eyeColor": "brown",
  "name": "Cross Humphrey",
  "gender": "male",
  "company": "TELLIFLY",
  "email": "crosshumphrey@tellifly.com",
  "phone": "+1 (913) 444-3277",
  "address": "269 Olive Street, Brewster, Wyoming, 2625",
  "about": "Aute velit et commodo velit reprehenderit Lorem magna elit eu ad ex fugiat mollit. Culpa reprehenderit velit labore labore id voluptate. Est ut ad laboris adipisicing. Cillum mollit qui do commodo tempor consectetur amet mollit enim occaecat eu irure mollit consequat. Nulla nisi laborum est labore mollit incididunt laboris incididunt. Laboris Lorem non exercitation tempor quis occaecat aute ut.\r\n",
  "registered": "2014-04-26T11:43:27-07:00",
  "tags": [
    "officia",
    "officia",
    "non",
    "reprehenderit",
    "in",
    "magna",
    "laboris"
  ],
  "friends": [
    {
      "id": 0,
      "name": "Heidi Fleming"
    },
    {
      "id": 1,
      "name": "Lottie Mason"
    },
    {
      "id": 2,
      "name": "Bowman Shepard"
    }
  ],
  "greeting": "Hello, Cross Humphrey! You have 3 unread messages.",
  "favoriteFruit": "apple",
  "location": {
    "latitude": -25.000249,
    "longitude": 61.553378
  },
  "docFormat": "json",
  "triples": [
    {
      "triple": {
        "subject": "/sample-data/data-2535.json",
        "predicate": "http://www.w3.org/2000/01/rdf-schema#label",
        "object": "Cross Humphrey"
      }
    },
    {
      "triple": {
        "subject": "/sample-data/data-2535.json",
        "predicate": "http://www.w3.org/1999/02/22-rdf-syntax-ns#type",
        "object": "http://xmlns.com/foaf/0.1/Person"
      }
    },
    {
      "triple": {
        "subject": "/sample-data/data-2535.json",
        "predicate": "http://xmlns.com/foaf/0.1/knows",
        "object": "/sample-data/data-1948.json"
      }
    },
    {
      "triple": {
        "subject": "/sample-data/data-2535.json",
        "predicate": "http://xmlns.com/foaf/0.1/knows",
        "object": "/sample-data/data-2386.json"
      }
    },
    {
      "triple": {
        "subject": "/sample-data/data-2535.json",
        "predicate": "http://xmlns.com/foaf/0.1/knows",
        "object": "/sample-data/data-2411.json"
      }
    }
  ]
}