{
  "_id": "55ee5e9887266f3cea65a2ab",
  "index": 2958,
  "guid": "0e7d6a71-7e22-4209-93a2-02aaa8017dc8",
  "isActive": true,
  "balance": "$12,234.13",
  "picture": "http://placehold.it/32x32",
  "age": 69,
  "eyeColor": "gray",
  "name": "Lynda Benton",
  "gender": "female",
  "company": "COMTEXT",
  "email": "lyndabenton@comtext.com",
  "phone": "+1 (941) 523-2063",
  "address": "468 Corbin Place, Fannett, Federated States Of Micronesia, 5539",
  "about": "Eu pariatur velit enim reprehenderit sint qui deserunt. Mollit laborum in nostrud do quis dolore. Consequat et proident veniam ea officia. Ipsum esse eiusmod ex fugiat nulla do ea amet duis est culpa. Occaecat esse anim dolore nulla ipsum fugiat. Sit exercitation in ullamco cupidatat voluptate occaecat anim amet mollit occaecat consectetur reprehenderit. Aute aliquip aute reprehenderit amet.\r\n",
  "registered": "2015-08-20T02:04:07-07:00",
  "tags": [
    "qui",
    "amet",
    "ex",
    "aute",
    "sunt",
    "excepteur",
    "et"
  ],
  "friends": [
    {
      "id": 0,
      "name": "Meadows Harrison"
    },
    {
      "id": 1,
      "name": "Bonnie Mckay"
    },
    {
      "id": 2,
      "name": "Dixon Farmer"
    }
  ],
  "greeting": "Hello, Lynda Benton! You have 4 unread messages.",
  "favoriteFruit": "apple",
  "location": {
    "latitude": -57.602875,
    "longitude": -86.65935
  },
  "docFormat": "json",
  "triples": [
    {
      "triple": {
        "subject": "/sample-data/data-2958.json",
        "predicate": "http://www.w3.org/2000/01/rdf-schema#label",
        "object": "Lynda Benton"
      }
    },
    {
      "triple": {
        "subject": "/sample-data/data-2958.json",
        "predicate": "http://www.w3.org/1999/02/22-rdf-syntax-ns#type",
        "object": "http://xmlns.com/foaf/0.1/Person"
      }
    },
    {
      "triple": {
        "subject": "/sample-data/data-2958.json",
        "predicate": "http://xmlns.com/foaf/0.1/knows",
        "object": "/sample-data/data-305.json"
      }
    },
    {
      "triple": {
        "subject": "/sample-data/data-2958.json",
        "predicate": "http://xmlns.com/foaf/0.1/knows",
        "object": "/sample-data/data-2034.json"
      }
    },
    {
      "triple": {
        "subject": "/sample-data/data-2958.json",
        "predicate": "http://xmlns.com/foaf/0.1/knows",
        "object": "/sample-data/data-2714.json"
      }
    }
  ]
}