{
  "_id": "55ee5e98033d6c5b89fc96ff",
  "index": 2348,
  "guid": "a852d4e4-c8af-4764-b7ce-3ed9183dec7b",
  "isActive": true,
  "balance": "$35,932.59",
  "picture": "http://placehold.it/32x32",
  "age": 67,
  "eyeColor": "brown",
  "name": "Casandra Terrell",
  "gender": "female",
  "company": "GEOLOGIX",
  "email": "casandraterrell@geologix.com",
  "phone": "+1 (927) 507-2881",
  "address": "342 Lester Court, Katonah, Utah, 9663",
  "about": "Laboris eu qui fugiat ex magna sunt ipsum duis. Reprehenderit proident tempor elit excepteur. Exercitation enim elit esse eu magna. Do proident eu ipsum ullamco do sunt culpa non veniam enim. Ex elit et eiusmod eiusmod sunt elit consequat culpa qui. Proident amet consequat dolor sunt pariatur aliqua reprehenderit veniam consectetur cillum nisi. Aute nulla est elit enim id laboris voluptate deserunt sunt qui sunt pariatur nostrud adipisicing.\r\n",
  "registered": "2015-08-17T05:55:23-07:00",
  "tags": [
    "aliqua",
    "aliquip",
    "elit",
    "eiusmod",
    "Lorem",
    "adipisicing",
    "cillum"
  ],
  "friends": [
    {
      "id": 0,
      "name": "Allison Middleton"
    },
    {
      "id": 1,
      "name": "Iris Carney"
    },
    {
      "id": 2,
      "name": "Gould Jefferson"
    }
  ],
  "greeting": "Hello, Casandra Terrell! You have 1 unread messages.",
  "favoriteFruit": "banana",
  "location": {
    "latitude": 29.150081,
    "longitude": -154.384441
  },
  "docFormat": "json",
  "triples": [
    {
      "triple": {
        "subject": "/sample-data/data-2348.json",
        "predicate": "http://www.w3.org/2000/01/rdf-schema#label",
        "object": "Casandra Terrell"
      }
    },
    {
      "triple": {
        "subject": "/sample-data/data-2348.json",
        "predicate": "http://www.w3.org/1999/02/22-rdf-syntax-ns#type",
        "object": "http://xmlns.com/foaf/0.1/Person"
      }
    },
    {
      "triple": {
        "subject": "/sample-data/data-2348.json",
        "predicate": "http://xmlns.com/foaf/0.1/knows",
        "object": "/sample-data/data-1057.json"
      }
    },
    {
      "triple": {
        "subject": "/sample-data/data-2348.json",
        "predicate": "http://xmlns.com/foaf/0.1/knows",
        "object": "/sample-data/data-2847.json"
      }
    },
    {
      "triple": {
        "subject": "/sample-data/data-2348.json",
        "predicate": "http://xmlns.com/foaf/0.1/knows",
        "object": "/sample-data/data-445.json"
      }
    }
  ]
}