{
  "_id": "55ee5e98a64324c98156d0db",
  "index": 2962,
  "guid": "bc5248f5-b999-42e6-8d60-d60baf3671b3",
  "isActive": true,
  "balance": "$74,558.13",
  "picture": "http://placehold.it/32x32",
  "age": 42,
  "eyeColor": "brown",
  "name": "Queen Hansen",
  "gender": "female",
  "company": "PHARMEX",
  "email": "queenhansen@pharmex.com",
  "phone": "+1 (950) 438-3563",
  "address": "924 Tapscott Avenue, Newcastle, New Hampshire, 3067",
  "about": "Esse sunt do duis do nulla sunt ipsum non voluptate duis aliquip deserunt. Quis ea dolor officia adipisicing ullamco officia deserunt dolore voluptate consequat. Adipisicing sunt quis ea et elit voluptate. Incididunt consequat cupidatat est sunt reprehenderit anim mollit officia do ut voluptate laborum est. Esse quis quis dolor sit consequat occaecat mollit nisi fugiat sunt ullamco sint reprehenderit. Voluptate culpa Lorem aliqua mollit sint occaecat est nisi. Pariatur aliqua ea consectetur in id enim voluptate occaecat eu minim amet reprehenderit proident magna.\r\n",
  "registered": "2014-02-07T08:14:52-07:00",
  "tags": [
    "ad",
    "nisi",
    "eiusmod",
    "laborum",
    "esse",
    "Lorem",
    "proident"
  ],
  "friends": [
    {
      "id": 0,
      "name": "Brown Bowers"
    },
    {
      "id": 1,
      "name": "Gibbs Hinton"
    },
    {
      "id": 2,
      "name": "Richmond Landry"
    }
  ],
  "greeting": "Hello, Queen Hansen! You have 5 unread messages.",
  "favoriteFruit": "strawberry",
  "location": {
    "latitude": 21.47337,
    "longitude": 134.478003
  },
  "docFormat": "json",
  "triples": [
    {
      "triple": {
        "subject": "/sample-data/data-2962.json",
        "predicate": "http://www.w3.org/2000/01/rdf-schema#label",
        "object": "Queen Hansen"
      }
    },
    {
      "triple": {
        "subject": "/sample-data/data-2962.json",
        "predicate": "http://www.w3.org/1999/02/22-rdf-syntax-ns#type",
        "object": "http://xmlns.com/foaf/0.1/Person"
      }
    },
    {
      "triple": {
        "subject": "/sample-data/data-2962.json",
        "predicate": "http://xmlns.com/foaf/0.1/knows",
        "object": "/sample-data/data-1802.json"
      }
    },
    {
      "triple": {
        "subject": "/sample-data/data-2962.json",
        "predicate": "http://xmlns.com/foaf/0.1/knows",
        "object": "/sample-data/data-1696.json"
      }
    },
    {
      "triple": {
        "subject": "/sample-data/data-2962.json",
        "predicate": "http://xmlns.com/foaf/0.1/knows",
        "object": "/sample-data/data-1332.json"
      }
    }
  ]
}