{
  "_id": "55ee5e443f1a4f8a07234ce8",
  "index": 8,
  "guid": "d8c35fd8-1254-4d63-9bed-34943d310394",
  "isActive": false,
  "balance": "$20,535.93",
  "picture": "http://placehold.it/32x32",
  "age": 66,
  "eyeColor": "blue",
  "name": "Whitehead Ortiz",
  "gender": "male",
  "company": "ESCENTA",
  "email": "whiteheadortiz@escenta.com",
  "phone": "+1 (853) 578-2631",
  "address": "835 Lawrence Street, Robinson, Kansas, 9707",
  "about": "Cillum sunt laboris sit mollit deserunt dolore eu dolore culpa Lorem reprehenderit proident magna. Aliqua fugiat qui pariatur exercitation dolore consequat Lorem nisi. Mollit voluptate id fugiat minim cupidatat ut nostrud id aliqua laboris. Amet est quis commodo consectetur culpa non proident aliquip do ea velit dolor nulla. Aliqua occaecat et proident sunt proident sunt. Enim ad consequat ipsum ullamco in eu ea. Proident laborum cupidatat minim aliquip nulla exercitation esse.\r\n",
  "registered": "2015-05-24T10:09:43-07:00",
  "tags": [
    "labore",
    "proident",
    "nostrud",
    "Lorem",
    "dolor",
    "eiusmod",
    "tempor"
  ],
  "friends": [
    {
      "id": 0,
      "name": "Banks Merrill"
    },
    {
      "id": 1,
      "name": "Mari Carrillo"
    },
    {
      "id": 2,
      "name": "Margery Houston"
    }
  ],
  "greeting": "Hello, Whitehead Ortiz! You have 5 unread messages.",
  "favoriteFruit": "strawberry",
  "location": {
    "latitude": -30.843189,
    "longitude": 62.987083
  },
  "docFormat": "json",
  "triples": [
    {
      "triple": {
        "subject": "/sample-data/data-8.json",
        "predicate": "http://www.w3.org/2000/01/rdf-schema#label",
        "object": "Whitehead Ortiz"
      }
    },
    {
      "triple": {
        "subject": "/sample-data/data-8.json",
        "predicate": "http://www.w3.org/1999/02/22-rdf-syntax-ns#type",
        "object": "http://xmlns.com/foaf/0.1/Person"
      }
    },
    {
      "triple": {
        "subject": "/sample-data/data-8.json",
        "predicate": "http://xmlns.com/foaf/0.1/knows",
        "object": "/sample-data/data-76.json"
      }
    },
    {
      "triple": {
        "subject": "/sample-data/data-8.json",
        "predicate": "http://xmlns.com/foaf/0.1/knows",
        "object": "/sample-data/data-1294.json"
      }
    },
    {
      "triple": {
        "subject": "/sample-data/data-8.json",
        "predicate": "http://xmlns.com/foaf/0.1/knows",
        "object": "/sample-data/data-551.json"
      }
    }
  ]
}