{
  "_id": "55ee5e449a6e44d1b431f33d",
  "index": 188,
  "guid": "669444ce-acdd-4f17-a702-4b995a7d3fb3",
  "isActive": false,
  "balance": "$48,884.37",
  "picture": "http://placehold.it/32x32",
  "age": 58,
  "eyeColor": "blue",
  "name": "Deanne Grimes",
  "gender": "female",
  "company": "COMBOGENE",
  "email": "deannegrimes@combogene.com",
  "phone": "+1 (935) 515-2884",
  "address": "969 Girard Street, Eastvale, New Mexico, 8632",
  "about": "Aliqua eiusmod aute ex occaecat deserunt. Pariatur ipsum enim labore est proident. Consectetur aliquip veniam nostrud fugiat adipisicing labore est qui in irure laboris occaecat elit. Amet tempor adipisicing aute excepteur quis minim laboris id dolor ad ullamco proident.\r\n",
  "registered": "2014-04-13T04:16:53-07:00",
  "tags": [
    "minim",
    "voluptate",
    "laborum",
    "exercitation",
    "tempor",
    "dolore",
    "Lorem"
  ],
  "friends": [
    {
      "id": 0,
      "name": "Kristi Newman"
    },
    {
      "id": 1,
      "name": "Richmond Mendoza"
    },
    {
      "id": 2,
      "name": "Crosby Snow"
    }
  ],
  "greeting": "Hello, Deanne Grimes! You have 5 unread messages.",
  "favoriteFruit": "orange",
  "location": {
    "latitude": -3.720586,
    "longitude": -85.125905
  },
  "docFormat": "json",
  "triples": [
    {
      "triple": {
        "subject": "/sample-data/data-188.json",
        "predicate": "http://www.w3.org/2000/01/rdf-schema#label",
        "object": "Deanne Grimes"
      }
    },
    {
      "triple": {
        "subject": "/sample-data/data-188.json",
        "predicate": "http://www.w3.org/1999/02/22-rdf-syntax-ns#type",
        "object": "http://xmlns.com/foaf/0.1/Person"
      }
    },
    {
      "triple": {
        "subject": "/sample-data/data-188.json",
        "predicate": "http://xmlns.com/foaf/0.1/knows",
        "object": "/sample-data/data-1840.json"
      }
    },
    {
      "triple": {
        "subject": "/sample-data/data-188.json",
        "predicate": "http://xmlns.com/foaf/0.1/knows",
        "object": "/sample-data/data-984.json"
      }
    },
    {
      "triple": {
        "subject": "/sample-data/data-188.json",
        "predicate": "http://xmlns.com/foaf/0.1/knows",
        "object": "/sample-data/data-1039.json"
      }
    }
  ]
}