{
  "_id": "55ee5e45a4acd7cf1131918c",
  "index": 1544,
  "guid": "d09114b7-a122-4b89-8f37-fbc1b51d7f26",
  "isActive": false,
  "balance": "$42,865.05",
  "picture": "http://placehold.it/32x32",
  "age": 38,
  "eyeColor": "blue",
  "name": "Erika Ford",
  "gender": "female",
  "company": "VANTAGE",
  "email": "erikaford@vantage.com",
  "phone": "+1 (820) 522-2746",
  "address": "910 Gunnison Court, Williamson, Nebraska, 1587",
  "about": "Dolore et nulla anim ipsum dolore aute. Duis veniam culpa duis Lorem amet sit excepteur aliqua dolore exercitation duis tempor incididunt. Occaecat cillum nulla exercitation esse occaecat aute eu cupidatat ipsum magna pariatur. Fugiat nisi incididunt officia proident commodo magna tempor. Ea ipsum ad esse esse veniam elit anim aliqua. Ea non velit reprehenderit laboris labore cupidatat ut adipisicing labore eu Lorem ea consequat ea. Minim deserunt nisi ad ipsum est velit reprehenderit laborum est commodo cupidatat.\r\n",
  "registered": "2014-06-09T08:45:46-07:00",
  "tags": [
    "minim",
    "commodo",
    "Lorem",
    "do",
    "exercitation",
    "esse",
    "et"
  ],
  "friends": [
    {
      "id": 0,
      "name": "England Pratt"
    },
    {
      "id": 1,
      "name": "Latonya Stephenson"
    },
    {
      "id": 2,
      "name": "Phillips Avila"
    }
  ],
  "greeting": "Hello, Erika Ford! You have 6 unread messages.",
  "favoriteFruit": "banana",
  "location": {
    "latitude": -0.383956,
    "longitude": 19.801121
  },
  "docFormat": "json",
  "triples": [
    {
      "triple": {
        "subject": "/sample-data/data-1544.json",
        "predicate": "http://www.w3.org/2000/01/rdf-schema#label",
        "object": "Erika Ford"
      }
    },
    {
      "triple": {
        "subject": "/sample-data/data-1544.json",
        "predicate": "http://www.w3.org/1999/02/22-rdf-syntax-ns#type",
        "object": "http://xmlns.com/foaf/0.1/Person"
      }
    },
    {
      "triple": {
        "subject": "/sample-data/data-1544.json",
        "predicate": "http://xmlns.com/foaf/0.1/knows",
        "object": "/sample-data/data-2029.json"
      }
    },
    {
      "triple": {
        "subject": "/sample-data/data-1544.json",
        "predicate": "http://xmlns.com/foaf/0.1/knows",
        "object": "/sample-data/data-1309.json"
      }
    },
    {
      "triple": {
        "subject": "/sample-data/data-1544.json",
        "predicate": "http://xmlns.com/foaf/0.1/knows",
        "object": "/sample-data/data-812.json"
      }
    }
  ]
}