{
  "_id": "55ee5e983e7746942325648b",
  "index": 2082,
  "guid": "2ca60850-1e33-48d4-9115-ee9e18b213db",
  "isActive": false,
  "balance": "$22,746.57",
  "picture": "http://placehold.it/32x32",
  "age": 38,
  "eyeColor": "hazel",
  "name": "Jefferson Tyler",
  "gender": "male",
  "company": "GEOSTELE",
  "email": "jeffersontyler@geostele.com",
  "phone": "+1 (981) 515-2076",
  "address": "324 Glenwood Road, Westwood, Louisiana, 3119",
  "about": "Incididunt voluptate irure laborum cupidatat qui irure ut pariatur officia laboris excepteur. Laboris ex occaecat labore laboris labore sunt laborum sunt laboris Lorem in id occaecat. Anim enim sit occaecat sit non exercitation. Do nulla sint dolore anim nulla consequat officia do laboris. Occaecat nostrud sunt ad nostrud culpa pariatur magna irure adipisicing minim magna eu irure. Magna est est tempor sit et adipisicing aliqua consequat. Eu culpa voluptate cupidatat quis.\r\n",
  "registered": "2015-07-02T02:45:31-07:00",
  "tags": [
    "sint",
    "cupidatat",
    "ad",
    "ullamco",
    "voluptate",
    "id",
    "qui"
  ],
  "friends": [
    {
      "id": 0,
      "name": "Malinda Cochran"
    },
    {
      "id": 1,
      "name": "Nelda Fuller"
    },
    {
      "id": 2,
      "name": "Chapman Barrera"
    }
  ],
  "greeting": "Hello, Jefferson Tyler! You have 2 unread messages.",
  "favoriteFruit": "orange",
  "location": {
    "latitude": 2.784638,
    "longitude": 157.417151
  },
  "docFormat": "json",
  "triples": [
    {
      "triple": {
        "subject": "/sample-data/data-2082.json",
        "predicate": "http://www.w3.org/2000/01/rdf-schema#label",
        "object": "Jefferson Tyler"
      }
    },
    {
      "triple": {
        "subject": "/sample-data/data-2082.json",
        "predicate": "http://www.w3.org/1999/02/22-rdf-syntax-ns#type",
        "object": "http://xmlns.com/foaf/0.1/Person"
      }
    },
    {
      "triple": {
        "subject": "/sample-data/data-2082.json",
        "predicate": "http://xmlns.com/foaf/0.1/knows",
        "object": "/sample-data/data-1174.json"
      }
    },
    {
      "triple": {
        "subject": "/sample-data/data-2082.json",
        "predicate": "http://xmlns.com/foaf/0.1/knows",
        "object": "/sample-data/data-2668.json"
      }
    },
    {
      "triple": {
        "subject": "/sample-data/data-2082.json",
        "predicate": "http://xmlns.com/foaf/0.1/knows",
        "object": "/sample-data/data-2616.json"
      }
    }
  ]
}