{
  "_id": "55ee5e98933f90ba218480bb",
  "index": 2256,
  "guid": "486fa395-6b81-4842-b857-ee19cced13db",
  "isActive": true,
  "balance": "$65,108.51",
  "picture": "http://placehold.it/32x32",
  "age": 48,
  "eyeColor": "blue",
  "name": "Jeanne Reeves",
  "gender": "female",
  "company": "PORTALIS",
  "email": "jeannereeves@portalis.com",
  "phone": "+1 (857) 513-3161",
  "address": "272 Union Street, Camptown, Louisiana, 5940",
  "about": "Laboris laboris consequat elit quis. Veniam mollit ipsum quis non consectetur adipisicing culpa commodo incididunt. Sint veniam ipsum dolor elit voluptate. Proident minim magna velit cillum magna non do voluptate ut do. Duis deserunt adipisicing nisi adipisicing.\r\n",
  "registered": "2014-09-16T11:56:52-07:00",
  "tags": [
    "velit",
    "voluptate",
    "incididunt",
    "mollit",
    "ea",
    "minim",
    "occaecat"
  ],
  "friends": [
    {
      "id": 0,
      "name": "Kramer Shannon"
    },
    {
      "id": 1,
      "name": "Diaz Thompson"
    },
    {
      "id": 2,
      "name": "Kim French"
    }
  ],
  "greeting": "Hello, Jeanne Reeves! You have 5 unread messages.",
  "favoriteFruit": "pear",
  "location": {
    "latitude": -62.485128,
    "longitude": 162.869589
  },
  "docFormat": "json",
  "triples": [
    {
      "triple": {
        "subject": "/sample-data/data-2256.json",
        "predicate": "http://www.w3.org/2000/01/rdf-schema#label",
        "object": "Jeanne Reeves"
      }
    },
    {
      "triple": {
        "subject": "/sample-data/data-2256.json",
        "predicate": "http://www.w3.org/1999/02/22-rdf-syntax-ns#type",
        "object": "http://xmlns.com/foaf/0.1/Person"
      }
    },
    {
      "triple": {
        "subject": "/sample-data/data-2256.json",
        "predicate": "http://xmlns.com/foaf/0.1/knows",
        "object": "/sample-data/data-1568.json"
      }
    },
    {
      "triple": {
        "subject": "/sample-data/data-2256.json",
        "predicate": "http://xmlns.com/foaf/0.1/knows",
        "object": "/sample-data/data-2844.json"
      }
    },
    {
      "triple": {
        "subject": "/sample-data/data-2256.json",
        "predicate": "http://xmlns.com/foaf/0.1/knows",
        "object": "/sample-data/data-1147.json"
      }
    }
  ]
}