{
  "_id": "55ee5e446296e39b952cea85",
  "index": 107,
  "guid": "f60320b9-18b5-4c7e-8f5b-e4ba0a993bd9",
  "isActive": true,
  "balance": "$13,663.26",
  "picture": "http://placehold.it/32x32",
  "age": 30,
  "eyeColor": "blue",
  "name": "Mullen Bell",
  "gender": "male",
  "company": "PORTICA",
  "email": "mullenbell@portica.com",
  "phone": "+1 (960) 496-2344",
  "address": "857 Arlington Place, Rockingham, South Carolina, 2553",
  "about": "Magna reprehenderit nisi officia occaecat eiusmod aliquip occaecat cillum. Irure eiusmod do nulla ipsum nisi laboris. Laboris mollit laboris eiusmod minim qui Lorem. Ut commodo exercitation proident commodo irure laboris duis id magna qui est sint velit. Exercitation anim fugiat Lorem culpa ut non dolor et consectetur. Magna aliquip laborum consequat id consequat amet dolore adipisicing aute ad aliquip est do sint. Sint exercitation laborum aliqua dolore est ut anim esse pariatur ullamco id consequat nulla.\r\n",
  "registered": "2014-05-19T07:52:12-07:00",
  "tags": [
    "elit",
    "reprehenderit",
    "reprehenderit",
    "veniam",
    "aliquip",
    "sunt",
    "nisi"
  ],
  "friends": [
    {
      "id": 0,
      "name": "Harriett Bean"
    },
    {
      "id": 1,
      "name": "Patti Heath"
    },
    {
      "id": 2,
      "name": "Cruz Kennedy"
    }
  ],
  "greeting": "Hello, Mullen Bell! You have 10 unread messages.",
  "favoriteFruit": "strawberry",
  "location": {
    "latitude": 83.735188,
    "longitude": 8.110163
  },
  "docFormat": "json",
  "triples": [
    {
      "triple": {
        "subject": "/sample-data/data-107.json",
        "predicate": "http://www.w3.org/2000/01/rdf-schema#label",
        "object": "Mullen Bell"
      }
    },
    {
      "triple": {
        "subject": "/sample-data/data-107.json",
        "predicate": "http://www.w3.org/1999/02/22-rdf-syntax-ns#type",
        "object": "http://xmlns.com/foaf/0.1/Person"
      }
    },
    {
      "triple": {
        "subject": "/sample-data/data-107.json",
        "predicate": "http://xmlns.com/foaf/0.1/knows",
        "object": "/sample-data/data-466.json"
      }
    },
    {
      "triple": {
        "subject": "/sample-data/data-107.json",
        "predicate": "http://xmlns.com/foaf/0.1/knows",
        "object": "/sample-data/data-546.json"
      }
    },
    {
      "triple": {
        "subject": "/sample-data/data-107.json",
        "predicate": "http://xmlns.com/foaf/0.1/knows",
        "object": "/sample-data/data-1980.json"
      }
    }
  ]
}