{
  "_id": "55ee5e45b94004243cdbfb6d",
  "index": 1836,
  "guid": "384d1690-7475-4cf2-a40b-c55c1b165379",
  "isActive": true,
  "balance": "$5,440.22",
  "picture": "http://placehold.it/32x32",
  "age": 59,
  "eyeColor": "brown",
  "name": "Morales Peck",
  "gender": "male",
  "company": "SYBIXTEX",
  "email": "moralespeck@sybixtex.com",
  "phone": "+1 (868) 437-3497",
  "address": "968 Wallabout Street, Starks, Wisconsin, 9161",
  "about": "Ea qui nulla exercitation ea cillum proident aliquip mollit nisi reprehenderit eiusmod ex. Eu ex cillum dolor esse voluptate nulla aliquip dolor dolore eu consequat cillum ipsum nisi. Anim in adipisicing irure officia minim. Anim eiusmod minim id esse cillum eiusmod veniam do minim dolore labore.\r\n",
  "registered": "2014-12-20T10:33:19-07:00",
  "tags": [
    "do",
    "quis",
    "ea",
    "tempor",
    "irure",
    "commodo",
    "sunt"
  ],
  "friends": [
    {
      "id": 0,
      "name": "Gay Valencia"
    },
    {
      "id": 1,
      "name": "Bartlett Richmond"
    },
    {
      "id": 2,
      "name": "Georgina Fernandez"
    }
  ],
  "greeting": "Hello, Morales Peck! You have 9 unread messages.",
  "favoriteFruit": "pear",
  "location": {
    "latitude": -63.566585,
    "longitude": 134.66351
  },
  "docFormat": "json",
  "triples": [
    {
      "triple": {
        "subject": "/sample-data/data-1836.json",
        "predicate": "http://www.w3.org/2000/01/rdf-schema#label",
        "object": "Morales Peck"
      }
    },
    {
      "triple": {
        "subject": "/sample-data/data-1836.json",
        "predicate": "http://www.w3.org/1999/02/22-rdf-syntax-ns#type",
        "object": "http://xmlns.com/foaf/0.1/Person"
      }
    },
    {
      "triple": {
        "subject": "/sample-data/data-1836.json",
        "predicate": "http://xmlns.com/foaf/0.1/knows",
        "object": "/sample-data/data-459.json"
      }
    },
    {
      "triple": {
        "subject": "/sample-data/data-1836.json",
        "predicate": "http://xmlns.com/foaf/0.1/knows",
        "object": "/sample-data/data-2641.json"
      }
    },
    {
      "triple": {
        "subject": "/sample-data/data-1836.json",
        "predicate": "http://xmlns.com/foaf/0.1/knows",
        "object": "/sample-data/data-2461.json"
      }
    }
  ]
}