{
  "_id": "55ee5e4444641212e30aefdc",
  "index": 594,
  "guid": "be6fcbbb-c9e7-4fe0-ad30-aada21c44ee3",
  "isActive": true,
  "balance": "$73,217.05",
  "picture": "http://placehold.it/32x32",
  "age": 39,
  "eyeColor": "brown",
  "name": "Kennedy Hale",
  "gender": "male",
  "company": "ECRATIC",
  "email": "kennedyhale@ecratic.com",
  "phone": "+1 (911) 516-2152",
  "address": "923 Court Square, Soham, New Mexico, 2049",
  "about": "Dolore ex consectetur labore Lorem qui cillum pariatur Lorem. Est minim mollit elit et elit dolor mollit non. Aliqua ad tempor commodo mollit magna ad aute magna ex ea esse ea. Ipsum aute velit voluptate amet do elit magna aliqua reprehenderit fugiat eiusmod Lorem consectetur amet.\r\n",
  "registered": "2014-01-14T06:50:04-07:00",
  "tags": [
    "do",
    "amet",
    "enim",
    "exercitation",
    "aute",
    "elit",
    "voluptate"
  ],
  "friends": [
    {
      "id": 0,
      "name": "Powell Hoffman"
    },
    {
      "id": 1,
      "name": "Elisa Bullock"
    },
    {
      "id": 2,
      "name": "Barron Hopkins"
    }
  ],
  "greeting": "Hello, Kennedy Hale! You have 10 unread messages.",
  "favoriteFruit": "pear",
  "location": {
    "latitude": 21.05763,
    "longitude": -163.743949
  },
  "docFormat": "json",
  "triples": [
    {
      "triple": {
        "subject": "/sample-data/data-594.json",
        "predicate": "http://www.w3.org/2000/01/rdf-schema#label",
        "object": "Kennedy Hale"
      }
    },
    {
      "triple": {
        "subject": "/sample-data/data-594.json",
        "predicate": "http://www.w3.org/1999/02/22-rdf-syntax-ns#type",
        "object": "http://xmlns.com/foaf/0.1/Person"
      }
    },
    {
      "triple": {
        "subject": "/sample-data/data-594.json",
        "predicate": "http://xmlns.com/foaf/0.1/knows",
        "object": "/sample-data/data-2257.json"
      }
    },
    {
      "triple": {
        "subject": "/sample-data/data-594.json",
        "predicate": "http://xmlns.com/foaf/0.1/knows",
        "object": "/sample-data/data-1370.json"
      }
    },
    {
      "triple": {
        "subject": "/sample-data/data-594.json",
        "predicate": "http://xmlns.com/foaf/0.1/knows",
        "object": "/sample-data/data-942.json"
      }
    }
  ]
}