{
  "_id": "55ee5e45d7a52a87a0061a3a",
  "index": 1944,
  "guid": "6e14b1a6-c9e7-475e-adf7-8d3602bafead",
  "isActive": true,
  "balance": "$85,030.74",
  "picture": "http://placehold.it/32x32",
  "age": 64,
  "eyeColor": "green",
  "name": "Elvira Hebert",
  "gender": "female",
  "company": "GAPTEC",
  "email": "elvirahebert@gaptec.com",
  "phone": "+1 (858) 510-2300",
  "address": "881 Cadman Plaza, Hatteras, Iowa, 2005",
  "about": "Eu laboris ex et enim sunt consequat ipsum veniam exercitation culpa aute excepteur consectetur. Do officia esse commodo sint ad mollit. Veniam voluptate elit laborum eiusmod irure commodo sit laboris eu cillum aliquip. Id laborum amet minim anim voluptate ex deserunt. Mollit labore aute nostrud eiusmod proident nostrud.\r\n",
  "registered": "2014-07-08T07:20:43-07:00",
  "tags": [
    "proident",
    "cupidatat",
    "elit",
    "laboris",
    "sunt",
    "aliqua",
    "cillum"
  ],
  "friends": [
    {
      "id": 0,
      "name": "Villarreal Johnson"
    },
    {
      "id": 1,
      "name": "Ramirez Cash"
    },
    {
      "id": 2,
      "name": "Reese Delacruz"
    }
  ],
  "greeting": "Hello, Elvira Hebert! You have 6 unread messages.",
  "favoriteFruit": "apple",
  "location": {
    "latitude": -66.429432,
    "longitude": 127.623532
  },
  "docFormat": "json",
  "triples": [
    {
      "triple": {
        "subject": "/sample-data/data-1944.json",
        "predicate": "http://www.w3.org/2000/01/rdf-schema#label",
        "object": "Elvira Hebert"
      }
    },
    {
      "triple": {
        "subject": "/sample-data/data-1944.json",
        "predicate": "http://www.w3.org/1999/02/22-rdf-syntax-ns#type",
        "object": "http://xmlns.com/foaf/0.1/Person"
      }
    },
    {
      "triple": {
        "subject": "/sample-data/data-1944.json",
        "predicate": "http://xmlns.com/foaf/0.1/knows",
        "object": "/sample-data/data-1494.json"
      }
    },
    {
      "triple": {
        "subject": "/sample-data/data-1944.json",
        "predicate": "http://xmlns.com/foaf/0.1/knows",
        "object": "/sample-data/data-297.json"
      }
    },
    {
      "triple": {
        "subject": "/sample-data/data-1944.json",
        "predicate": "http://xmlns.com/foaf/0.1/knows",
        "object": "/sample-data/data-1833.json"
      }
    }
  ]
}