{
  "_id": "55ee5e45af7eb67c07467921",
  "index": 1564,
  "guid": "9a9451bd-cb42-4384-a1e9-fa3d61a10195",
  "isActive": false,
  "balance": "$87,831.50",
  "picture": "http://placehold.it/32x32",
  "age": 57,
  "eyeColor": "blue",
  "name": "Pugh Hays",
  "gender": "male",
  "company": "INSURITY",
  "email": "pughhays@insurity.com",
  "phone": "+1 (953) 572-3888",
  "address": "805 Cook Street, Alamo, Virgin Islands, 2709",
  "about": "Culpa magna quis et consectetur nostrud nulla pariatur elit sunt. Ea enim tempor enim officia irure excepteur pariatur nisi. Nisi incididunt laboris quis laborum nulla adipisicing aliquip. Non officia Lorem tempor aliquip eu officia. Sit ipsum elit id dolor occaecat ea sunt.\r\n",
  "registered": "2014-01-08T09:42:29-07:00",
  "tags": [
    "pariatur",
    "veniam",
    "amet",
    "ut",
    "non",
    "Lorem",
    "veniam"
  ],
  "friends": [
    {
      "id": 0,
      "name": "Anthony Bartlett"
    },
    {
      "id": 1,
      "name": "Lidia Hardy"
    },
    {
      "id": 2,
      "name": "Donovan Terrell"
    }
  ],
  "greeting": "Hello, Pugh Hays! You have 2 unread messages.",
  "favoriteFruit": "banana",
  "location": {
    "latitude": -83.545355,
    "longitude": 9.300472
  },
  "docFormat": "json",
  "triples": [
    {
      "triple": {
        "subject": "/sample-data/data-1564.json",
        "predicate": "http://www.w3.org/2000/01/rdf-schema#label",
        "object": "Pugh Hays"
      }
    },
    {
      "triple": {
        "subject": "/sample-data/data-1564.json",
        "predicate": "http://www.w3.org/1999/02/22-rdf-syntax-ns#type",
        "object": "http://xmlns.com/foaf/0.1/Person"
      }
    },
    {
      "triple": {
        "subject": "/sample-data/data-1564.json",
        "predicate": "http://xmlns.com/foaf/0.1/knows",
        "object": "/sample-data/data-951.json"
      }
    },
    {
      "triple": {
        "subject": "/sample-data/data-1564.json",
        "predicate": "http://xmlns.com/foaf/0.1/knows",
        "object": "/sample-data/data-1988.json"
      }
    },
    {
      "triple": {
        "subject": "/sample-data/data-1564.json",
        "predicate": "http://xmlns.com/foaf/0.1/knows",
        "object": "/sample-data/data-984.json"
      }
    }
  ]
}