{
  "_id": "55ee5e44dd70922faa6c549c",
  "index": 668,
  "guid": "7b476c44-c71f-49b6-abb7-b78aaa94210a",
  "isActive": true,
  "balance": "$72,973.53",
  "picture": "http://placehold.it/32x32",
  "age": 27,
  "eyeColor": "blue",
  "name": "Janine Lowe",
  "gender": "female",
  "company": "ENDICIL",
  "email": "janinelowe@endicil.com",
  "phone": "+1 (868) 511-3688",
  "address": "520 Rock Street, Glasgow, Iowa, 6407",
  "about": "Enim ipsum sit veniam pariatur. Culpa exercitation nostrud ad eiusmod elit non adipisicing ullamco excepteur nisi deserunt. Amet nostrud amet et quis. Ipsum est mollit est et quis ipsum nostrud esse minim eu.\r\n",
  "registered": "2014-09-22T12:27:14-07:00",
  "tags": [
    "amet",
    "mollit",
    "pariatur",
    "anim",
    "quis",
    "ad",
    "dolor"
  ],
  "friends": [
    {
      "id": 0,
      "name": "Madge Mcgee"
    },
    {
      "id": 1,
      "name": "Louisa Curry"
    },
    {
      "id": 2,
      "name": "Bright Ramirez"
    }
  ],
  "greeting": "Hello, Janine Lowe! You have 6 unread messages.",
  "favoriteFruit": "orange",
  "location": {
    "latitude": -9.142644,
    "longitude": -87.490229
  },
  "docFormat": "json",
  "triples": [
    {
      "triple": {
        "subject": "/sample-data/data-668.json",
        "predicate": "http://www.w3.org/2000/01/rdf-schema#label",
        "object": "Janine Lowe"
      }
    },
    {
      "triple": {
        "subject": "/sample-data/data-668.json",
        "predicate": "http://www.w3.org/1999/02/22-rdf-syntax-ns#type",
        "object": "http://xmlns.com/foaf/0.1/Person"
      }
    },
    {
      "triple": {
        "subject": "/sample-data/data-668.json",
        "predicate": "http://xmlns.com/foaf/0.1/knows",
        "object": "/sample-data/data-1224.json"
      }
    },
    {
      "triple": {
        "subject": "/sample-data/data-668.json",
        "predicate": "http://xmlns.com/foaf/0.1/knows",
        "object": "/sample-data/data-2420.json"
      }
    },
    {
      "triple": {
        "subject": "/sample-data/data-668.json",
        "predicate": "http://xmlns.com/foaf/0.1/knows",
        "object": "/sample-data/data-1527.json"
      }
    }
  ]
}