{
  "_id": "55ee5e98a85df6b0bfa13a4f",
  "index": 2574,
  "guid": "2c079872-03b7-4488-ba96-70b2ab1e9bbb",
  "isActive": false,
  "balance": "$5,170.37",
  "picture": "http://placehold.it/32x32",
  "age": 38,
  "eyeColor": "gray",
  "name": "Gloria Barnes",
  "gender": "female",
  "company": "GENMOM",
  "email": "gloriabarnes@genmom.com",
  "phone": "+1 (825) 529-3588",
  "address": "244 Rockaway Avenue, Orick, Alaska, 1930",
  "about": "Labore qui elit ad cillum eiusmod dolor aliqua enim eiusmod pariatur culpa fugiat. Ea veniam eu officia sit. Enim culpa aliquip do culpa excepteur dolore quis anim aliquip quis ea ea exercitation fugiat.\r\n",
  "registered": "2015-08-13T01:36:17-07:00",
  "tags": [
    "ex",
    "est",
    "Lorem",
    "sint",
    "irure",
    "occaecat",
    "eu"
  ],
  "friends": [
    {
      "id": 0,
      "name": "Anne Salazar"
    },
    {
      "id": 1,
      "name": "Rich Kent"
    },
    {
      "id": 2,
      "name": "Jefferson Charles"
    }
  ],
  "greeting": "Hello, Gloria Barnes! You have 4 unread messages.",
  "favoriteFruit": "pear",
  "location": {
    "latitude": 50.147399,
    "longitude": -60.971378
  },
  "docFormat": "json",
  "triples": [
    {
      "triple": {
        "subject": "/sample-data/data-2574.json",
        "predicate": "http://www.w3.org/2000/01/rdf-schema#label",
        "object": "Gloria Barnes"
      }
    },
    {
      "triple": {
        "subject": "/sample-data/data-2574.json",
        "predicate": "http://www.w3.org/1999/02/22-rdf-syntax-ns#type",
        "object": "http://xmlns.com/foaf/0.1/Person"
      }
    },
    {
      "triple": {
        "subject": "/sample-data/data-2574.json",
        "predicate": "http://xmlns.com/foaf/0.1/knows",
        "object": "/sample-data/data-1263.json"
      }
    },
    {
      "triple": {
        "subject": "/sample-data/data-2574.json",
        "predicate": "http://xmlns.com/foaf/0.1/knows",
        "object": "/sample-data/data-1894.json"
      }
    },
    {
      "triple": {
        "subject": "/sample-data/data-2574.json",
        "predicate": "http://xmlns.com/foaf/0.1/knows",
        "object": "/sample-data/data-2997.json"
      }
    }
  ]
}