{
  "_id": "55ee5e98e49ecd8785b13716",
  "index": 2978,
  "guid": "00a9e74b-5903-4542-b358-6d67f190d225",
  "isActive": true,
  "balance": "$82,460.86",
  "picture": "http://placehold.it/32x32",
  "age": 64,
  "eyeColor": "blue",
  "name": "Russell Wilkerson",
  "gender": "male",
  "company": "DECRATEX",
  "email": "russellwilkerson@decratex.com",
  "phone": "+1 (997) 580-2951",
  "address": "603 Bouck Court, Crown, South Dakota, 7838",
  "about": "Mollit voluptate tempor esse aliquip amet. Non commodo deserunt ex eiusmod adipisicing. Proident dolor in nisi ut. Lorem in nulla est proident tempor excepteur quis eiusmod veniam. Lorem eu et proident dolore velit quis dolore dolore cillum pariatur. Nulla ea exercitation nulla nostrud ut et consequat dolor ea officia ea quis eu. Labore et elit mollit nulla nulla eu cupidatat est aliquip sunt nisi dolore.\r\n",
  "registered": "2014-12-27T12:39:41-07:00",
  "tags": [
    "dolor",
    "velit",
    "enim",
    "amet",
    "aliquip",
    "ipsum",
    "cupidatat"
  ],
  "friends": [
    {
      "id": 0,
      "name": "Hutchinson Dean"
    },
    {
      "id": 1,
      "name": "Mona Rowland"
    },
    {
      "id": 2,
      "name": "Franks Hudson"
    }
  ],
  "greeting": "Hello, Russell Wilkerson! You have 1 unread messages.",
  "favoriteFruit": "pear",
  "location": {
    "latitude": 75.552686,
    "longitude": 99.296758
  },
  "docFormat": "json",
  "triples": [
    {
      "triple": {
        "subject": "/sample-data/data-2978.json",
        "predicate": "http://www.w3.org/2000/01/rdf-schema#label",
        "object": "Russell Wilkerson"
      }
    },
    {
      "triple": {
        "subject": "/sample-data/data-2978.json",
        "predicate": "http://www.w3.org/1999/02/22-rdf-syntax-ns#type",
        "object": "http://xmlns.com/foaf/0.1/Person"
      }
    },
    {
      "triple": {
        "subject": "/sample-data/data-2978.json",
        "predicate": "http://xmlns.com/foaf/0.1/knows",
        "object": "/sample-data/data-2528.json"
      }
    },
    {
      "triple": {
        "subject": "/sample-data/data-2978.json",
        "predicate": "http://xmlns.com/foaf/0.1/knows",
        "object": "/sample-data/data-1521.json"
      }
    },
    {
      "triple": {
        "subject": "/sample-data/data-2978.json",
        "predicate": "http://xmlns.com/foaf/0.1/knows",
        "object": "/sample-data/data-2881.json"
      }
    }
  ]
}