{
  "_id": "55ee5e4599ec3c75c2cace2c",
  "index": 1948,
  "guid": "24214864-e356-48da-9ac8-b40c3f09e156",
  "isActive": false,
  "balance": "$76,664.24",
  "picture": "http://placehold.it/32x32",
  "age": 21,
  "eyeColor": "green",
  "name": "Bridgette Garner",
  "gender": "female",
  "company": "VOIPA",
  "email": "bridgettegarner@voipa.com",
  "phone": "+1 (875) 469-2088",
  "address": "805 Thames Street, Esmont, Idaho, 9426",
  "about": "Dolor aute mollit ex ea mollit ipsum magna laborum magna est irure nostrud adipisicing. Proident nisi ea qui pariatur non. Mollit id reprehenderit laborum dolore magna. Duis voluptate sit non commodo duis voluptate deserunt in est. Ea pariatur exercitation deserunt labore dolor anim ex officia laborum ad Lorem laboris dolor.\r\n",
  "registered": "2014-03-13T11:48:11-07:00",
  "tags": [
    "sint",
    "elit",
    "labore",
    "enim",
    "irure",
    "deserunt",
    "aliqua"
  ],
  "friends": [
    {
      "id": 0,
      "name": "Beverley Steele"
    },
    {
      "id": 1,
      "name": "Sims Hoover"
    },
    {
      "id": 2,
      "name": "Sawyer Wolfe"
    }
  ],
  "greeting": "Hello, Bridgette Garner! You have 2 unread messages.",
  "favoriteFruit": "strawberry",
  "location": {
    "latitude": -44.380974,
    "longitude": -24.100803
  },
  "docFormat": "json",
  "triples": [
    {
      "triple": {
        "subject": "/sample-data/data-1948.json",
        "predicate": "http://www.w3.org/2000/01/rdf-schema#label",
        "object": "Bridgette Garner"
      }
    },
    {
      "triple": {
        "subject": "/sample-data/data-1948.json",
        "predicate": "http://www.w3.org/1999/02/22-rdf-syntax-ns#type",
        "object": "http://xmlns.com/foaf/0.1/Person"
      }
    },
    {
      "triple": {
        "subject": "/sample-data/data-1948.json",
        "predicate": "http://xmlns.com/foaf/0.1/knows",
        "object": "/sample-data/data-2859.json"
      }
    },
    {
      "triple": {
        "subject": "/sample-data/data-1948.json",
        "predicate": "http://xmlns.com/foaf/0.1/knows",
        "object": "/sample-data/data-1329.json"
      }
    },
    {
      "triple": {
        "subject": "/sample-data/data-1948.json",
        "predicate": "http://xmlns.com/foaf/0.1/knows",
        "object": "/sample-data/data-58.json"
      }
    }
  ]
}