{
  "_id": "55ee5e453ae6ea733ed11fff",
  "index": 1786,
  "guid": "4083e220-0da7-4973-a5c1-30ce56825c20",
  "isActive": false,
  "balance": "$99,098.26",
  "picture": "http://placehold.it/32x32",
  "age": 59,
  "eyeColor": "green",
  "name": "Janna Gould",
  "gender": "female",
  "company": "ARTWORLDS",
  "email": "jannagould@artworlds.com",
  "phone": "+1 (943) 546-2380",
  "address": "635 Poly Place, Dexter, Kentucky, 5318",
  "about": "Labore aliqua ut dolor eiusmod voluptate pariatur non. Elit commodo dolor laborum laboris sunt commodo voluptate elit laborum qui aliqua proident officia. Occaecat ad anim cupidatat minim enim occaecat amet nulla velit id. Tempor cillum consectetur occaecat pariatur nulla nulla Lorem voluptate tempor est velit. Non sunt nostrud aliqua eu dolor reprehenderit eiusmod.\r\n",
  "registered": "2014-10-13T08:58:41-07:00",
  "tags": [
    "mollit",
    "elit",
    "anim",
    "excepteur",
    "excepteur",
    "consectetur",
    "veniam"
  ],
  "friends": [
    {
      "id": 0,
      "name": "Frost Gibson"
    },
    {
      "id": 1,
      "name": "Heath Calderon"
    },
    {
      "id": 2,
      "name": "Esther Bender"
    }
  ],
  "greeting": "Hello, Janna Gould! You have 1 unread messages.",
  "favoriteFruit": "banana",
  "location": {
    "latitude": -83.682983,
    "longitude": 42.904155
  },
  "docFormat": "json",
  "triples": [
    {
      "triple": {
        "subject": "/sample-data/data-1786.json",
        "predicate": "http://www.w3.org/2000/01/rdf-schema#label",
        "object": "Janna Gould"
      }
    },
    {
      "triple": {
        "subject": "/sample-data/data-1786.json",
        "predicate": "http://www.w3.org/1999/02/22-rdf-syntax-ns#type",
        "object": "http://xmlns.com/foaf/0.1/Person"
      }
    },
    {
      "triple": {
        "subject": "/sample-data/data-1786.json",
        "predicate": "http://xmlns.com/foaf/0.1/knows",
        "object": "/sample-data/data-33.json"
      }
    },
    {
      "triple": {
        "subject": "/sample-data/data-1786.json",
        "predicate": "http://xmlns.com/foaf/0.1/knows",
        "object": "/sample-data/data-914.json"
      }
    },
    {
      "triple": {
        "subject": "/sample-data/data-1786.json",
        "predicate": "http://xmlns.com/foaf/0.1/knows",
        "object": "/sample-data/data-1877.json"
      }
    }
  ]
}