{
  "_id": "55ee5e98be88610aa24c9d14",
  "index": 2133,
  "guid": "596aecfb-81db-43d5-b83c-0d882869f246",
  "isActive": false,
  "balance": "$93,667.32",
  "picture": "http://placehold.it/32x32",
  "age": 43,
  "eyeColor": "green",
  "name": "Dee Greer",
  "gender": "female",
  "company": "TOYLETRY",
  "email": "deegreer@toyletry.com",
  "phone": "+1 (872) 448-2824",
  "address": "211 Gilmore Court, Knowlton, Delaware, 8036",
  "about": "Pariatur ullamco fugiat culpa qui irure mollit ad ut id ipsum consequat eiusmod deserunt. Magna sint culpa magna eiusmod. Commodo duis nulla sunt laborum elit sunt in aute aliqua proident. Laboris excepteur est laborum eu et aliquip duis sunt fugiat pariatur ut. Officia labore anim ex esse adipisicing excepteur culpa aute aliquip cupidatat qui Lorem Lorem. Aliqua elit velit eiusmod Lorem culpa amet anim elit culpa eu nisi ut tempor. Cupidatat labore duis nisi dolor deserunt ex esse esse proident.\r\n",
  "registered": "2015-03-09T06:38:15-07:00",
  "tags": [
    "amet",
    "commodo",
    "aute",
    "fugiat",
    "ex",
    "nisi",
    "magna"
  ],
  "friends": [
    {
      "id": 0,
      "name": "Oliver Joyner"
    },
    {
      "id": 1,
      "name": "Yolanda Koch"
    },
    {
      "id": 2,
      "name": "Maricela Henderson"
    }
  ],
  "greeting": "Hello, Dee Greer! You have 7 unread messages.",
  "favoriteFruit": "orange",
  "location": {
    "latitude": -20.116408,
    "longitude": 168.842334
  },
  "docFormat": "json",
  "triples": [
    {
      "triple": {
        "subject": "/sample-data/data-2133.json",
        "predicate": "http://www.w3.org/2000/01/rdf-schema#label",
        "object": "Dee Greer"
      }
    },
    {
      "triple": {
        "subject": "/sample-data/data-2133.json",
        "predicate": "http://www.w3.org/1999/02/22-rdf-syntax-ns#type",
        "object": "http://xmlns.com/foaf/0.1/Person"
      }
    },
    {
      "triple": {
        "subject": "/sample-data/data-2133.json",
        "predicate": "http://xmlns.com/foaf/0.1/knows",
        "object": "/sample-data/data-2283.json"
      }
    },
    {
      "triple": {
        "subject": "/sample-data/data-2133.json",
        "predicate": "http://xmlns.com/foaf/0.1/knows",
        "object": "/sample-data/data-638.json"
      }
    },
    {
      "triple": {
        "subject": "/sample-data/data-2133.json",
        "predicate": "http://xmlns.com/foaf/0.1/knows",
        "object": "/sample-data/data-1152.json"
      }
    }
  ]
}