{
  "_id": "55ee5e985051690970129308",
  "index": 2867,
  "guid": "ad366651-37ab-4471-ab2f-42703123e50a",
  "isActive": false,
  "balance": "$48,552.59",
  "picture": "http://placehold.it/32x32",
  "age": 27,
  "eyeColor": "brown",
  "name": "Fran Daugherty",
  "gender": "female",
  "company": "CORPULSE",
  "email": "frandaugherty@corpulse.com",
  "phone": "+1 (868) 452-2361",
  "address": "791 Monitor Street, Axis, New Mexico, 3675",
  "about": "Lorem labore dolore ut ex sit veniam ipsum commodo quis laboris voluptate. Labore nostrud cupidatat magna quis reprehenderit adipisicing fugiat. Mollit ad sint est quis quis nisi.\r\n",
  "registered": "2014-02-22T01:05:18-07:00",
  "tags": [
    "ipsum",
    "labore",
    "sint",
    "sunt",
    "eu",
    "aliquip",
    "reprehenderit"
  ],
  "friends": [
    {
      "id": 0,
      "name": "Valencia Whitehead"
    },
    {
      "id": 1,
      "name": "Kristi Burke"
    },
    {
      "id": 2,
      "name": "Samantha Schwartz"
    }
  ],
  "greeting": "Hello, Fran Daugherty! You have 7 unread messages.",
  "favoriteFruit": "orange",
  "location": {
    "latitude": 19.081034,
    "longitude": -88.603176
  },
  "docFormat": "json",
  "triples": [
    {
      "triple": {
        "subject": "/sample-data/data-2867.json",
        "predicate": "http://www.w3.org/2000/01/rdf-schema#label",
        "object": "Fran Daugherty"
      }
    },
    {
      "triple": {
        "subject": "/sample-data/data-2867.json",
        "predicate": "http://www.w3.org/1999/02/22-rdf-syntax-ns#type",
        "object": "http://xmlns.com/foaf/0.1/Person"
      }
    },
    {
      "triple": {
        "subject": "/sample-data/data-2867.json",
        "predicate": "http://xmlns.com/foaf/0.1/knows",
        "object": "/sample-data/data-846.json"
      }
    },
    {
      "triple": {
        "subject": "/sample-data/data-2867.json",
        "predicate": "http://xmlns.com/foaf/0.1/knows",
        "object": "/sample-data/data-848.json"
      }
    },
    {
      "triple": {
        "subject": "/sample-data/data-2867.json",
        "predicate": "http://xmlns.com/foaf/0.1/knows",
        "object": "/sample-data/data-2143.json"
      }
    }
  ]
}