{
  "_id": "55ee5e98c7fb6987ff4765d8",
  "index": 2523,
  "guid": "780c30c7-a8a8-416b-8ab5-dcd40d97b643",
  "isActive": true,
  "balance": "$58,242.73",
  "picture": "http://placehold.it/32x32",
  "age": 31,
  "eyeColor": "amethyst",
  "name": "Terra Williams",
  "gender": "female",
  "company": "KANGLE",
  "email": "terrawilliams@kangle.com",
  "phone": "+1 (943) 579-3093",
  "address": "347 Clifford Place, Albany, North Dakota, 3449",
  "about": "Sit est tempor velit anim sunt nisi sit laboris. Exercitation aliquip consequat sint excepteur qui in. Irure exercitation sint duis laborum Lorem exercitation nisi dolore incididunt incididunt commodo. Excepteur fugiat Lorem laboris esse irure ad voluptate amet velit mollit laborum est occaecat ex. Enim quis ea aliquip cillum occaecat. Velit reprehenderit tempor occaecat in irure deserunt fugiat magna voluptate aute nisi eu occaecat consequat. Irure est et minim sunt aliquip non proident pariatur consequat.\r\n",
  "registered": "2015-02-25T01:25:22-07:00",
  "tags": [
    "eiusmod",
    "irure",
    "ullamco",
    "non",
    "nulla",
    "aliquip",
    "amet"
  ],
  "friends": [
    {
      "id": 0,
      "name": "Benton Reynolds"
    },
    {
      "id": 1,
      "name": "Leanna Blake"
    },
    {
      "id": 2,
      "name": "Jodie Bradford"
    }
  ],
  "greeting": "Hello, Terra Williams! You have 2 unread messages.",
  "favoriteFruit": "strawberry",
  "location": {
    "latitude": -37.78957,
    "longitude": 132.268314
  },
  "docFormat": "json",
  "triples": [
    {
      "triple": {
        "subject": "/sample-data/data-2523.json",
        "predicate": "http://www.w3.org/2000/01/rdf-schema#label",
        "object": "Terra Williams"
      }
    },
    {
      "triple": {
        "subject": "/sample-data/data-2523.json",
        "predicate": "http://www.w3.org/1999/02/22-rdf-syntax-ns#type",
        "object": "http://xmlns.com/foaf/0.1/Person"
      }
    },
    {
      "triple": {
        "subject": "/sample-data/data-2523.json",
        "predicate": "http://xmlns.com/foaf/0.1/knows",
        "object": "/sample-data/data-841.json"
      }
    },
    {
      "triple": {
        "subject": "/sample-data/data-2523.json",
        "predicate": "http://xmlns.com/foaf/0.1/knows",
        "object": "/sample-data/data-1194.json"
      }
    },
    {
      "triple": {
        "subject": "/sample-data/data-2523.json",
        "predicate": "http://xmlns.com/foaf/0.1/knows",
        "object": "/sample-data/data-2380.json"
      }
    }
  ]
}