{
  "_id": "55ee5e453efbc807800c0d84",
  "index": 1661,
  "guid": "05f0a532-e7aa-49fe-8299-caf250590181",
  "isActive": true,
  "balance": "$14,797.62",
  "picture": "http://placehold.it/32x32",
  "age": 59,
  "eyeColor": "brown",
  "name": "Tracie Howard",
  "gender": "female",
  "company": "DUOFLEX",
  "email": "traciehoward@duoflex.com",
  "phone": "+1 (957) 419-3550",
  "address": "249 Lefferts Place, Williams, New York, 134",
  "about": "Officia sint occaecat minim fugiat ex tempor enim est consequat dolor in. Excepteur adipisicing et fugiat laboris dolore labore velit nostrud ipsum elit nulla nulla incididunt dolore. Sit officia consectetur ipsum quis officia aute amet duis consequat. Nisi qui elit et esse. Aute mollit duis anim pariatur mollit mollit sit cupidatat elit ullamco.\r\n",
  "registered": "2014-02-02T01:14:43-07:00",
  "tags": [
    "commodo",
    "mollit",
    "nulla",
    "nulla",
    "nisi",
    "tempor",
    "nostrud"
  ],
  "friends": [
    {
      "id": 0,
      "name": "Petersen Hester"
    },
    {
      "id": 1,
      "name": "Delaney Swanson"
    },
    {
      "id": 2,
      "name": "Ophelia Hutchinson"
    }
  ],
  "greeting": "Hello, Tracie Howard! You have 2 unread messages.",
  "favoriteFruit": "pear",
  "location": {
    "latitude": 81.080201,
    "longitude": -22.442254
  },
  "docFormat": "json",
  "triples": [
    {
      "triple": {
        "subject": "/sample-data/data-1661.json",
        "predicate": "http://www.w3.org/2000/01/rdf-schema#label",
        "object": "Tracie Howard"
      }
    },
    {
      "triple": {
        "subject": "/sample-data/data-1661.json",
        "predicate": "http://www.w3.org/1999/02/22-rdf-syntax-ns#type",
        "object": "http://xmlns.com/foaf/0.1/Person"
      }
    },
    {
      "triple": {
        "subject": "/sample-data/data-1661.json",
        "predicate": "http://xmlns.com/foaf/0.1/knows",
        "object": "/sample-data/data-331.json"
      }
    },
    {
      "triple": {
        "subject": "/sample-data/data-1661.json",
        "predicate": "http://xmlns.com/foaf/0.1/knows",
        "object": "/sample-data/data-251.json"
      }
    },
    {
      "triple": {
        "subject": "/sample-data/data-1661.json",
        "predicate": "http://xmlns.com/foaf/0.1/knows",
        "object": "/sample-data/data-2940.json"
      }
    }
  ]
}