{
  "_id": "55ee5e45591e0aa79f0a81e0",
  "index": 1856,
  "guid": "0e5a2c35-724e-4898-9b13-6e55da7031ec",
  "isActive": false,
  "balance": "$72,643.78",
  "picture": "http://placehold.it/32x32",
  "age": 53,
  "eyeColor": "green",
  "name": "Ofelia Kennedy",
  "gender": "female",
  "company": "OPTICOM",
  "email": "ofeliakennedy@opticom.com",
  "phone": "+1 (931) 596-3433",
  "address": "495 Pilling Street, Nanafalia, Arizona, 9655",
  "about": "Aliqua adipisicing incididunt do occaecat nostrud irure et. Nisi tempor elit sunt elit officia ut fugiat sunt occaecat reprehenderit enim et. Amet ipsum amet reprehenderit aliquip dolore aliquip cupidatat consectetur et consectetur proident. Excepteur ipsum sint magna exercitation deserunt nisi incididunt mollit dolor sunt veniam eiusmod sit. Id do aliqua sit minim id labore ut. Commodo culpa nostrud proident do nulla quis irure Lorem. Mollit cillum nostrud ea mollit sunt id ex sint.\r\n",
  "registered": "2014-08-25T06:51:38-07:00",
  "tags": [
    "velit",
    "laboris",
    "pariatur",
    "proident",
    "eiusmod",
    "veniam",
    "non"
  ],
  "friends": [
    {
      "id": 0,
      "name": "Mack Osborne"
    },
    {
      "id": 1,
      "name": "Jaime Morrison"
    },
    {
      "id": 2,
      "name": "Mcdaniel Baldwin"
    }
  ],
  "greeting": "Hello, Ofelia Kennedy! You have 3 unread messages.",
  "favoriteFruit": "banana",
  "location": {
    "latitude": -62.017866,
    "longitude": 76.313145
  },
  "docFormat": "json",
  "triples": [
    {
      "triple": {
        "subject": "/sample-data/data-1856.json",
        "predicate": "http://www.w3.org/2000/01/rdf-schema#label",
        "object": "Ofelia Kennedy"
      }
    },
    {
      "triple": {
        "subject": "/sample-data/data-1856.json",
        "predicate": "http://www.w3.org/1999/02/22-rdf-syntax-ns#type",
        "object": "http://xmlns.com/foaf/0.1/Person"
      }
    },
    {
      "triple": {
        "subject": "/sample-data/data-1856.json",
        "predicate": "http://xmlns.com/foaf/0.1/knows",
        "object": "/sample-data/data-436.json"
      }
    },
    {
      "triple": {
        "subject": "/sample-data/data-1856.json",
        "predicate": "http://xmlns.com/foaf/0.1/knows",
        "object": "/sample-data/data-990.json"
      }
    },
    {
      "triple": {
        "subject": "/sample-data/data-1856.json",
        "predicate": "http://xmlns.com/foaf/0.1/knows",
        "object": "/sample-data/data-1152.json"
      }
    }
  ]
}