{
  "_id": "55ee5e44fa9c1c754f903a7a",
  "index": 166,
  "guid": "5ab7e3d5-f1c5-4e25-99ee-6e8624050d38",
  "isActive": false,
  "balance": "$46,210.51",
  "picture": "http://placehold.it/32x32",
  "age": 57,
  "eyeColor": "brown",
  "name": "Cantu Sweeney",
  "gender": "male",
  "company": "OMNIGOG",
  "email": "cantusweeney@omnigog.com",
  "phone": "+1 (914) 520-3792",
  "address": "838 Oxford Street, Helen, Tennessee, 2916",
  "about": "Nostrud mollit nisi quis dolore laboris nostrud nostrud irure nostrud nisi. Velit aute duis incididunt labore laborum. Ea consequat ullamco sit laborum enim. Nostrud ad consectetur elit adipisicing dolor sunt tempor reprehenderit aliqua laborum quis.\r\n",
  "registered": "2015-08-09T12:18:44-07:00",
  "tags": [
    "tempor",
    "ipsum",
    "cillum",
    "occaecat",
    "nostrud",
    "magna",
    "sunt"
  ],
  "friends": [
    {
      "id": 0,
      "name": "Watson Macias"
    },
    {
      "id": 1,
      "name": "Pacheco Bush"
    },
    {
      "id": 2,
      "name": "Gibbs Cardenas"
    }
  ],
  "greeting": "Hello, Cantu Sweeney! You have 1 unread messages.",
  "favoriteFruit": "orange",
  "location": {
    "latitude": 68.729407,
    "longitude": -4.115249
  },
  "docFormat": "json",
  "triples": [
    {
      "triple": {
        "subject": "/sample-data/data-166.json",
        "predicate": "http://www.w3.org/2000/01/rdf-schema#label",
        "object": "Cantu Sweeney"
      }
    },
    {
      "triple": {
        "subject": "/sample-data/data-166.json",
        "predicate": "http://www.w3.org/1999/02/22-rdf-syntax-ns#type",
        "object": "http://xmlns.com/foaf/0.1/Person"
      }
    },
    {
      "triple": {
        "subject": "/sample-data/data-166.json",
        "predicate": "http://xmlns.com/foaf/0.1/knows",
        "object": "/sample-data/data-2833.json"
      }
    },
    {
      "triple": {
        "subject": "/sample-data/data-166.json",
        "predicate": "http://xmlns.com/foaf/0.1/knows",
        "object": "/sample-data/data-1580.json"
      }
    },
    {
      "triple": {
        "subject": "/sample-data/data-166.json",
        "predicate": "http://xmlns.com/foaf/0.1/knows",
        "object": "/sample-data/data-2139.json"
      }
    }
  ]
}