{
  "_id": "55ee5e44fec393cf8a4fbe6b",
  "index": 760,
  "guid": "8562f606-cc16-42aa-8214-47e1fbf542b6",
  "isActive": false,
  "balance": "$11,537.73",
  "picture": "http://placehold.it/32x32",
  "age": 68,
  "eyeColor": "blue",
  "name": "Effie Wilkerson",
  "gender": "female",
  "company": "ZYTRAC",
  "email": "effiewilkerson@zytrac.com",
  "phone": "+1 (838) 495-2381",
  "address": "553 Lynch Street, Townsend, Alabama, 3878",
  "about": "Aute cillum pariatur quis et. Non occaecat nulla culpa veniam ex anim cillum ipsum. Cupidatat proident tempor esse ipsum ex nulla.\r\n",
  "registered": "2014-03-01T12:03:13-07:00",
  "tags": [
    "ullamco",
    "nostrud",
    "tempor",
    "esse",
    "duis",
    "nisi",
    "sint"
  ],
  "friends": [
    {
      "id": 0,
      "name": "Wilkinson Carroll"
    },
    {
      "id": 1,
      "name": "Elvia Good"
    },
    {
      "id": 2,
      "name": "Monroe Patton"
    }
  ],
  "greeting": "Hello, Effie Wilkerson! You have 10 unread messages.",
  "favoriteFruit": "strawberry",
  "location": {
    "latitude": -79.061326,
    "longitude": 13.815656
  },
  "docFormat": "json",
  "triples": [
    {
      "triple": {
        "subject": "/sample-data/data-760.json",
        "predicate": "http://www.w3.org/2000/01/rdf-schema#label",
        "object": "Effie Wilkerson"
      }
    },
    {
      "triple": {
        "subject": "/sample-data/data-760.json",
        "predicate": "http://www.w3.org/1999/02/22-rdf-syntax-ns#type",
        "object": "http://xmlns.com/foaf/0.1/Person"
      }
    },
    {
      "triple": {
        "subject": "/sample-data/data-760.json",
        "predicate": "http://xmlns.com/foaf/0.1/knows",
        "object": "/sample-data/data-2105.json"
      }
    },
    {
      "triple": {
        "subject": "/sample-data/data-760.json",
        "predicate": "http://xmlns.com/foaf/0.1/knows",
        "object": "/sample-data/data-2046.json"
      }
    },
    {
      "triple": {
        "subject": "/sample-data/data-760.json",
        "predicate": "http://xmlns.com/foaf/0.1/knows",
        "object": "/sample-data/data-1566.json"
      }
    }
  ]
}