{
  "_id": "55ee5e452a5b7111c0121caa",
  "index": 1508,
  "guid": "e1db89ab-2285-47d7-afe7-3bd3e18edf1d",
  "isActive": true,
  "balance": "$62,189.00",
  "picture": "http://placehold.it/32x32",
  "age": 59,
  "eyeColor": "brown",
  "name": "Kirsten Hogan",
  "gender": "female",
  "company": "HAIRPORT",
  "email": "kirstenhogan@hairport.com",
  "phone": "+1 (878) 509-3793",
  "address": "786 Ferry Place, Fredericktown, Arizona, 5258",
  "about": "Culpa proident amet in ea voluptate duis elit occaecat qui irure. Ex ex eu cupidatat sunt laboris proident cupidatat commodo deserunt ullamco consectetur ea reprehenderit. Est esse officia sunt culpa pariatur ex aliquip anim adipisicing laborum labore Lorem incididunt in.\r\n",
  "registered": "2014-04-08T05:24:49-07:00",
  "tags": [
    "officia",
    "magna",
    "aute",
    "voluptate",
    "eiusmod",
    "enim",
    "laborum"
  ],
  "friends": [
    {
      "id": 0,
      "name": "Natalie Levine"
    },
    {
      "id": 1,
      "name": "Noreen Barron"
    },
    {
      "id": 2,
      "name": "Katherine Shields"
    }
  ],
  "greeting": "Hello, Kirsten Hogan! You have 4 unread messages.",
  "favoriteFruit": "strawberry",
  "location": {
    "latitude": -65.060773,
    "longitude": -145.27821
  },
  "docFormat": "json",
  "triples": [
    {
      "triple": {
        "subject": "/sample-data/data-1508.json",
        "predicate": "http://www.w3.org/2000/01/rdf-schema#label",
        "object": "Kirsten Hogan"
      }
    },
    {
      "triple": {
        "subject": "/sample-data/data-1508.json",
        "predicate": "http://www.w3.org/1999/02/22-rdf-syntax-ns#type",
        "object": "http://xmlns.com/foaf/0.1/Person"
      }
    },
    {
      "triple": {
        "subject": "/sample-data/data-1508.json",
        "predicate": "http://xmlns.com/foaf/0.1/knows",
        "object": "/sample-data/data-970.json"
      }
    },
    {
      "triple": {
        "subject": "/sample-data/data-1508.json",
        "predicate": "http://xmlns.com/foaf/0.1/knows",
        "object": "/sample-data/data-1160.json"
      }
    },
    {
      "triple": {
        "subject": "/sample-data/data-1508.json",
        "predicate": "http://xmlns.com/foaf/0.1/knows",
        "object": "/sample-data/data-1316.json"
      }
    }
  ]
}