{
  "_id": "55ee5e45ce3c6a545fdae797",
  "index": 1883,
  "guid": "2d83ecc2-f639-476d-a6d5-b81cb2185f17",
  "isActive": true,
  "balance": "$37,053.46",
  "picture": "http://placehold.it/32x32",
  "age": 23,
  "eyeColor": "brown",
  "name": "Puckett Baxter",
  "gender": "male",
  "company": "ZAPPIX",
  "email": "puckettbaxter@zappix.com",
  "phone": "+1 (868) 454-2724",
  "address": "504 Vandam Street, Eagleville, Hawaii, 5919",
  "about": "Nostrud ea est magna amet Lorem amet. Commodo ut aliqua anim consequat anim nulla et nulla officia ipsum tempor. Pariatur eiusmod eu laborum laboris aute commodo eiusmod minim sit fugiat.\r\n",
  "registered": "2015-04-17T09:14:55-07:00",
  "tags": [
    "commodo",
    "dolore",
    "eiusmod",
    "ea",
    "cupidatat",
    "in",
    "duis"
  ],
  "friends": [
    {
      "id": 0,
      "name": "Higgins Tate"
    },
    {
      "id": 1,
      "name": "Sharlene Mcconnell"
    },
    {
      "id": 2,
      "name": "Lucas Finch"
    }
  ],
  "greeting": "Hello, Puckett Baxter! You have 2 unread messages.",
  "favoriteFruit": "pear",
  "location": {
    "latitude": -35.78855,
    "longitude": -117.161877
  },
  "docFormat": "json",
  "triples": [
    {
      "triple": {
        "subject": "/sample-data/data-1883.json",
        "predicate": "http://www.w3.org/2000/01/rdf-schema#label",
        "object": "Puckett Baxter"
      }
    },
    {
      "triple": {
        "subject": "/sample-data/data-1883.json",
        "predicate": "http://www.w3.org/1999/02/22-rdf-syntax-ns#type",
        "object": "http://xmlns.com/foaf/0.1/Person"
      }
    },
    {
      "triple": {
        "subject": "/sample-data/data-1883.json",
        "predicate": "http://xmlns.com/foaf/0.1/knows",
        "object": "/sample-data/data-310.json"
      }
    },
    {
      "triple": {
        "subject": "/sample-data/data-1883.json",
        "predicate": "http://xmlns.com/foaf/0.1/knows",
        "object": "/sample-data/data-336.json"
      }
    },
    {
      "triple": {
        "subject": "/sample-data/data-1883.json",
        "predicate": "http://xmlns.com/foaf/0.1/knows",
        "object": "/sample-data/data-599.json"
      }
    }
  ]
}