{
  "_id": "55ee5e989c84e2b1406a4f8a",
  "index": 2104,
  "guid": "565c64ce-fa59-42c0-88eb-41cad7032999",
  "isActive": false,
  "balance": "$10,514.46",
  "picture": "http://placehold.it/32x32",
  "age": 59,
  "eyeColor": "honey",
  "name": "Fuller Boone",
  "gender": "male",
  "company": "MARTGO",
  "email": "fullerboone@martgo.com",
  "phone": "+1 (914) 516-2611",
  "address": "534 Anthony Street, Farmers, Ohio, 1896",
  "about": "Ea incididunt fugiat duis deserunt sit ea elit. Enim culpa dolore fugiat non deserunt magna nisi cupidatat ex quis nostrud eiusmod eiusmod fugiat. Qui ut aute labore deserunt pariatur adipisicing. Cillum ad dolor proident ad ut laborum. Consequat fugiat eu in aute labore id consequat in et non consequat et aliquip Lorem.\r\n",
  "registered": "2015-02-21T02:17:31-07:00",
  "tags": [
    "fugiat",
    "exercitation",
    "ullamco",
    "in",
    "pariatur",
    "nostrud",
    "tempor"
  ],
  "friends": [
    {
      "id": 0,
      "name": "Foreman Snyder"
    },
    {
      "id": 1,
      "name": "Stafford Collier"
    },
    {
      "id": 2,
      "name": "Ronda Cardenas"
    }
  ],
  "greeting": "Hello, Fuller Boone! You have 5 unread messages.",
  "favoriteFruit": "orange",
  "location": {
    "latitude": -7.292061,
    "longitude": 91.115258
  },
  "docFormat": "json",
  "triples": [
    {
      "triple": {
        "subject": "/sample-data/data-2104.json",
        "predicate": "http://www.w3.org/2000/01/rdf-schema#label",
        "object": "Fuller Boone"
      }
    },
    {
      "triple": {
        "subject": "/sample-data/data-2104.json",
        "predicate": "http://www.w3.org/1999/02/22-rdf-syntax-ns#type",
        "object": "http://xmlns.com/foaf/0.1/Person"
      }
    },
    {
      "triple": {
        "subject": "/sample-data/data-2104.json",
        "predicate": "http://xmlns.com/foaf/0.1/knows",
        "object": "/sample-data/data-2356.json"
      }
    },
    {
      "triple": {
        "subject": "/sample-data/data-2104.json",
        "predicate": "http://xmlns.com/foaf/0.1/knows",
        "object": "/sample-data/data-1545.json"
      }
    },
    {
      "triple": {
        "subject": "/sample-data/data-2104.json",
        "predicate": "http://xmlns.com/foaf/0.1/knows",
        "object": "/sample-data/data-2605.json"
      }
    }
  ]
}