{
  "_id": "55ee5e98d25e8ca52a3b39b5",
  "index": 2688,
  "guid": "f2ee2f40-a715-4154-a479-43f10797607b",
  "isActive": true,
  "balance": "$98,385.09",
  "picture": "http://placehold.it/32x32",
  "age": 61,
  "eyeColor": "honey",
  "name": "Joyce Deleon",
  "gender": "female",
  "company": "BEADZZA",
  "email": "joycedeleon@beadzza.com",
  "phone": "+1 (916) 520-3666",
  "address": "904 Thomas Street, Wakarusa, South Dakota, 1293",
  "about": "Commodo cupidatat irure laboris amet nostrud exercitation minim. Duis ipsum esse qui ea incididunt sint. Consectetur elit mollit adipisicing laboris esse enim reprehenderit nulla aliqua est qui. Voluptate veniam minim fugiat id eu in.\r\n",
  "registered": "2014-06-17T06:11:20-07:00",
  "tags": [
    "amet",
    "excepteur",
    "est",
    "eu",
    "voluptate",
    "sint",
    "deserunt"
  ],
  "friends": [
    {
      "id": 0,
      "name": "Castaneda Owen"
    },
    {
      "id": 1,
      "name": "Bolton Andrews"
    },
    {
      "id": 2,
      "name": "Singleton Richard"
    }
  ],
  "greeting": "Hello, Joyce Deleon! You have 1 unread messages.",
  "favoriteFruit": "apple",
  "location": {
    "latitude": 6.673748,
    "longitude": -60.59897
  },
  "docFormat": "json",
  "triples": [
    {
      "triple": {
        "subject": "/sample-data/data-2688.json",
        "predicate": "http://www.w3.org/2000/01/rdf-schema#label",
        "object": "Joyce Deleon"
      }
    },
    {
      "triple": {
        "subject": "/sample-data/data-2688.json",
        "predicate": "http://www.w3.org/1999/02/22-rdf-syntax-ns#type",
        "object": "http://xmlns.com/foaf/0.1/Person"
      }
    },
    {
      "triple": {
        "subject": "/sample-data/data-2688.json",
        "predicate": "http://xmlns.com/foaf/0.1/knows",
        "object": "/sample-data/data-423.json"
      }
    },
    {
      "triple": {
        "subject": "/sample-data/data-2688.json",
        "predicate": "http://xmlns.com/foaf/0.1/knows",
        "object": "/sample-data/data-2883.json"
      }
    },
    {
      "triple": {
        "subject": "/sample-data/data-2688.json",
        "predicate": "http://xmlns.com/foaf/0.1/knows",
        "object": "/sample-data/data-572.json"
      }
    }
  ]
}