{
  "_id": "55ee5e45383cc2f113f16ddf",
  "index": 1949,
  "guid": "bd6a45cc-e689-4417-a90e-97b9b37b8311",
  "isActive": false,
  "balance": "$87,444.06",
  "picture": "http://placehold.it/32x32",
  "age": 33,
  "eyeColor": "blue",
  "name": "Carol Townsend",
  "gender": "female",
  "company": "SOLGAN",
  "email": "caroltownsend@solgan.com",
  "phone": "+1 (841) 479-3245",
  "address": "404 Desmond Court, Weeksville, Rhode Island, 2249",
  "about": "Tempor et eu elit minim. Amet nostrud ullamco esse dolore id sunt duis. Ullamco est veniam nostrud excepteur. Ea do in ullamco do aliquip nulla magna anim est nisi duis eu deserunt irure. Nostrud cupidatat exercitation mollit non laboris voluptate deserunt. Mollit commodo culpa aute ad pariatur.\r\n",
  "registered": "2014-02-13T03:00:39-07:00",
  "tags": [
    "et",
    "culpa",
    "id",
    "ut",
    "velit",
    "culpa",
    "fugiat"
  ],
  "friends": [
    {
      "id": 0,
      "name": "Jacquelyn Ross"
    },
    {
      "id": 1,
      "name": "Trisha Nielsen"
    },
    {
      "id": 2,
      "name": "Becky Potts"
    }
  ],
  "greeting": "Hello, Carol Townsend! You have 1 unread messages.",
  "favoriteFruit": "strawberry",
  "location": {
    "latitude": 8.41091,
    "longitude": -27.228879
  },
  "docFormat": "json",
  "triples": [
    {
      "triple": {
        "subject": "/sample-data/data-1949.json",
        "predicate": "http://www.w3.org/2000/01/rdf-schema#label",
        "object": "Carol Townsend"
      }
    },
    {
      "triple": {
        "subject": "/sample-data/data-1949.json",
        "predicate": "http://www.w3.org/1999/02/22-rdf-syntax-ns#type",
        "object": "http://xmlns.com/foaf/0.1/Person"
      }
    },
    {
      "triple": {
        "subject": "/sample-data/data-1949.json",
        "predicate": "http://xmlns.com/foaf/0.1/knows",
        "object": "/sample-data/data-710.json"
      }
    },
    {
      "triple": {
        "subject": "/sample-data/data-1949.json",
        "predicate": "http://xmlns.com/foaf/0.1/knows",
        "object": "/sample-data/data-2741.json"
      }
    },
    {
      "triple": {
        "subject": "/sample-data/data-1949.json",
        "predicate": "http://xmlns.com/foaf/0.1/knows",
        "object": "/sample-data/data-1114.json"
      }
    }
  ]
}