{
  "_id": "55ee5e44f444b712e567ad90",
  "index": 737,
  "guid": "68e15855-02ad-4893-aa75-158b2dcc6f96",
  "isActive": false,
  "balance": "$94,354.36",
  "picture": "http://placehold.it/32x32",
  "age": 56,
  "eyeColor": "blue",
  "name": "Lola May",
  "gender": "female",
  "company": "KYAGORO",
  "email": "lolamay@kyagoro.com",
  "phone": "+1 (856) 560-3980",
  "address": "879 Seabring Street, Austinburg, Minnesota, 2638",
  "about": "Dolore amet non ut ex laborum minim incididunt ut ex est est cupidatat pariatur. Nisi laborum pariatur pariatur quis irure proident aliquip dolor irure deserunt sunt cupidatat id. Pariatur duis labore elit esse minim. Aute est irure id reprehenderit. Sint occaecat culpa sunt est sunt. Incididunt elit dolore elit in labore velit labore anim officia nulla in aliqua culpa.\r\n",
  "registered": "2015-01-07T05:22:05-07:00",
  "tags": [
    "sunt",
    "mollit",
    "esse",
    "aliquip",
    "irure",
    "qui",
    "anim"
  ],
  "friends": [
    {
      "id": 0,
      "name": "Jacqueline Santiago"
    },
    {
      "id": 1,
      "name": "Bernard Keith"
    },
    {
      "id": 2,
      "name": "Reilly Guthrie"
    }
  ],
  "greeting": "Hello, Lola May! You have 6 unread messages.",
  "favoriteFruit": "strawberry",
  "location": {
    "latitude": 60.182088,
    "longitude": -96.521185
  },
  "docFormat": "json",
  "triples": [
    {
      "triple": {
        "subject": "/sample-data/data-737.json",
        "predicate": "http://www.w3.org/2000/01/rdf-schema#label",
        "object": "Lola May"
      }
    },
    {
      "triple": {
        "subject": "/sample-data/data-737.json",
        "predicate": "http://www.w3.org/1999/02/22-rdf-syntax-ns#type",
        "object": "http://xmlns.com/foaf/0.1/Person"
      }
    },
    {
      "triple": {
        "subject": "/sample-data/data-737.json",
        "predicate": "http://xmlns.com/foaf/0.1/knows",
        "object": "/sample-data/data-288.json"
      }
    },
    {
      "triple": {
        "subject": "/sample-data/data-737.json",
        "predicate": "http://xmlns.com/foaf/0.1/knows",
        "object": "/sample-data/data-973.json"
      }
    },
    {
      "triple": {
        "subject": "/sample-data/data-737.json",
        "predicate": "http://xmlns.com/foaf/0.1/knows",
        "object": "/sample-data/data-934.json"
      }
    }
  ]
}