{
  "_id": "55ee5e45fd284fe2cae704cf",
  "index": 1616,
  "guid": "a7e551e7-eeda-4670-97df-935df84970c3",
  "isActive": true,
  "balance": "$2,145.37",
  "picture": "http://placehold.it/32x32",
  "age": 59,
  "eyeColor": "blue",
  "name": "Simone Estrada",
  "gender": "female",
  "company": "ISOTRACK",
  "email": "simoneestrada@isotrack.com",
  "phone": "+1 (823) 402-2329",
  "address": "892 Harbor Court, Connerton, Tennessee, 2962",
  "about": "Commodo officia fugiat veniam mollit eu fugiat non. Culpa duis cupidatat veniam commodo dolor incididunt laboris voluptate reprehenderit eu ex adipisicing elit quis. Culpa incididunt in non eu proident cillum. Ea elit cillum pariatur et sunt aute qui labore sunt. Do laboris nostrud aute irure.\r\n",
  "registered": "2014-07-06T10:34:17-07:00",
  "tags": [
    "anim",
    "enim",
    "esse",
    "non",
    "id",
    "esse",
    "laboris"
  ],
  "friends": [
    {
      "id": 0,
      "name": "Louella Randall"
    },
    {
      "id": 1,
      "name": "Claudette Watson"
    },
    {
      "id": 2,
      "name": "Mcknight Rodgers"
    }
  ],
  "greeting": "Hello, Simone Estrada! You have 10 unread messages.",
  "favoriteFruit": "banana",
  "location": {
    "latitude": -29.307913,
    "longitude": -64.410989
  },
  "docFormat": "json",
  "triples": [
    {
      "triple": {
        "subject": "/sample-data/data-1616.json",
        "predicate": "http://www.w3.org/2000/01/rdf-schema#label",
        "object": "Simone Estrada"
      }
    },
    {
      "triple": {
        "subject": "/sample-data/data-1616.json",
        "predicate": "http://www.w3.org/1999/02/22-rdf-syntax-ns#type",
        "object": "http://xmlns.com/foaf/0.1/Person"
      }
    },
    {
      "triple": {
        "subject": "/sample-data/data-1616.json",
        "predicate": "http://xmlns.com/foaf/0.1/knows",
        "object": "/sample-data/data-2441.json"
      }
    },
    {
      "triple": {
        "subject": "/sample-data/data-1616.json",
        "predicate": "http://xmlns.com/foaf/0.1/knows",
        "object": "/sample-data/data-879.json"
      }
    },
    {
      "triple": {
        "subject": "/sample-data/data-1616.json",
        "predicate": "http://xmlns.com/foaf/0.1/knows",
        "object": "/sample-data/data-1726.json"
      }
    }
  ]
}