{
  "_id": "55ee5e45da8943205c7b8404",
  "index": 1773,
  "guid": "95379b6a-4a5f-4e09-8698-8a834e356f34",
  "isActive": true,
  "balance": "$22,891.67",
  "picture": "http://placehold.it/32x32",
  "age": 66,
  "eyeColor": "blue",
  "name": "Harmon Oneil",
  "gender": "male",
  "company": "EXOSPEED",
  "email": "harmononeil@exospeed.com",
  "phone": "+1 (848) 408-2128",
  "address": "886 Verona Place, Holtville, Connecticut, 6162",
  "about": "Consectetur qui quis aliqua proident incididunt ad cillum ut duis quis consectetur. Nisi enim aliquip ullamco deserunt amet id consequat occaecat sunt sit sunt qui. Ea amet officia ut ut esse officia reprehenderit deserunt sit occaecat proident reprehenderit in ad.\r\n",
  "registered": "2015-04-18T12:19:23-07:00",
  "tags": [
    "sint",
    "pariatur",
    "sit",
    "cillum",
    "deserunt",
    "dolore",
    "tempor"
  ],
  "friends": [
    {
      "id": 0,
      "name": "Olson Mcgowan"
    },
    {
      "id": 1,
      "name": "Stone Conner"
    },
    {
      "id": 2,
      "name": "Fanny Payne"
    }
  ],
  "greeting": "Hello, Harmon Oneil! You have 3 unread messages.",
  "favoriteFruit": "pear",
  "location": {
    "latitude": -56.401753,
    "longitude": -25.300994
  },
  "docFormat": "json",
  "triples": [
    {
      "triple": {
        "subject": "/sample-data/data-1773.json",
        "predicate": "http://www.w3.org/2000/01/rdf-schema#label",
        "object": "Harmon Oneil"
      }
    },
    {
      "triple": {
        "subject": "/sample-data/data-1773.json",
        "predicate": "http://www.w3.org/1999/02/22-rdf-syntax-ns#type",
        "object": "http://xmlns.com/foaf/0.1/Person"
      }
    },
    {
      "triple": {
        "subject": "/sample-data/data-1773.json",
        "predicate": "http://xmlns.com/foaf/0.1/knows",
        "object": "/sample-data/data-1735.json"
      }
    },
    {
      "triple": {
        "subject": "/sample-data/data-1773.json",
        "predicate": "http://xmlns.com/foaf/0.1/knows",
        "object": "/sample-data/data-1422.json"
      }
    },
    {
      "triple": {
        "subject": "/sample-data/data-1773.json",
        "predicate": "http://xmlns.com/foaf/0.1/knows",
        "object": "/sample-data/data-2987.json"
      }
    }
  ]
}