{
  "_id": "55ee5e4448d424e305d135b4",
  "index": 561,
  "guid": "3524e4f6-f443-4b05-a4f6-67fea51e2905",
  "isActive": false,
  "balance": "$55,421.16",
  "picture": "http://placehold.it/32x32",
  "age": 28,
  "eyeColor": "green",
  "name": "Trevino Dillard",
  "gender": "male",
  "company": "MOMENTIA",
  "email": "trevinodillard@momentia.com",
  "phone": "+1 (894) 594-3382",
  "address": "946 Humboldt Street, Kula, Puerto Rico, 7121",
  "about": "Consequat deserunt magna incididunt consectetur pariatur ea dolore. Consequat amet veniam amet ex fugiat in id excepteur enim velit nisi consectetur minim qui. Exercitation excepteur sit ullamco fugiat quis ut nisi magna magna quis aute. Reprehenderit culpa occaecat consectetur amet velit.\r\n",
  "registered": "2014-03-17T03:41:18-07:00",
  "tags": [
    "eiusmod",
    "voluptate",
    "qui",
    "magna",
    "culpa",
    "dolor",
    "elit"
  ],
  "friends": [
    {
      "id": 0,
      "name": "Steele Lewis"
    },
    {
      "id": 1,
      "name": "Penny Odom"
    },
    {
      "id": 2,
      "name": "Mallory Faulkner"
    }
  ],
  "greeting": "Hello, Trevino Dillard! You have 6 unread messages.",
  "favoriteFruit": "banana",
  "location": {
    "latitude": -31.93188,
    "longitude": -86.226497
  },
  "docFormat": "json",
  "triples": [
    {
      "triple": {
        "subject": "/sample-data/data-561.json",
        "predicate": "http://www.w3.org/2000/01/rdf-schema#label",
        "object": "Trevino Dillard"
      }
    },
    {
      "triple": {
        "subject": "/sample-data/data-561.json",
        "predicate": "http://www.w3.org/1999/02/22-rdf-syntax-ns#type",
        "object": "http://xmlns.com/foaf/0.1/Person"
      }
    },
    {
      "triple": {
        "subject": "/sample-data/data-561.json",
        "predicate": "http://xmlns.com/foaf/0.1/knows",
        "object": "/sample-data/data-1549.json"
      }
    },
    {
      "triple": {
        "subject": "/sample-data/data-561.json",
        "predicate": "http://xmlns.com/foaf/0.1/knows",
        "object": "/sample-data/data-1509.json"
      }
    },
    {
      "triple": {
        "subject": "/sample-data/data-561.json",
        "predicate": "http://xmlns.com/foaf/0.1/knows",
        "object": "/sample-data/data-67.json"
      }
    }
  ]
}