{
  "_id": "55ee5e983b8fd0544505f760",
  "index": 2870,
  "guid": "6436faf8-0128-452d-b6d1-3d353ab7c083",
  "isActive": false,
  "balance": "$80,704.83",
  "picture": "http://placehold.it/32x32",
  "age": 54,
  "eyeColor": "amethyst",
  "name": "Whitaker Myers",
  "gender": "male",
  "company": "OTHERWAY",
  "email": "whitakermyers@otherway.com",
  "phone": "+1 (927) 496-3982",
  "address": "808 Ryder Avenue, Chamizal, Utah, 5837",
  "about": "Irure ut consectetur adipisicing aliqua deserunt in ut. Exercitation officia et sit cillum nostrud commodo commodo. Ipsum enim officia ipsum do aliquip culpa reprehenderit. Ut exercitation incididunt nostrud tempor excepteur aliqua culpa aliquip excepteur. Nisi laborum velit do occaecat consectetur excepteur quis.\r\n",
  "registered": "2015-06-23T06:44:41-07:00",
  "tags": [
    "do",
    "velit",
    "in",
    "reprehenderit",
    "nulla",
    "culpa",
    "exercitation"
  ],
  "friends": [
    {
      "id": 0,
      "name": "Lane Mays"
    },
    {
      "id": 1,
      "name": "Stephanie Cross"
    },
    {
      "id": 2,
      "name": "Weiss Holman"
    }
  ],
  "greeting": "Hello, Whitaker Myers! You have 3 unread messages.",
  "favoriteFruit": "strawberry",
  "location": {
    "latitude": 23.6171,
    "longitude": 67.653448
  },
  "docFormat": "json",
  "triples": [
    {
      "triple": {
        "subject": "/sample-data/data-2870.json",
        "predicate": "http://www.w3.org/2000/01/rdf-schema#label",
        "object": "Whitaker Myers"
      }
    },
    {
      "triple": {
        "subject": "/sample-data/data-2870.json",
        "predicate": "http://www.w3.org/1999/02/22-rdf-syntax-ns#type",
        "object": "http://xmlns.com/foaf/0.1/Person"
      }
    },
    {
      "triple": {
        "subject": "/sample-data/data-2870.json",
        "predicate": "http://xmlns.com/foaf/0.1/knows",
        "object": "/sample-data/data-1800.json"
      }
    },
    {
      "triple": {
        "subject": "/sample-data/data-2870.json",
        "predicate": "http://xmlns.com/foaf/0.1/knows",
        "object": "/sample-data/data-2713.json"
      }
    },
    {
      "triple": {
        "subject": "/sample-data/data-2870.json",
        "predicate": "http://xmlns.com/foaf/0.1/knows",
        "object": "/sample-data/data-2893.json"
      }
    }
  ]
}