{
  "_id": "55ee5e451ca6f7a4dc04b7ef",
  "index": 1765,
  "guid": "d7049ab0-5213-4832-a3da-8f24071de5e6",
  "isActive": false,
  "balance": "$17,620.36",
  "picture": "http://placehold.it/32x32",
  "age": 65,
  "eyeColor": "green",
  "name": "Estes Wilder",
  "gender": "male",
  "company": "ECLIPTO",
  "email": "esteswilder@eclipto.com",
  "phone": "+1 (944) 409-3739",
  "address": "837 Cooper Street, Fostoria, Wyoming, 1712",
  "about": "Sint incididunt proident aliqua sint. Excepteur velit laboris excepteur incididunt amet sint sit Lorem mollit ad ut adipisicing ad. Consectetur laboris voluptate cupidatat dolore cillum consectetur cillum exercitation. Ad officia nostrud ut excepteur incididunt irure.\r\n",
  "registered": "2014-09-28T01:32:09-07:00",
  "tags": [
    "irure",
    "aliquip",
    "enim",
    "quis",
    "aliquip",
    "ullamco",
    "duis"
  ],
  "friends": [
    {
      "id": 0,
      "name": "Teri Burgess"
    },
    {
      "id": 1,
      "name": "Hamilton Sargent"
    },
    {
      "id": 2,
      "name": "Meyers Arnold"
    }
  ],
  "greeting": "Hello, Estes Wilder! You have 1 unread messages.",
  "favoriteFruit": "banana",
  "location": {
    "latitude": -46.118998,
    "longitude": -45.489455
  },
  "docFormat": "json",
  "triples": [
    {
      "triple": {
        "subject": "/sample-data/data-1765.json",
        "predicate": "http://www.w3.org/2000/01/rdf-schema#label",
        "object": "Estes Wilder"
      }
    },
    {
      "triple": {
        "subject": "/sample-data/data-1765.json",
        "predicate": "http://www.w3.org/1999/02/22-rdf-syntax-ns#type",
        "object": "http://xmlns.com/foaf/0.1/Person"
      }
    },
    {
      "triple": {
        "subject": "/sample-data/data-1765.json",
        "predicate": "http://xmlns.com/foaf/0.1/knows",
        "object": "/sample-data/data-284.json"
      }
    },
    {
      "triple": {
        "subject": "/sample-data/data-1765.json",
        "predicate": "http://xmlns.com/foaf/0.1/knows",
        "object": "/sample-data/data-337.json"
      }
    },
    {
      "triple": {
        "subject": "/sample-data/data-1765.json",
        "predicate": "http://xmlns.com/foaf/0.1/knows",
        "object": "/sample-data/data-2889.json"
      }
    }
  ]
}