{
  "_id": "55ee5e9862249620963fc78e",
  "index": 2831,
  "guid": "e7f1ed22-f0ed-4b7c-aade-a1a4d7487023",
  "isActive": false,
  "balance": "$30,168.21",
  "picture": "http://placehold.it/32x32",
  "age": 23,
  "eyeColor": "honey",
  "name": "Morrow Hardy",
  "gender": "male",
  "company": "QUADEEBO",
  "email": "morrowhardy@quadeebo.com",
  "phone": "+1 (997) 514-2353",
  "address": "571 Hawthorne Street, Waikele, Marshall Islands, 1117",
  "about": "Dolor quis minim ut mollit id amet aliquip. Sunt consectetur incididunt Lorem do enim Lorem commodo ut cupidatat. Aliquip cillum dolor minim est. Amet dolor consequat Lorem quis mollit anim. Consectetur velit labore officia dolore id cillum.\r\n",
  "registered": "2014-09-10T03:32:48-07:00",
  "tags": [
    "minim",
    "incididunt",
    "ullamco",
    "nulla",
    "minim",
    "quis",
    "labore"
  ],
  "friends": [
    {
      "id": 0,
      "name": "Pratt Tyler"
    },
    {
      "id": 1,
      "name": "Sears Cochran"
    },
    {
      "id": 2,
      "name": "Arlene Fuller"
    }
  ],
  "greeting": "Hello, Morrow Hardy! You have 3 unread messages.",
  "favoriteFruit": "strawberry",
  "location": {
    "latitude": 22.130033,
    "longitude": 79.940916
  },
  "docFormat": "json",
  "triples": [
    {
      "triple": {
        "subject": "/sample-data/data-2831.json",
        "predicate": "http://www.w3.org/2000/01/rdf-schema#label",
        "object": "Morrow Hardy"
      }
    },
    {
      "triple": {
        "subject": "/sample-data/data-2831.json",
        "predicate": "http://www.w3.org/1999/02/22-rdf-syntax-ns#type",
        "object": "http://xmlns.com/foaf/0.1/Person"
      }
    },
    {
      "triple": {
        "subject": "/sample-data/data-2831.json",
        "predicate": "http://xmlns.com/foaf/0.1/knows",
        "object": "/sample-data/data-2265.json"
      }
    },
    {
      "triple": {
        "subject": "/sample-data/data-2831.json",
        "predicate": "http://xmlns.com/foaf/0.1/knows",
        "object": "/sample-data/data-2272.json"
      }
    },
    {
      "triple": {
        "subject": "/sample-data/data-2831.json",
        "predicate": "http://xmlns.com/foaf/0.1/knows",
        "object": "/sample-data/data-2038.json"
      }
    }
  ]
}