{
  "_id": "55ee5e450c4568df19ccdcc7",
  "index": 1905,
  "guid": "e159c17b-383e-4c8b-bffa-4de00ccb5ec7",
  "isActive": false,
  "balance": "$19,867.90",
  "picture": "http://placehold.it/32x32",
  "age": 35,
  "eyeColor": "green",
  "name": "Sosa Daugherty",
  "gender": "male",
  "company": "EMPIRICA",
  "email": "sosadaugherty@empirica.com",
  "phone": "+1 (830) 486-2840",
  "address": "468 Front Street, Gasquet, South Carolina, 8800",
  "about": "Ad eiusmod eiusmod do officia. Non esse minim velit aliquip aliqua. Irure esse dolore incididunt minim officia esse. Mollit nostrud deserunt duis do dolor sit ea anim deserunt. Aute velit culpa ex enim eiusmod nisi nisi mollit veniam duis magna labore eiusmod.\r\n",
  "registered": "2015-05-30T07:11:10-07:00",
  "tags": [
    "nisi",
    "laboris",
    "velit",
    "laborum",
    "qui",
    "Lorem",
    "aliquip"
  ],
  "friends": [
    {
      "id": 0,
      "name": "Matthews Walton"
    },
    {
      "id": 1,
      "name": "Cabrera French"
    },
    {
      "id": 2,
      "name": "Hopper Franco"
    }
  ],
  "greeting": "Hello, Sosa Daugherty! You have 4 unread messages.",
  "favoriteFruit": "apple",
  "location": {
    "latitude": -68.907601,
    "longitude": 124.42902
  },
  "docFormat": "json",
  "triples": [
    {
      "triple": {
        "subject": "/sample-data/data-1905.json",
        "predicate": "http://www.w3.org/2000/01/rdf-schema#label",
        "object": "Sosa Daugherty"
      }
    },
    {
      "triple": {
        "subject": "/sample-data/data-1905.json",
        "predicate": "http://www.w3.org/1999/02/22-rdf-syntax-ns#type",
        "object": "http://xmlns.com/foaf/0.1/Person"
      }
    },
    {
      "triple": {
        "subject": "/sample-data/data-1905.json",
        "predicate": "http://xmlns.com/foaf/0.1/knows",
        "object": "/sample-data/data-1592.json"
      }
    },
    {
      "triple": {
        "subject": "/sample-data/data-1905.json",
        "predicate": "http://xmlns.com/foaf/0.1/knows",
        "object": "/sample-data/data-1054.json"
      }
    },
    {
      "triple": {
        "subject": "/sample-data/data-1905.json",
        "predicate": "http://xmlns.com/foaf/0.1/knows",
        "object": "/sample-data/data-2593.json"
      }
    }
  ]
}