{
  "_id": "55ee5e980e4b0a7176b80552",
  "index": 2866,
  "guid": "d1902cb1-f67c-4dbb-af16-855b85497d22",
  "isActive": false,
  "balance": "$39,709.99",
  "picture": "http://placehold.it/32x32",
  "age": 68,
  "eyeColor": "green",
  "name": "Lucille Barton",
  "gender": "female",
  "company": "CONFERIA",
  "email": "lucillebarton@conferia.com",
  "phone": "+1 (926) 497-2640",
  "address": "160 Hyman Court, Leroy, Palau, 5503",
  "about": "Occaecat dolore ullamco est officia. Et nisi tempor ad commodo labore eiusmod eiusmod sit exercitation sit nulla nulla ea voluptate. Magna laborum elit et irure consequat cillum excepteur ullamco laborum elit enim laboris. Enim ipsum elit nostrud duis amet esse est aute proident velit reprehenderit non pariatur laborum.\r\n",
  "registered": "2014-11-09T06:27:07-07:00",
  "tags": [
    "sunt",
    "qui",
    "et",
    "excepteur",
    "elit",
    "excepteur",
    "dolore"
  ],
  "friends": [
    {
      "id": 0,
      "name": "Leon Kim"
    },
    {
      "id": 1,
      "name": "Florine King"
    },
    {
      "id": 2,
      "name": "Vargas Torres"
    }
  ],
  "greeting": "Hello, Lucille Barton! You have 7 unread messages.",
  "favoriteFruit": "strawberry",
  "location": {
    "latitude": 23.449098,
    "longitude": 109.736627
  },
  "docFormat": "json",
  "triples": [
    {
      "triple": {
        "subject": "/sample-data/data-2866.json",
        "predicate": "http://www.w3.org/2000/01/rdf-schema#label",
        "object": "Lucille Barton"
      }
    },
    {
      "triple": {
        "subject": "/sample-data/data-2866.json",
        "predicate": "http://www.w3.org/1999/02/22-rdf-syntax-ns#type",
        "object": "http://xmlns.com/foaf/0.1/Person"
      }
    },
    {
      "triple": {
        "subject": "/sample-data/data-2866.json",
        "predicate": "http://xmlns.com/foaf/0.1/knows",
        "object": "/sample-data/data-2410.json"
      }
    },
    {
      "triple": {
        "subject": "/sample-data/data-2866.json",
        "predicate": "http://xmlns.com/foaf/0.1/knows",
        "object": "/sample-data/data-1719.json"
      }
    },
    {
      "triple": {
        "subject": "/sample-data/data-2866.json",
        "predicate": "http://xmlns.com/foaf/0.1/knows",
        "object": "/sample-data/data-2650.json"
      }
    }
  ]
}