{
  "_id": "55ee5e45b7c297ca44ded7db",
  "index": 1964,
  "guid": "edd199bd-861f-4fa6-827e-0c49d4897016",
  "isActive": true,
  "balance": "$49,468.12",
  "picture": "http://placehold.it/32x32",
  "age": 20,
  "eyeColor": "green",
  "name": "Christian Wade",
  "gender": "male",
  "company": "KONGLE",
  "email": "christianwade@kongle.com",
  "phone": "+1 (875) 597-3187",
  "address": "196 Caton Avenue, Balm, Tennessee, 5041",
  "about": "Deserunt mollit et Lorem ipsum in ea quis reprehenderit sit cillum occaecat. Officia commodo excepteur sit officia voluptate. Mollit id ea qui veniam dolore qui esse eiusmod veniam nisi. Aute irure veniam qui laborum qui officia consequat aliquip. Do incididunt eiusmod eiusmod aute. Dolore id anim enim aute deserunt irure cillum sint qui fugiat mollit aute.\r\n",
  "registered": "2015-01-21T07:47:51-07:00",
  "tags": [
    "proident",
    "pariatur",
    "nisi",
    "incididunt",
    "mollit",
    "minim",
    "veniam"
  ],
  "friends": [
    {
      "id": 0,
      "name": "Latoya Austin"
    },
    {
      "id": 1,
      "name": "Reeves Justice"
    },
    {
      "id": 2,
      "name": "Deidre Velasquez"
    }
  ],
  "greeting": "Hello, Christian Wade! You have 9 unread messages.",
  "favoriteFruit": "orange",
  "location": {
    "latitude": -83.711834,
    "longitude": 148.573372
  },
  "docFormat": "json",
  "triples": [
    {
      "triple": {
        "subject": "/sample-data/data-1964.json",
        "predicate": "http://www.w3.org/2000/01/rdf-schema#label",
        "object": "Christian Wade"
      }
    },
    {
      "triple": {
        "subject": "/sample-data/data-1964.json",
        "predicate": "http://www.w3.org/1999/02/22-rdf-syntax-ns#type",
        "object": "http://xmlns.com/foaf/0.1/Person"
      }
    },
    {
      "triple": {
        "subject": "/sample-data/data-1964.json",
        "predicate": "http://xmlns.com/foaf/0.1/knows",
        "object": "/sample-data/data-2814.json"
      }
    },
    {
      "triple": {
        "subject": "/sample-data/data-1964.json",
        "predicate": "http://xmlns.com/foaf/0.1/knows",
        "object": "/sample-data/data-738.json"
      }
    },
    {
      "triple": {
        "subject": "/sample-data/data-1964.json",
        "predicate": "http://xmlns.com/foaf/0.1/knows",
        "object": "/sample-data/data-2277.json"
      }
    }
  ]
}