{
  "_id": "55ee5e4475f16b16844a60fe",
  "index": 890,
  "guid": "f3c0971f-572a-4c21-90ad-c42f8b883903",
  "isActive": false,
  "balance": "$32,425.35",
  "picture": "http://placehold.it/32x32",
  "age": 24,
  "eyeColor": "blue",
  "name": "Mitzi Molina",
  "gender": "female",
  "company": "GRUPOLI",
  "email": "mitzimolina@grupoli.com",
  "phone": "+1 (865) 579-2208",
  "address": "854 Bartlett Place, Ferney, Oklahoma, 6760",
  "about": "Laborum ut deserunt reprehenderit esse minim cillum ut tempor laborum voluptate nostrud. Aliqua sunt cillum ullamco tempor culpa ex. Mollit do quis laboris eiusmod nulla eiusmod nostrud. Officia nostrud anim duis incididunt. Pariatur esse eu sunt aliquip laborum. Aute esse aute aliqua laborum id eu esse occaecat adipisicing quis dolore labore.\r\n",
  "registered": "2015-06-11T05:26:39-07:00",
  "tags": [
    "magna",
    "ex",
    "eu",
    "id",
    "eiusmod",
    "velit",
    "culpa"
  ],
  "friends": [
    {
      "id": 0,
      "name": "Delia Johnston"
    },
    {
      "id": 1,
      "name": "Cabrera Olson"
    },
    {
      "id": 2,
      "name": "Hopper Barrett"
    }
  ],
  "greeting": "Hello, Mitzi Molina! You have 1 unread messages.",
  "favoriteFruit": "apple",
  "location": {
    "latitude": 15.805072,
    "longitude": -89.019493
  },
  "docFormat": "json",
  "triples": [
    {
      "triple": {
        "subject": "/sample-data/data-890.json",
        "predicate": "http://www.w3.org/2000/01/rdf-schema#label",
        "object": "Mitzi Molina"
      }
    },
    {
      "triple": {
        "subject": "/sample-data/data-890.json",
        "predicate": "http://www.w3.org/1999/02/22-rdf-syntax-ns#type",
        "object": "http://xmlns.com/foaf/0.1/Person"
      }
    },
    {
      "triple": {
        "subject": "/sample-data/data-890.json",
        "predicate": "http://xmlns.com/foaf/0.1/knows",
        "object": "/sample-data/data-1967.json"
      }
    },
    {
      "triple": {
        "subject": "/sample-data/data-890.json",
        "predicate": "http://xmlns.com/foaf/0.1/knows",
        "object": "/sample-data/data-2916.json"
      }
    },
    {
      "triple": {
        "subject": "/sample-data/data-890.json",
        "predicate": "http://xmlns.com/foaf/0.1/knows",
        "object": "/sample-data/data-2309.json"
      }
    }
  ]
}