{
  "_id": "55ee5e98763bc077a08926c5",
  "index": 2597,
  "guid": "9f315ce7-426c-431e-8ca2-6eb854d830a1",
  "isActive": true,
  "balance": "$60,704.41",
  "picture": "http://placehold.it/32x32",
  "age": 48,
  "eyeColor": "honey",
  "name": "Hunt Benson",
  "gender": "male",
  "company": "SENSATE",
  "email": "huntbenson@sensate.com",
  "phone": "+1 (949) 483-3412",
  "address": "352 Bartlett Place, Maybell, Delaware, 9055",
  "about": "Ad sit est pariatur ea amet. Cillum mollit laboris consequat eu culpa amet est sunt officia incididunt exercitation. Laborum anim magna excepteur voluptate deserunt adipisicing non mollit duis sit cillum sint consequat laboris. Esse qui dolor sint laborum dolor. Excepteur qui pariatur laboris Lorem eu ad ipsum consectetur nisi. Aliquip aute enim quis do ut amet nulla pariatur incididunt anim in labore do. Voluptate id deserunt exercitation culpa occaecat officia officia proident commodo aliqua elit.\r\n",
  "registered": "2014-09-13T09:19:16-07:00",
  "tags": [
    "deserunt",
    "est",
    "anim",
    "labore",
    "laborum",
    "tempor",
    "ipsum"
  ],
  "friends": [
    {
      "id": 0,
      "name": "Luna Wilder"
    },
    {
      "id": 1,
      "name": "Delaney Vang"
    },
    {
      "id": 2,
      "name": "Fuller Terrell"
    }
  ],
  "greeting": "Hello, Hunt Benson! You have 3 unread messages.",
  "favoriteFruit": "pear",
  "location": {
    "latitude": -58.254349,
    "longitude": 145.701252
  },
  "docFormat": "json",
  "triples": [
    {
      "triple": {
        "subject": "/sample-data/data-2597.json",
        "predicate": "http://www.w3.org/2000/01/rdf-schema#label",
        "object": "Hunt Benson"
      }
    },
    {
      "triple": {
        "subject": "/sample-data/data-2597.json",
        "predicate": "http://www.w3.org/1999/02/22-rdf-syntax-ns#type",
        "object": "http://xmlns.com/foaf/0.1/Person"
      }
    },
    {
      "triple": {
        "subject": "/sample-data/data-2597.json",
        "predicate": "http://xmlns.com/foaf/0.1/knows",
        "object": "/sample-data/data-734.json"
      }
    },
    {
      "triple": {
        "subject": "/sample-data/data-2597.json",
        "predicate": "http://xmlns.com/foaf/0.1/knows",
        "object": "/sample-data/data-2684.json"
      }
    },
    {
      "triple": {
        "subject": "/sample-data/data-2597.json",
        "predicate": "http://xmlns.com/foaf/0.1/knows",
        "object": "/sample-data/data-2536.json"
      }
    }
  ]
}