{
  "_id": "55ee5e984ec73f14e5680ea8",
  "index": 2519,
  "guid": "a5610a05-e975-493c-8731-a9ff80cb0864",
  "isActive": false,
  "balance": "$11,406.37",
  "picture": "http://placehold.it/32x32",
  "age": 25,
  "eyeColor": "amethyst",
  "name": "Levine Jordan",
  "gender": "male",
  "company": "NETILITY",
  "email": "levinejordan@netility.com",
  "phone": "+1 (878) 478-3429",
  "address": "423 Ide Court, Washington, New Mexico, 3112",
  "about": "Est veniam incididunt eu reprehenderit culpa. Occaecat occaecat eiusmod aliquip aute. Eiusmod incididunt nostrud est ut aute culpa eiusmod est officia officia anim voluptate sunt. Velit aliqua mollit consequat in adipisicing dolor elit.\r\n",
  "registered": "2015-08-18T02:28:09-07:00",
  "tags": [
    "deserunt",
    "occaecat",
    "occaecat",
    "tempor",
    "veniam",
    "officia",
    "magna"
  ],
  "friends": [
    {
      "id": 0,
      "name": "Fox Gross"
    },
    {
      "id": 1,
      "name": "Lorie Donovan"
    },
    {
      "id": 2,
      "name": "Patton Dodson"
    }
  ],
  "greeting": "Hello, Levine Jordan! You have 7 unread messages.",
  "favoriteFruit": "banana",
  "location": {
    "latitude": -53.716216,
    "longitude": 17.095783
  },
  "docFormat": "json",
  "triples": [
    {
      "triple": {
        "subject": "/sample-data/data-2519.json",
        "predicate": "http://www.w3.org/2000/01/rdf-schema#label",
        "object": "Levine Jordan"
      }
    },
    {
      "triple": {
        "subject": "/sample-data/data-2519.json",
        "predicate": "http://www.w3.org/1999/02/22-rdf-syntax-ns#type",
        "object": "http://xmlns.com/foaf/0.1/Person"
      }
    },
    {
      "triple": {
        "subject": "/sample-data/data-2519.json",
        "predicate": "http://xmlns.com/foaf/0.1/knows",
        "object": "/sample-data/data-2921.json"
      }
    },
    {
      "triple": {
        "subject": "/sample-data/data-2519.json",
        "predicate": "http://xmlns.com/foaf/0.1/knows",
        "object": "/sample-data/data-1774.json"
      }
    },
    {
      "triple": {
        "subject": "/sample-data/data-2519.json",
        "predicate": "http://xmlns.com/foaf/0.1/knows",
        "object": "/sample-data/data-1289.json"
      }
    }
  ]
}