{
  "_id": "55ee5e447a12d976d84437f7",
  "index": 1477,
  "guid": "920afc15-b361-4e58-ab1a-ae7597280d87",
  "isActive": true,
  "balance": "$87,934.84",
  "picture": "http://placehold.it/32x32",
  "age": 60,
  "eyeColor": "blue",
  "name": "King Solomon",
  "gender": "male",
  "company": "FRENEX",
  "email": "kingsolomon@frenex.com",
  "phone": "+1 (867) 545-2873",
  "address": "902 Jackson Street, Harrison, Hawaii, 6213",
  "about": "Culpa dolore irure consequat non excepteur sit. Sit et id enim do mollit aliqua nulla occaecat amet nulla. In sit et fugiat reprehenderit tempor aliqua fugiat eiusmod eu labore id commodo. Id eu commodo et qui sunt quis ad est ex reprehenderit veniam ad.\r\n",
  "registered": "2014-03-25T06:57:18-07:00",
  "tags": [
    "duis",
    "elit",
    "tempor",
    "do",
    "mollit",
    "aute",
    "cillum"
  ],
  "friends": [
    {
      "id": 0,
      "name": "Letitia Klein"
    },
    {
      "id": 1,
      "name": "Welch Chambers"
    },
    {
      "id": 2,
      "name": "Kathy Shaw"
    }
  ],
  "greeting": "Hello, King Solomon! You have 1 unread messages.",
  "favoriteFruit": "banana",
  "location": {
    "latitude": 41.875258,
    "longitude": -16.107925
  },
  "docFormat": "json",
  "triples": [
    {
      "triple": {
        "subject": "/sample-data/data-1477.json",
        "predicate": "http://www.w3.org/2000/01/rdf-schema#label",
        "object": "King Solomon"
      }
    },
    {
      "triple": {
        "subject": "/sample-data/data-1477.json",
        "predicate": "http://www.w3.org/1999/02/22-rdf-syntax-ns#type",
        "object": "http://xmlns.com/foaf/0.1/Person"
      }
    },
    {
      "triple": {
        "subject": "/sample-data/data-1477.json",
        "predicate": "http://xmlns.com/foaf/0.1/knows",
        "object": "/sample-data/data-2572.json"
      }
    },
    {
      "triple": {
        "subject": "/sample-data/data-1477.json",
        "predicate": "http://xmlns.com/foaf/0.1/knows",
        "object": "/sample-data/data-1354.json"
      }
    },
    {
      "triple": {
        "subject": "/sample-data/data-1477.json",
        "predicate": "http://xmlns.com/foaf/0.1/knows",
        "object": "/sample-data/data-1040.json"
      }
    }
  ]
}