{
  "_id": "55ee5e443b0636d922da696e",
  "index": 238,
  "guid": "f63b1a67-e2e4-4bb0-af06-ec17281263b7",
  "isActive": true,
  "balance": "$6,510.35",
  "picture": "http://placehold.it/32x32",
  "age": 47,
  "eyeColor": "brown",
  "name": "Robbie Keith",
  "gender": "female",
  "company": "MEDIFAX",
  "email": "robbiekeith@medifax.com",
  "phone": "+1 (880) 406-2004",
  "address": "753 Hornell Loop, Jennings, Alabama, 3739",
  "about": "Aute mollit deserunt commodo pariatur eu amet veniam. Eu laborum labore dolor reprehenderit Lorem. In voluptate est fugiat voluptate irure magna consectetur laborum. Qui irure ea amet non non officia non laboris laboris mollit.\r\n",
  "registered": "2014-03-01T03:19:46-07:00",
  "tags": [
    "enim",
    "labore",
    "laboris",
    "anim",
    "laborum",
    "laborum",
    "do"
  ],
  "friends": [
    {
      "id": 0,
      "name": "Marci Guthrie"
    },
    {
      "id": 1,
      "name": "Liza Barry"
    },
    {
      "id": 2,
      "name": "Clemons Workman"
    }
  ],
  "greeting": "Hello, Robbie Keith! You have 6 unread messages.",
  "favoriteFruit": "pear",
  "location": {
    "latitude": -59.309943,
    "longitude": 143.04889
  },
  "docFormat": "json",
  "triples": [
    {
      "triple": {
        "subject": "/sample-data/data-238.json",
        "predicate": "http://www.w3.org/2000/01/rdf-schema#label",
        "object": "Robbie Keith"
      }
    },
    {
      "triple": {
        "subject": "/sample-data/data-238.json",
        "predicate": "http://www.w3.org/1999/02/22-rdf-syntax-ns#type",
        "object": "http://xmlns.com/foaf/0.1/Person"
      }
    },
    {
      "triple": {
        "subject": "/sample-data/data-238.json",
        "predicate": "http://xmlns.com/foaf/0.1/knows",
        "object": "/sample-data/data-468.json"
      }
    },
    {
      "triple": {
        "subject": "/sample-data/data-238.json",
        "predicate": "http://xmlns.com/foaf/0.1/knows",
        "object": "/sample-data/data-1728.json"
      }
    },
    {
      "triple": {
        "subject": "/sample-data/data-238.json",
        "predicate": "http://xmlns.com/foaf/0.1/knows",
        "object": "/sample-data/data-1488.json"
      }
    }
  ]
}