{
  "_id": "55ee5e98faacb8fb3ebe1a14",
  "index": 2758,
  "guid": "07127000-5147-478d-b91f-9dd7f91d588b",
  "isActive": true,
  "balance": "$78,307.54",
  "picture": "http://placehold.it/32x32",
  "age": 50,
  "eyeColor": "blue",
  "name": "Mendoza Whitaker",
  "gender": "male",
  "company": "MACRONAUT",
  "email": "mendozawhitaker@macronaut.com",
  "phone": "+1 (876) 571-2497",
  "address": "614 Hubbard Street, Laurelton, Northern Mariana Islands, 5935",
  "about": "Nulla anim deserunt commodo quis incididunt. Consectetur aute labore mollit ipsum dolor ex est ad dolore tempor laborum esse consequat. Amet mollit est elit qui. Non excepteur cillum anim tempor velit exercitation excepteur ullamco quis.\r\n",
  "registered": "2014-10-13T09:29:22-07:00",
  "tags": [
    "in",
    "anim",
    "proident",
    "proident",
    "deserunt",
    "et",
    "sunt"
  ],
  "friends": [
    {
      "id": 0,
      "name": "Lawrence Henson"
    },
    {
      "id": 1,
      "name": "Andrea Todd"
    },
    {
      "id": 2,
      "name": "Emma Randolph"
    }
  ],
  "greeting": "Hello, Mendoza Whitaker! You have 7 unread messages.",
  "favoriteFruit": "banana",
  "location": {
    "latitude": -34.449107,
    "longitude": -54.638711
  },
  "docFormat": "json",
  "triples": [
    {
      "triple": {
        "subject": "/sample-data/data-2758.json",
        "predicate": "http://www.w3.org/2000/01/rdf-schema#label",
        "object": "Mendoza Whitaker"
      }
    },
    {
      "triple": {
        "subject": "/sample-data/data-2758.json",
        "predicate": "http://www.w3.org/1999/02/22-rdf-syntax-ns#type",
        "object": "http://xmlns.com/foaf/0.1/Person"
      }
    },
    {
      "triple": {
        "subject": "/sample-data/data-2758.json",
        "predicate": "http://xmlns.com/foaf/0.1/knows",
        "object": "/sample-data/data-2634.json"
      }
    },
    {
      "triple": {
        "subject": "/sample-data/data-2758.json",
        "predicate": "http://xmlns.com/foaf/0.1/knows",
        "object": "/sample-data/data-2694.json"
      }
    },
    {
      "triple": {
        "subject": "/sample-data/data-2758.json",
        "predicate": "http://xmlns.com/foaf/0.1/knows",
        "object": "/sample-data/data-1069.json"
      }
    }
  ]
}