{
  "_id": "55ee5e44e4d43a3a8fb0cbd5",
  "index": 170,
  "guid": "48ea53e9-afa3-45e1-9da1-d9c92e074112",
  "isActive": true,
  "balance": "$33,551.77",
  "picture": "http://placehold.it/32x32",
  "age": 40,
  "eyeColor": "brown",
  "name": "Tracie Rowe",
  "gender": "female",
  "company": "PLASMOSIS",
  "email": "tracierowe@plasmosis.com",
  "phone": "+1 (940) 546-2392",
  "address": "677 Grimes Road, Celeryville, Maryland, 9346",
  "about": "Commodo aute proident qui ad mollit ullamco proident. Commodo enim non nisi eu quis. Ipsum minim quis voluptate esse amet exercitation tempor eu aliquip sit. Minim ullamco non culpa eiusmod esse nisi mollit tempor consectetur mollit incididunt proident aute eiusmod. Minim ullamco mollit labore quis occaecat sit Lorem id qui reprehenderit est aliquip proident sint.\r\n",
  "registered": "2015-03-13T09:06:47-07:00",
  "tags": [
    "consectetur",
    "ut",
    "ea",
    "adipisicing",
    "consequat",
    "dolore",
    "veniam"
  ],
  "friends": [
    {
      "id": 0,
      "name": "Pittman Keller"
    },
    {
      "id": 1,
      "name": "Cardenas Hendricks"
    },
    {
      "id": 2,
      "name": "Ophelia Jackson"
    }
  ],
  "greeting": "Hello, Tracie Rowe! You have 5 unread messages.",
  "favoriteFruit": "strawberry",
  "location": {
    "latitude": 50.021678,
    "longitude": 38.534754
  },
  "docFormat": "json",
  "triples": [
    {
      "triple": {
        "subject": "/sample-data/data-170.json",
        "predicate": "http://www.w3.org/2000/01/rdf-schema#label",
        "object": "Tracie Rowe"
      }
    },
    {
      "triple": {
        "subject": "/sample-data/data-170.json",
        "predicate": "http://www.w3.org/1999/02/22-rdf-syntax-ns#type",
        "object": "http://xmlns.com/foaf/0.1/Person"
      }
    },
    {
      "triple": {
        "subject": "/sample-data/data-170.json",
        "predicate": "http://xmlns.com/foaf/0.1/knows",
        "object": "/sample-data/data-1931.json"
      }
    },
    {
      "triple": {
        "subject": "/sample-data/data-170.json",
        "predicate": "http://xmlns.com/foaf/0.1/knows",
        "object": "/sample-data/data-2501.json"
      }
    },
    {
      "triple": {
        "subject": "/sample-data/data-170.json",
        "predicate": "http://xmlns.com/foaf/0.1/knows",
        "object": "/sample-data/data-625.json"
      }
    }
  ]
}