{
  "_id": "55ee5e452919a9baa18eec1d",
  "index": 1552,
  "guid": "04b8c9d4-c275-41cb-91d0-303399d21950",
  "isActive": true,
  "balance": "$49,643.57",
  "picture": "http://placehold.it/32x32",
  "age": 32,
  "eyeColor": "blue",
  "name": "Christi Boyle",
  "gender": "female",
  "company": "GEEKY",
  "email": "christiboyle@geeky.com",
  "phone": "+1 (907) 554-2125",
  "address": "448 Channel Avenue, Ada, Mississippi, 5439",
  "about": "Tempor quis ut ad minim cillum nostrud mollit id eiusmod est. Adipisicing ad sint eu Lorem dolor. Aute nulla ea dolore dolore magna laboris id adipisicing proident velit enim in. Ad reprehenderit ad id incididunt occaecat aliqua eu proident. Nostrud sunt aliquip ex Lorem est occaecat sit deserunt. Elit anim Lorem elit id aliqua labore anim. Adipisicing quis duis cillum et aliquip labore irure fugiat.\r\n",
  "registered": "2014-04-22T12:40:02-07:00",
  "tags": [
    "labore",
    "velit",
    "nostrud",
    "veniam",
    "Lorem",
    "sunt",
    "consectetur"
  ],
  "friends": [
    {
      "id": 0,
      "name": "Rhea Singleton"
    },
    {
      "id": 1,
      "name": "Hill Harvey"
    },
    {
      "id": 2,
      "name": "Danielle Gregory"
    }
  ],
  "greeting": "Hello, Christi Boyle! You have 5 unread messages.",
  "favoriteFruit": "apple",
  "location": {
    "latitude": 9.249778,
    "longitude": -48.568697
  },
  "docFormat": "json",
  "triples": [
    {
      "triple": {
        "subject": "/sample-data/data-1552.json",
        "predicate": "http://www.w3.org/2000/01/rdf-schema#label",
        "object": "Christi Boyle"
      }
    },
    {
      "triple": {
        "subject": "/sample-data/data-1552.json",
        "predicate": "http://www.w3.org/1999/02/22-rdf-syntax-ns#type",
        "object": "http://xmlns.com/foaf/0.1/Person"
      }
    },
    {
      "triple": {
        "subject": "/sample-data/data-1552.json",
        "predicate": "http://xmlns.com/foaf/0.1/knows",
        "object": "/sample-data/data-2758.json"
      }
    },
    {
      "triple": {
        "subject": "/sample-data/data-1552.json",
        "predicate": "http://xmlns.com/foaf/0.1/knows",
        "object": "/sample-data/data-1538.json"
      }
    },
    {
      "triple": {
        "subject": "/sample-data/data-1552.json",
        "predicate": "http://xmlns.com/foaf/0.1/knows",
        "object": "/sample-data/data-2060.json"
      }
    }
  ]
}