{
  "_id": "55ee5e987c3b92baa7f69da4",
  "index": 2329,
  "guid": "93d1aa68-6682-42f9-b7fd-a01d7863b02c",
  "isActive": true,
  "balance": "$7,700.54",
  "picture": "http://placehold.it/32x32",
  "age": 38,
  "eyeColor": "brown",
  "name": "Claudia Franks",
  "gender": "female",
  "company": "GREEKER",
  "email": "claudiafranks@greeker.com",
  "phone": "+1 (918) 453-2999",
  "address": "632 Forbell Street, Beaulieu, Iowa, 223",
  "about": "Sunt enim qui cupidatat aliquip sint ex quis quis fugiat culpa velit proident culpa ad. Lorem est voluptate quis mollit veniam ullamco ullamco incididunt cupidatat et elit minim deserunt duis. Tempor id et incididunt exercitation commodo aliqua. Ut exercitation eu duis aliquip nisi adipisicing quis elit magna amet ad magna ex consectetur.\r\n",
  "registered": "2014-03-11T06:31:39-07:00",
  "tags": [
    "in",
    "incididunt",
    "aute",
    "Lorem",
    "est",
    "fugiat",
    "excepteur"
  ],
  "friends": [
    {
      "id": 0,
      "name": "Rivers Oneill"
    },
    {
      "id": 1,
      "name": "Monica Herring"
    },
    {
      "id": 2,
      "name": "Noelle Sherman"
    }
  ],
  "greeting": "Hello, Claudia Franks! You have 3 unread messages.",
  "favoriteFruit": "apple",
  "location": {
    "latitude": 67.876915,
    "longitude": 169.94508
  },
  "docFormat": "json",
  "triples": [
    {
      "triple": {
        "subject": "/sample-data/data-2329.json",
        "predicate": "http://www.w3.org/2000/01/rdf-schema#label",
        "object": "Claudia Franks"
      }
    },
    {
      "triple": {
        "subject": "/sample-data/data-2329.json",
        "predicate": "http://www.w3.org/1999/02/22-rdf-syntax-ns#type",
        "object": "http://xmlns.com/foaf/0.1/Person"
      }
    },
    {
      "triple": {
        "subject": "/sample-data/data-2329.json",
        "predicate": "http://xmlns.com/foaf/0.1/knows",
        "object": "/sample-data/data-1567.json"
      }
    },
    {
      "triple": {
        "subject": "/sample-data/data-2329.json",
        "predicate": "http://xmlns.com/foaf/0.1/knows",
        "object": "/sample-data/data-1984.json"
      }
    },
    {
      "triple": {
        "subject": "/sample-data/data-2329.json",
        "predicate": "http://xmlns.com/foaf/0.1/knows",
        "object": "/sample-data/data-868.json"
      }
    }
  ]
}