{
  "_id": "55ee5e44e85c841350ffa649",
  "index": 27,
  "guid": "13ca19b2-b76e-4ec0-81d7-93f0b45275d6",
  "isActive": false,
  "balance": "$24,601.47",
  "picture": "http://placehold.it/32x32",
  "age": 27,
  "eyeColor": "blue",
  "name": "Alissa Cherry",
  "gender": "female",
  "company": "SONIQUE",
  "email": "alissacherry@sonique.com",
  "phone": "+1 (821) 500-3920",
  "address": "714 School Lane, Coleville, Hawaii, 5857",
  "about": "Sit reprehenderit et do quis labore eu veniam consequat eu sint in. Labore veniam irure adipisicing anim sit ullamco et Lorem nostrud qui aliquip aute. Commodo elit et laboris do. Aliquip excepteur cillum mollit adipisicing est officia est fugiat irure voluptate velit adipisicing excepteur dolor. Adipisicing labore laboris sint laborum cupidatat est cillum commodo veniam velit officia.\r\n",
  "registered": "2015-03-31T11:57:28-07:00",
  "tags": [
    "enim",
    "tempor",
    "laborum",
    "Lorem",
    "consequat",
    "est",
    "magna"
  ],
  "friends": [
    {
      "id": 0,
      "name": "Pierce Silva"
    },
    {
      "id": 1,
      "name": "Shields Kim"
    },
    {
      "id": 2,
      "name": "Tina Spence"
    }
  ],
  "greeting": "Hello, Alissa Cherry! You have 3 unread messages.",
  "favoriteFruit": "apple",
  "location": {
    "latitude": -35.2073,
    "longitude": -2.944966
  },
  "docFormat": "json",
  "triples": [
    {
      "triple": {
        "subject": "/sample-data/data-27.json",
        "predicate": "http://www.w3.org/2000/01/rdf-schema#label",
        "object": "Alissa Cherry"
      }
    },
    {
      "triple": {
        "subject": "/sample-data/data-27.json",
        "predicate": "http://www.w3.org/1999/02/22-rdf-syntax-ns#type",
        "object": "http://xmlns.com/foaf/0.1/Person"
      }
    },
    {
      "triple": {
        "subject": "/sample-data/data-27.json",
        "predicate": "http://xmlns.com/foaf/0.1/knows",
        "object": "/sample-data/data-187.json"
      }
    },
    {
      "triple": {
        "subject": "/sample-data/data-27.json",
        "predicate": "http://xmlns.com/foaf/0.1/knows",
        "object": "/sample-data/data-2538.json"
      }
    },
    {
      "triple": {
        "subject": "/sample-data/data-27.json",
        "predicate": "http://xmlns.com/foaf/0.1/knows",
        "object": "/sample-data/data-383.json"
      }
    }
  ]
}