{
  "_id": "55ee5e448dfc319fce602240",
  "index": 613,
  "guid": "d8140466-3eef-4575-82e0-5327afeaf2c3",
  "isActive": true,
  "balance": "$86,273.77",
  "picture": "http://placehold.it/32x32",
  "age": 32,
  "eyeColor": "brown",
  "name": "Helga Wall",
  "gender": "female",
  "company": "PROGENEX",
  "email": "helgawall@progenex.com",
  "phone": "+1 (939) 537-2751",
  "address": "227 Williams Court, Trinway, Connecticut, 2137",
  "about": "Non reprehenderit culpa reprehenderit cupidatat fugiat aliquip duis. Sunt deserunt labore eiusmod elit minim aute consequat laboris id voluptate. Deserunt ullamco ullamco irure non voluptate aliquip esse. Deserunt ad ut dolor est. Sit eiusmod cupidatat officia exercitation.\r\n",
  "registered": "2014-09-18T06:53:51-07:00",
  "tags": [
    "ex",
    "laborum",
    "dolor",
    "nisi",
    "mollit",
    "mollit",
    "laborum"
  ],
  "friends": [
    {
      "id": 0,
      "name": "Cervantes Odonnell"
    },
    {
      "id": 1,
      "name": "Jeanne Atkins"
    },
    {
      "id": 2,
      "name": "Lara Dickson"
    }
  ],
  "greeting": "Hello, Helga Wall! You have 8 unread messages.",
  "favoriteFruit": "banana",
  "location": {
    "latitude": 58.195487,
    "longitude": -81.476665
  },
  "docFormat": "json",
  "triples": [
    {
      "triple": {
        "subject": "/sample-data/data-613.json",
        "predicate": "http://www.w3.org/2000/01/rdf-schema#label",
        "object": "Helga Wall"
      }
    },
    {
      "triple": {
        "subject": "/sample-data/data-613.json",
        "predicate": "http://www.w3.org/1999/02/22-rdf-syntax-ns#type",
        "object": "http://xmlns.com/foaf/0.1/Person"
      }
    },
    {
      "triple": {
        "subject": "/sample-data/data-613.json",
        "predicate": "http://xmlns.com/foaf/0.1/knows",
        "object": "/sample-data/data-2649.json"
      }
    },
    {
      "triple": {
        "subject": "/sample-data/data-613.json",
        "predicate": "http://xmlns.com/foaf/0.1/knows",
        "object": "/sample-data/data-1412.json"
      }
    },
    {
      "triple": {
        "subject": "/sample-data/data-613.json",
        "predicate": "http://xmlns.com/foaf/0.1/knows",
        "object": "/sample-data/data-2168.json"
      }
    }
  ]
}