{
  "_id": "55ee5e44cbfe7ee71e9a688a",
  "index": 5,
  "guid": "3b78a2ca-d6ad-41bf-b14a-f5e1d8190e50",
  "isActive": false,
  "balance": "$72,981.03",
  "picture": "http://placehold.it/32x32",
  "age": 23,
  "eyeColor": "brown",
  "name": "Johanna Lindsey",
  "gender": "female",
  "company": "COASH",
  "email": "johannalindsey@coash.com",
  "phone": "+1 (950) 588-2841",
  "address": "937 Bethel Loop, Hartsville/Hartley, Ohio, 6905",
  "about": "Aute commodo sit ullamco eu id sit laborum aute excepteur ipsum. Dolore do ex sint culpa incididunt aute cillum. Aute commodo deserunt non sunt ad exercitation id est tempor magna amet exercitation. Ad non non nostrud quis. Nisi et nulla esse ex esse cupidatat non consequat proident ea ullamco cupidatat eiusmod. Laboris non elit veniam dolore consectetur tempor consequat fugiat exercitation pariatur.\r\n",
  "registered": "2015-03-17T12:05:00-07:00",
  "tags": [
    "Lorem",
    "exercitation",
    "dolore",
    "pariatur",
    "cillum",
    "esse",
    "adipisicing"
  ],
  "friends": [
    {
      "id": 0,
      "name": "Viola Drake"
    },
    {
      "id": 1,
      "name": "Marcia Graves"
    },
    {
      "id": 2,
      "name": "Shelton Hansen"
    }
  ],
  "greeting": "Hello, Johanna Lindsey! You have 2 unread messages.",
  "favoriteFruit": "apple",
  "location": {
    "latitude": 80.683152,
    "longitude": 82.153798
  },
  "docFormat": "json",
  "triples": [
    {
      "triple": {
        "subject": "/sample-data/data-5.json",
        "predicate": "http://www.w3.org/2000/01/rdf-schema#label",
        "object": "Johanna Lindsey"
      }
    },
    {
      "triple": {
        "subject": "/sample-data/data-5.json",
        "predicate": "http://www.w3.org/1999/02/22-rdf-syntax-ns#type",
        "object": "http://xmlns.com/foaf/0.1/Person"
      }
    },
    {
      "triple": {
        "subject": "/sample-data/data-5.json",
        "predicate": "http://xmlns.com/foaf/0.1/knows",
        "object": "/sample-data/data-1620.json"
      }
    },
    {
      "triple": {
        "subject": "/sample-data/data-5.json",
        "predicate": "http://xmlns.com/foaf/0.1/knows",
        "object": "/sample-data/data-1855.json"
      }
    },
    {
      "triple": {
        "subject": "/sample-data/data-5.json",
        "predicate": "http://xmlns.com/foaf/0.1/knows",
        "object": "/sample-data/data-93.json"
      }
    }
  ]
}