{
  "_id": "55ee5e98eae71e13dbd411fd",
  "index": 2692,
  "guid": "8fb22a8b-409e-4487-a776-7d320432b7db",
  "isActive": false,
  "balance": "$36,642.62",
  "picture": "http://placehold.it/32x32",
  "age": 26,
  "eyeColor": "brown",
  "name": "Curry Patel",
  "gender": "male",
  "company": "PLASMOX",
  "email": "currypatel@plasmox.com",
  "phone": "+1 (993) 401-3783",
  "address": "550 Whitney Avenue, Shaft, Palau, 7975",
  "about": "Consequat ipsum do in nostrud minim. Magna ut cupidatat dolore deserunt. Cupidatat laborum fugiat id minim culpa laboris veniam ad anim minim voluptate. Laboris exercitation cillum consequat amet ea aute dolor proident veniam. Ad deserunt enim do do amet consequat incididunt cupidatat amet voluptate veniam consequat incididunt tempor. Velit ullamco dolore anim ad irure pariatur fugiat commodo cupidatat aute anim sit ex. Occaecat Lorem laborum nulla ex aliqua eiusmod ut culpa commodo magna consequat.\r\n",
  "registered": "2015-02-15T01:13:38-07:00",
  "tags": [
    "non",
    "culpa",
    "tempor",
    "ad",
    "magna",
    "proident",
    "nisi"
  ],
  "friends": [
    {
      "id": 0,
      "name": "Trujillo Newton"
    },
    {
      "id": 1,
      "name": "Tracey Woodward"
    },
    {
      "id": 2,
      "name": "Keller Henry"
    }
  ],
  "greeting": "Hello, Curry Patel! You have 6 unread messages.",
  "favoriteFruit": "orange",
  "location": {
    "latitude": -86.8906,
    "longitude": 41.325164
  },
  "docFormat": "json",
  "triples": [
    {
      "triple": {
        "subject": "/sample-data/data-2692.json",
        "predicate": "http://www.w3.org/2000/01/rdf-schema#label",
        "object": "Curry Patel"
      }
    },
    {
      "triple": {
        "subject": "/sample-data/data-2692.json",
        "predicate": "http://www.w3.org/1999/02/22-rdf-syntax-ns#type",
        "object": "http://xmlns.com/foaf/0.1/Person"
      }
    },
    {
      "triple": {
        "subject": "/sample-data/data-2692.json",
        "predicate": "http://xmlns.com/foaf/0.1/knows",
        "object": "/sample-data/data-2883.json"
      }
    },
    {
      "triple": {
        "subject": "/sample-data/data-2692.json",
        "predicate": "http://xmlns.com/foaf/0.1/knows",
        "object": "/sample-data/data-2122.json"
      }
    },
    {
      "triple": {
        "subject": "/sample-data/data-2692.json",
        "predicate": "http://xmlns.com/foaf/0.1/knows",
        "object": "/sample-data/data-325.json"
      }
    }
  ]
}