{
  "_id": "55ee5e4421ebec289b3d1717",
  "index": 665,
  "guid": "ac602a1f-d214-4430-a776-0c569bb2b175",
  "isActive": false,
  "balance": "$16,622.60",
  "picture": "http://placehold.it/32x32",
  "age": 23,
  "eyeColor": "blue",
  "name": "Maggie Clarke",
  "gender": "female",
  "company": "VIOCULAR",
  "email": "maggieclarke@viocular.com",
  "phone": "+1 (944) 486-3401",
  "address": "609 Sumpter Street, Ivanhoe, Hawaii, 6967",
  "about": "Mollit esse enim fugiat minim est laboris id sit esse fugiat nulla esse proident velit. Non dolor mollit laboris laboris labore do cupidatat mollit incididunt ex duis qui. Aute occaecat amet culpa aliquip magna proident excepteur cupidatat esse incididunt ex. Ea consectetur duis aliquip sint tempor veniam veniam velit.\r\n",
  "registered": "2015-01-19T02:29:40-07:00",
  "tags": [
    "ullamco",
    "aliquip",
    "est",
    "aute",
    "veniam",
    "excepteur",
    "proident"
  ],
  "friends": [
    {
      "id": 0,
      "name": "George Ferrell"
    },
    {
      "id": 1,
      "name": "Barbara Sweeney"
    },
    {
      "id": 2,
      "name": "Mia Macias"
    }
  ],
  "greeting": "Hello, Maggie Clarke! You have 9 unread messages.",
  "favoriteFruit": "apple",
  "location": {
    "latitude": 76.733538,
    "longitude": -148.957653
  },
  "docFormat": "json",
  "triples": [
    {
      "triple": {
        "subject": "/sample-data/data-665.json",
        "predicate": "http://www.w3.org/2000/01/rdf-schema#label",
        "object": "Maggie Clarke"
      }
    },
    {
      "triple": {
        "subject": "/sample-data/data-665.json",
        "predicate": "http://www.w3.org/1999/02/22-rdf-syntax-ns#type",
        "object": "http://xmlns.com/foaf/0.1/Person"
      }
    },
    {
      "triple": {
        "subject": "/sample-data/data-665.json",
        "predicate": "http://xmlns.com/foaf/0.1/knows",
        "object": "/sample-data/data-2007.json"
      }
    },
    {
      "triple": {
        "subject": "/sample-data/data-665.json",
        "predicate": "http://xmlns.com/foaf/0.1/knows",
        "object": "/sample-data/data-2211.json"
      }
    },
    {
      "triple": {
        "subject": "/sample-data/data-665.json",
        "predicate": "http://xmlns.com/foaf/0.1/knows",
        "object": "/sample-data/data-815.json"
      }
    }
  ]
}