{
  "_id": "55ee5e98e6fea7bb013b489c",
  "index": 2112,
  "guid": "59944625-9901-4e3e-bbb4-6287449367e1",
  "isActive": false,
  "balance": "$71,569.96",
  "picture": "http://placehold.it/32x32",
  "age": 23,
  "eyeColor": "honey",
  "name": "Gayle Little",
  "gender": "female",
  "company": "FLUMBO",
  "email": "gaylelittle@flumbo.com",
  "phone": "+1 (863) 600-2310",
  "address": "621 Liberty Avenue, Glenville, Palau, 9431",
  "about": "Aliquip veniam mollit irure do cillum ullamco ut voluptate nostrud aliquip occaecat amet culpa. Minim id officia voluptate laborum eiusmod minim consequat laboris sit. Cillum voluptate ea ut veniam consectetur amet in sunt. Labore et exercitation qui occaecat exercitation labore eu eiusmod dolor non sit.\r\n",
  "registered": "2014-04-30T05:33:40-07:00",
  "tags": [
    "id",
    "ut",
    "dolor",
    "irure",
    "aliquip",
    "id",
    "amet"
  ],
  "friends": [
    {
      "id": 0,
      "name": "Best Zamora"
    },
    {
      "id": 1,
      "name": "Kasey Conrad"
    },
    {
      "id": 2,
      "name": "Reva Delgado"
    }
  ],
  "greeting": "Hello, Gayle Little! You have 10 unread messages.",
  "favoriteFruit": "apple",
  "location": {
    "latitude": -69.327168,
    "longitude": 27.385172
  },
  "docFormat": "json",
  "triples": [
    {
      "triple": {
        "subject": "/sample-data/data-2112.json",
        "predicate": "http://www.w3.org/2000/01/rdf-schema#label",
        "object": "Gayle Little"
      }
    },
    {
      "triple": {
        "subject": "/sample-data/data-2112.json",
        "predicate": "http://www.w3.org/1999/02/22-rdf-syntax-ns#type",
        "object": "http://xmlns.com/foaf/0.1/Person"
      }
    },
    {
      "triple": {
        "subject": "/sample-data/data-2112.json",
        "predicate": "http://xmlns.com/foaf/0.1/knows",
        "object": "/sample-data/data-714.json"
      }
    },
    {
      "triple": {
        "subject": "/sample-data/data-2112.json",
        "predicate": "http://xmlns.com/foaf/0.1/knows",
        "object": "/sample-data/data-1208.json"
      }
    },
    {
      "triple": {
        "subject": "/sample-data/data-2112.json",
        "predicate": "http://xmlns.com/foaf/0.1/knows",
        "object": "/sample-data/data-523.json"
      }
    }
  ]
}