{
  "_id": "55ee5e446b6aaec3d9d0aef5",
  "index": 428,
  "guid": "b9f0ea8d-52a5-4c15-9b29-9848fbc4c1a6",
  "isActive": true,
  "balance": "$76,316.99",
  "picture": "http://placehold.it/32x32",
  "age": 70,
  "eyeColor": "blue",
  "name": "Rivera Sullivan",
  "gender": "male",
  "company": "DECRATEX",
  "email": "riverasullivan@decratex.com",
  "phone": "+1 (879) 569-2218",
  "address": "312 Ridge Court, Omar, Federated States Of Micronesia, 5332",
  "about": "Non anim reprehenderit nisi magna ullamco mollit sit amet et. Amet Lorem nisi est sint dolore commodo ullamco nostrud nulla nostrud Lorem et ipsum do. Nostrud amet do fugiat minim in laboris magna officia ex dolor sunt consectetur.\r\n",
  "registered": "2015-05-17T12:07:06-07:00",
  "tags": [
    "aute",
    "nisi",
    "in",
    "labore",
    "dolor",
    "minim",
    "ut"
  ],
  "friends": [
    {
      "id": 0,
      "name": "Francis Green"
    },
    {
      "id": 1,
      "name": "Dixie Mcclure"
    },
    {
      "id": 2,
      "name": "Glover Hall"
    }
  ],
  "greeting": "Hello, Rivera Sullivan! You have 9 unread messages.",
  "favoriteFruit": "apple",
  "location": {
    "latitude": 76.870353,
    "longitude": 142.023571
  },
  "docFormat": "json",
  "triples": [
    {
      "triple": {
        "subject": "/sample-data/data-428.json",
        "predicate": "http://www.w3.org/2000/01/rdf-schema#label",
        "object": "Rivera Sullivan"
      }
    },
    {
      "triple": {
        "subject": "/sample-data/data-428.json",
        "predicate": "http://www.w3.org/1999/02/22-rdf-syntax-ns#type",
        "object": "http://xmlns.com/foaf/0.1/Person"
      }
    },
    {
      "triple": {
        "subject": "/sample-data/data-428.json",
        "predicate": "http://xmlns.com/foaf/0.1/knows",
        "object": "/sample-data/data-1851.json"
      }
    },
    {
      "triple": {
        "subject": "/sample-data/data-428.json",
        "predicate": "http://xmlns.com/foaf/0.1/knows",
        "object": "/sample-data/data-379.json"
      }
    },
    {
      "triple": {
        "subject": "/sample-data/data-428.json",
        "predicate": "http://xmlns.com/foaf/0.1/knows",
        "object": "/sample-data/data-1584.json"
      }
    }
  ]
}