{
  "_id": "55ee5e4506607f0af167dc5b",
  "index": 1899,
  "guid": "6b037a4e-3efe-4a22-a49a-545c6721ded8",
  "isActive": true,
  "balance": "$43,006.68",
  "picture": "http://placehold.it/32x32",
  "age": 39,
  "eyeColor": "green",
  "name": "Erica Aguirre",
  "gender": "female",
  "company": "AMRIL",
  "email": "ericaaguirre@amril.com",
  "phone": "+1 (853) 519-3351",
  "address": "907 Otsego Street, Conway, New Jersey, 1615",
  "about": "Quis Lorem aliquip eu deserunt cupidatat veniam. Id enim qui id esse. Ullamco pariatur elit quis eu dolore incididunt minim esse. Minim ex non et non veniam excepteur.\r\n",
  "registered": "2014-03-17T05:35:34-07:00",
  "tags": [
    "laboris",
    "aute",
    "ut",
    "Lorem",
    "Lorem",
    "anim",
    "cupidatat"
  ],
  "friends": [
    {
      "id": 0,
      "name": "Ware Anthony"
    },
    {
      "id": 1,
      "name": "Mccormick Reese"
    },
    {
      "id": 2,
      "name": "Maxine Osborn"
    }
  ],
  "greeting": "Hello, Erica Aguirre! You have 4 unread messages.",
  "favoriteFruit": "apple",
  "location": {
    "latitude": -76.580901,
    "longitude": 171.046942
  },
  "docFormat": "json",
  "triples": [
    {
      "triple": {
        "subject": "/sample-data/data-1899.json",
        "predicate": "http://www.w3.org/2000/01/rdf-schema#label",
        "object": "Erica Aguirre"
      }
    },
    {
      "triple": {
        "subject": "/sample-data/data-1899.json",
        "predicate": "http://www.w3.org/1999/02/22-rdf-syntax-ns#type",
        "object": "http://xmlns.com/foaf/0.1/Person"
      }
    },
    {
      "triple": {
        "subject": "/sample-data/data-1899.json",
        "predicate": "http://xmlns.com/foaf/0.1/knows",
        "object": "/sample-data/data-875.json"
      }
    },
    {
      "triple": {
        "subject": "/sample-data/data-1899.json",
        "predicate": "http://xmlns.com/foaf/0.1/knows",
        "object": "/sample-data/data-1399.json"
      }
    },
    {
      "triple": {
        "subject": "/sample-data/data-1899.json",
        "predicate": "http://xmlns.com/foaf/0.1/knows",
        "object": "/sample-data/data-20.json"
      }
    }
  ]
}