{
  "_id": "55ee5e4467a43684b088edcc",
  "index": 167,
  "guid": "f5af4063-28f1-499f-9cc8-b2c4a964a050",
  "isActive": false,
  "balance": "$99,504.92",
  "picture": "http://placehold.it/32x32",
  "age": 62,
  "eyeColor": "brown",
  "name": "Johnnie Strong",
  "gender": "female",
  "company": "KINETICUT",
  "email": "johnniestrong@kineticut.com",
  "phone": "+1 (910) 567-3019",
  "address": "235 Whitwell Place, Brookfield, Palau, 7858",
  "about": "Pariatur anim adipisicing ad nisi nulla amet. Velit qui cillum et ad amet minim ut ullamco voluptate id tempor. Minim laboris et officia fugiat id adipisicing velit reprehenderit commodo eiusmod dolor. Deserunt officia aliquip veniam eiusmod est. Exercitation proident nulla laboris dolore cupidatat tempor tempor ad consequat. Exercitation elit labore culpa minim occaecat qui enim.\r\n",
  "registered": "2014-05-12T04:13:37-07:00",
  "tags": [
    "commodo",
    "aliqua",
    "laborum",
    "duis",
    "nulla",
    "occaecat",
    "non"
  ],
  "friends": [
    {
      "id": 0,
      "name": "Leonard Holder"
    },
    {
      "id": 1,
      "name": "George Leach"
    },
    {
      "id": 2,
      "name": "Lowery Knowles"
    }
  ],
  "greeting": "Hello, Johnnie Strong! You have 5 unread messages.",
  "favoriteFruit": "orange",
  "location": {
    "latitude": -0.774419,
    "longitude": -8.584115
  },
  "docFormat": "json",
  "triples": [
    {
      "triple": {
        "subject": "/sample-data/data-167.json",
        "predicate": "http://www.w3.org/2000/01/rdf-schema#label",
        "object": "Johnnie Strong"
      }
    },
    {
      "triple": {
        "subject": "/sample-data/data-167.json",
        "predicate": "http://www.w3.org/1999/02/22-rdf-syntax-ns#type",
        "object": "http://xmlns.com/foaf/0.1/Person"
      }
    },
    {
      "triple": {
        "subject": "/sample-data/data-167.json",
        "predicate": "http://xmlns.com/foaf/0.1/knows",
        "object": "/sample-data/data-156.json"
      }
    },
    {
      "triple": {
        "subject": "/sample-data/data-167.json",
        "predicate": "http://xmlns.com/foaf/0.1/knows",
        "object": "/sample-data/data-2910.json"
      }
    },
    {
      "triple": {
        "subject": "/sample-data/data-167.json",
        "predicate": "http://xmlns.com/foaf/0.1/knows",
        "object": "/sample-data/data-2938.json"
      }
    }
  ]
}