{
  "_id": "55ee5e45304bfca426e4a934",
  "index": 1568,
  "guid": "b171054e-c667-47a0-9d88-829567e8db79",
  "isActive": false,
  "balance": "$52,106.59",
  "picture": "http://placehold.it/32x32",
  "age": 43,
  "eyeColor": "blue",
  "name": "Cleveland Hayes",
  "gender": "male",
  "company": "PIGZART",
  "email": "clevelandhayes@pigzart.com",
  "phone": "+1 (901) 418-3767",
  "address": "425 Pierrepont Street, Inkerman, Maine, 3235",
  "about": "Excepteur consequat nulla reprehenderit ut ipsum tempor magna ea. Ullamco voluptate consectetur veniam deserunt adipisicing culpa culpa veniam excepteur. Consectetur laboris exercitation cillum commodo excepteur minim do pariatur adipisicing culpa occaecat. Incididunt veniam veniam consectetur aliquip irure laborum. Quis enim in fugiat do incididunt minim quis laborum nisi tempor quis aliquip.\r\n",
  "registered": "2014-12-21T09:36:24-07:00",
  "tags": [
    "aliquip",
    "qui",
    "nostrud",
    "amet",
    "pariatur",
    "esse",
    "fugiat"
  ],
  "friends": [
    {
      "id": 0,
      "name": "Josephine Williams"
    },
    {
      "id": 1,
      "name": "English Gallagher"
    },
    {
      "id": 2,
      "name": "Duncan Vang"
    }
  ],
  "greeting": "Hello, Cleveland Hayes! You have 3 unread messages.",
  "favoriteFruit": "strawberry",
  "location": {
    "latitude": -77.704974,
    "longitude": 27.897055
  },
  "docFormat": "json",
  "triples": [
    {
      "triple": {
        "subject": "/sample-data/data-1568.json",
        "predicate": "http://www.w3.org/2000/01/rdf-schema#label",
        "object": "Cleveland Hayes"
      }
    },
    {
      "triple": {
        "subject": "/sample-data/data-1568.json",
        "predicate": "http://www.w3.org/1999/02/22-rdf-syntax-ns#type",
        "object": "http://xmlns.com/foaf/0.1/Person"
      }
    },
    {
      "triple": {
        "subject": "/sample-data/data-1568.json",
        "predicate": "http://xmlns.com/foaf/0.1/knows",
        "object": "/sample-data/data-1745.json"
      }
    },
    {
      "triple": {
        "subject": "/sample-data/data-1568.json",
        "predicate": "http://xmlns.com/foaf/0.1/knows",
        "object": "/sample-data/data-2544.json"
      }
    },
    {
      "triple": {
        "subject": "/sample-data/data-1568.json",
        "predicate": "http://xmlns.com/foaf/0.1/knows",
        "object": "/sample-data/data-1979.json"
      }
    }
  ]
}