{
  "_id": "55ee5e98270e93f4d9437eea",
  "index": 2807,
  "guid": "209642f7-9f34-40ea-8246-39aab4207cb5",
  "isActive": true,
  "balance": "$90,878.55",
  "picture": "http://placehold.it/32x32",
  "age": 62,
  "eyeColor": "blue",
  "name": "Santos Perry",
  "gender": "male",
  "company": "KAGE",
  "email": "santosperry@kage.com",
  "phone": "+1 (880) 408-2942",
  "address": "676 Reeve Place, Dunnavant, Hawaii, 1356",
  "about": "Veniam esse dolore Lorem ea id sit laborum ullamco excepteur proident velit consectetur ea. Id cupidatat dolor qui ea reprehenderit id adipisicing proident Lorem voluptate. Lorem aliquip consequat dolore esse minim sit aliquip eu qui.\r\n",
  "registered": "2014-09-27T08:34:09-07:00",
  "tags": [
    "eu",
    "laboris",
    "est",
    "ea",
    "officia",
    "cillum",
    "id"
  ],
  "friends": [
    {
      "id": 0,
      "name": "Justice Beach"
    },
    {
      "id": 1,
      "name": "Cobb Simpson"
    },
    {
      "id": 2,
      "name": "Christine Curtis"
    }
  ],
  "greeting": "Hello, Santos Perry! You have 6 unread messages.",
  "favoriteFruit": "pear",
  "location": {
    "latitude": 58.895345,
    "longitude": -24.450491
  },
  "docFormat": "json",
  "triples": [
    {
      "triple": {
        "subject": "/sample-data/data-2807.json",
        "predicate": "http://www.w3.org/2000/01/rdf-schema#label",
        "object": "Santos Perry"
      }
    },
    {
      "triple": {
        "subject": "/sample-data/data-2807.json",
        "predicate": "http://www.w3.org/1999/02/22-rdf-syntax-ns#type",
        "object": "http://xmlns.com/foaf/0.1/Person"
      }
    },
    {
      "triple": {
        "subject": "/sample-data/data-2807.json",
        "predicate": "http://xmlns.com/foaf/0.1/knows",
        "object": "/sample-data/data-275.json"
      }
    },
    {
      "triple": {
        "subject": "/sample-data/data-2807.json",
        "predicate": "http://xmlns.com/foaf/0.1/knows",
        "object": "/sample-data/data-1639.json"
      }
    },
    {
      "triple": {
        "subject": "/sample-data/data-2807.json",
        "predicate": "http://xmlns.com/foaf/0.1/knows",
        "object": "/sample-data/data-711.json"
      }
    }
  ]
}