{
  "_id": "55ee5e459110b13852def22f",
  "index": 1748,
  "guid": "528967be-f83e-4102-9611-fc7ea9e41b24",
  "isActive": false,
  "balance": "$15,713.50",
  "picture": "http://placehold.it/32x32",
  "age": 58,
  "eyeColor": "brown",
  "name": "Melody Decker",
  "gender": "female",
  "company": "MENBRAIN",
  "email": "melodydecker@menbrain.com",
  "phone": "+1 (946) 405-2811",
  "address": "449 Prospect Place, Hinsdale, Kansas, 1751",
  "about": "Deserunt ex id incididunt deserunt. Velit quis eu fugiat ex ullamco cillum est eu ad eu nulla. Ea nostrud sint esse aute deserunt nisi excepteur veniam consequat ullamco do pariatur magna Lorem. Veniam tempor sint adipisicing nostrud sint in.\r\n",
  "registered": "2015-04-30T01:49:52-07:00",
  "tags": [
    "velit",
    "ad",
    "in",
    "irure",
    "deserunt",
    "labore",
    "tempor"
  ],
  "friends": [
    {
      "id": 0,
      "name": "Jeannette Schultz"
    },
    {
      "id": 1,
      "name": "Anita Rutledge"
    },
    {
      "id": 2,
      "name": "Juliet Mccall"
    }
  ],
  "greeting": "Hello, Melody Decker! You have 6 unread messages.",
  "favoriteFruit": "pear",
  "location": {
    "latitude": 62.513733,
    "longitude": 128.163618
  },
  "docFormat": "json",
  "triples": [
    {
      "triple": {
        "subject": "/sample-data/data-1748.json",
        "predicate": "http://www.w3.org/2000/01/rdf-schema#label",
        "object": "Melody Decker"
      }
    },
    {
      "triple": {
        "subject": "/sample-data/data-1748.json",
        "predicate": "http://www.w3.org/1999/02/22-rdf-syntax-ns#type",
        "object": "http://xmlns.com/foaf/0.1/Person"
      }
    },
    {
      "triple": {
        "subject": "/sample-data/data-1748.json",
        "predicate": "http://xmlns.com/foaf/0.1/knows",
        "object": "/sample-data/data-1684.json"
      }
    },
    {
      "triple": {
        "subject": "/sample-data/data-1748.json",
        "predicate": "http://xmlns.com/foaf/0.1/knows",
        "object": "/sample-data/data-1511.json"
      }
    },
    {
      "triple": {
        "subject": "/sample-data/data-1748.json",
        "predicate": "http://xmlns.com/foaf/0.1/knows",
        "object": "/sample-data/data-1325.json"
      }
    }
  ]
}