{
  "_id": "55ee5e984a2e014dbd06a6c8",
  "index": 2372,
  "guid": "0b174c0a-d982-4c5a-b039-653747a775b1",
  "isActive": false,
  "balance": "$41,330.24",
  "picture": "http://placehold.it/32x32",
  "age": 62,
  "eyeColor": "amethyst",
  "name": "Santiago Sullivan",
  "gender": "male",
  "company": "DUFLEX",
  "email": "santiagosullivan@duflex.com",
  "phone": "+1 (953) 439-3095",
  "address": "945 Louisiana Avenue, Bakersville, Louisiana, 4221",
  "about": "Magna laborum sunt et aliqua proident amet do irure duis voluptate cillum mollit ut. Ad culpa exercitation minim reprehenderit consectetur aliqua laborum nisi proident deserunt sint. Culpa sint ea cupidatat proident magna ea. Qui anim nostrud anim enim ad voluptate ea pariatur reprehenderit incididunt velit. Velit esse eiusmod nisi eu mollit deserunt ex duis irure nisi.\r\n",
  "registered": "2014-10-26T04:01:07-07:00",
  "tags": [
    "est",
    "cillum",
    "nostrud",
    "laborum",
    "labore",
    "aliquip",
    "excepteur"
  ],
  "friends": [
    {
      "id": 0,
      "name": "Bernice Guy"
    },
    {
      "id": 1,
      "name": "Middleton Sexton"
    },
    {
      "id": 2,
      "name": "Fay Potter"
    }
  ],
  "greeting": "Hello, Santiago Sullivan! You have 10 unread messages.",
  "favoriteFruit": "apple",
  "location": {
    "latitude": 62.327097,
    "longitude": -156.671055
  },
  "docFormat": "json",
  "triples": [
    {
      "triple": {
        "subject": "/sample-data/data-2372.json",
        "predicate": "http://www.w3.org/2000/01/rdf-schema#label",
        "object": "Santiago Sullivan"
      }
    },
    {
      "triple": {
        "subject": "/sample-data/data-2372.json",
        "predicate": "http://www.w3.org/1999/02/22-rdf-syntax-ns#type",
        "object": "http://xmlns.com/foaf/0.1/Person"
      }
    },
    {
      "triple": {
        "subject": "/sample-data/data-2372.json",
        "predicate": "http://xmlns.com/foaf/0.1/knows",
        "object": "/sample-data/data-420.json"
      }
    },
    {
      "triple": {
        "subject": "/sample-data/data-2372.json",
        "predicate": "http://xmlns.com/foaf/0.1/knows",
        "object": "/sample-data/data-592.json"
      }
    },
    {
      "triple": {
        "subject": "/sample-data/data-2372.json",
        "predicate": "http://xmlns.com/foaf/0.1/knows",
        "object": "/sample-data/data-1785.json"
      }
    }
  ]
}