{
  "_id": "55ee5e984899d05d65cc74c9",
  "index": 2407,
  "guid": "8903d36a-cdcb-4125-824b-86aa671e69db",
  "isActive": true,
  "balance": "$32,261.68",
  "picture": "http://placehold.it/32x32",
  "age": 40,
  "eyeColor": "blue",
  "name": "Black Richardson",
  "gender": "male",
  "company": "QUINTITY",
  "email": "blackrichardson@quintity.com",
  "phone": "+1 (977) 472-2906",
  "address": "496 Cox Place, Marshall, North Dakota, 9717",
  "about": "Id esse ea tempor consectetur pariatur deserunt Lorem commodo occaecat sint non deserunt ad non. Sunt do eu qui excepteur voluptate fugiat sunt dolore. Pariatur ad ut anim ea nulla in sint cillum culpa dolore duis.\r\n",
  "registered": "2014-06-04T03:53:44-07:00",
  "tags": [
    "enim",
    "quis",
    "nulla",
    "est",
    "non",
    "ipsum",
    "non"
  ],
  "friends": [
    {
      "id": 0,
      "name": "Stanley Ford"
    },
    {
      "id": 1,
      "name": "Deidre Lancaster"
    },
    {
      "id": 2,
      "name": "Soto Lynn"
    }
  ],
  "greeting": "Hello, Black Richardson! You have 9 unread messages.",
  "favoriteFruit": "orange",
  "location": {
    "latitude": -70.993545,
    "longitude": 133.703628
  },
  "docFormat": "json",
  "triples": [
    {
      "triple": {
        "subject": "/sample-data/data-2407.json",
        "predicate": "http://www.w3.org/2000/01/rdf-schema#label",
        "object": "Black Richardson"
      }
    },
    {
      "triple": {
        "subject": "/sample-data/data-2407.json",
        "predicate": "http://www.w3.org/1999/02/22-rdf-syntax-ns#type",
        "object": "http://xmlns.com/foaf/0.1/Person"
      }
    },
    {
      "triple": {
        "subject": "/sample-data/data-2407.json",
        "predicate": "http://xmlns.com/foaf/0.1/knows",
        "object": "/sample-data/data-1121.json"
      }
    },
    {
      "triple": {
        "subject": "/sample-data/data-2407.json",
        "predicate": "http://xmlns.com/foaf/0.1/knows",
        "object": "/sample-data/data-1431.json"
      }
    },
    {
      "triple": {
        "subject": "/sample-data/data-2407.json",
        "predicate": "http://xmlns.com/foaf/0.1/knows",
        "object": "/sample-data/data-1259.json"
      }
    }
  ]
}