{
  "_id": "55ee5e44e1eb6e4509a56f5b",
  "index": 235,
  "guid": "e3f925af-1b30-4d9c-ad46-9123520412aa",
  "isActive": false,
  "balance": "$3,777.32",
  "picture": "http://placehold.it/32x32",
  "age": 60,
  "eyeColor": "brown",
  "name": "Bernard Johns",
  "gender": "male",
  "company": "ASSISTIA",
  "email": "bernardjohns@assistia.com",
  "phone": "+1 (915) 415-2648",
  "address": "512 Folsom Place, Axis, Northern Mariana Islands, 1057",
  "about": "Velit ea non tempor ipsum proident sit est labore laboris. Qui esse sit deserunt elit in tempor. Ipsum adipisicing tempor qui minim esse elit nostrud. Aute qui laborum id exercitation veniam labore mollit occaecat id ullamco. Consectetur reprehenderit ea ipsum commodo exercitation minim labore cupidatat eiusmod. Cupidatat nulla magna eu Lorem et ex amet pariatur aute pariatur labore et amet eu. Consequat eu dolor ad esse exercitation tempor nulla sunt proident eiusmod elit amet elit qui.\r\n",
  "registered": "2014-03-28T07:48:40-07:00",
  "tags": [
    "adipisicing",
    "velit",
    "est",
    "ut",
    "id",
    "consequat",
    "reprehenderit"
  ],
  "friends": [
    {
      "id": 0,
      "name": "Reilly Lynn"
    },
    {
      "id": 1,
      "name": "Rosa Villarreal"
    },
    {
      "id": 2,
      "name": "Kellie Mcguire"
    }
  ],
  "greeting": "Hello, Bernard Johns! You have 6 unread messages.",
  "favoriteFruit": "orange",
  "location": {
    "latitude": -73.907338,
    "longitude": 159.496498
  },
  "docFormat": "json",
  "triples": [
    {
      "triple": {
        "subject": "/sample-data/data-235.json",
        "predicate": "http://www.w3.org/2000/01/rdf-schema#label",
        "object": "Bernard Johns"
      }
    },
    {
      "triple": {
        "subject": "/sample-data/data-235.json",
        "predicate": "http://www.w3.org/1999/02/22-rdf-syntax-ns#type",
        "object": "http://xmlns.com/foaf/0.1/Person"
      }
    },
    {
      "triple": {
        "subject": "/sample-data/data-235.json",
        "predicate": "http://xmlns.com/foaf/0.1/knows",
        "object": "/sample-data/data-2765.json"
      }
    },
    {
      "triple": {
        "subject": "/sample-data/data-235.json",
        "predicate": "http://xmlns.com/foaf/0.1/knows",
        "object": "/sample-data/data-97.json"
      }
    },
    {
      "triple": {
        "subject": "/sample-data/data-235.json",
        "predicate": "http://xmlns.com/foaf/0.1/knows",
        "object": "/sample-data/data-608.json"
      }
    }
  ]
}