{
  "_id": "55ee5e441089daf589a970b6",
  "index": 280,
  "guid": "23b79fc8-148f-4cdc-96bb-bfcd7e29d684",
  "isActive": true,
  "balance": "$89,845.22",
  "picture": "http://placehold.it/32x32",
  "age": 50,
  "eyeColor": "brown",
  "name": "Sheryl Daniels",
  "gender": "female",
  "company": "KLUGGER",
  "email": "sheryldaniels@klugger.com",
  "phone": "+1 (821) 462-3768",
  "address": "688 Butler Place, Dubois, North Dakota, 1196",
  "about": "Veniam aute consectetur cillum velit ullamco qui mollit eu. Dolore sit laboris ipsum et excepteur ipsum dolor id ut est ut. Ea et amet officia fugiat velit. Consequat exercitation dolor dolore sint incididunt. Aliquip ut labore aliquip enim. Dolor laborum ea esse sit voluptate laboris eu quis deserunt ad duis ut. Fugiat tempor adipisicing eu consectetur est eiusmod amet aliqua cillum proident dolor.\r\n",
  "registered": "2015-07-20T07:46:19-07:00",
  "tags": [
    "laborum",
    "irure",
    "officia",
    "nostrud",
    "dolore",
    "eu",
    "officia"
  ],
  "friends": [
    {
      "id": 0,
      "name": "Bianca Crosby"
    },
    {
      "id": 1,
      "name": "Lynn Waller"
    },
    {
      "id": 2,
      "name": "Cunningham Mendez"
    }
  ],
  "greeting": "Hello, Sheryl Daniels! You have 1 unread messages.",
  "favoriteFruit": "apple",
  "location": {
    "latitude": 55.187983,
    "longitude": -123.104504
  },
  "docFormat": "json",
  "triples": [
    {
      "triple": {
        "subject": "/sample-data/data-280.json",
        "predicate": "http://www.w3.org/2000/01/rdf-schema#label",
        "object": "Sheryl Daniels"
      }
    },
    {
      "triple": {
        "subject": "/sample-data/data-280.json",
        "predicate": "http://www.w3.org/1999/02/22-rdf-syntax-ns#type",
        "object": "http://xmlns.com/foaf/0.1/Person"
      }
    },
    {
      "triple": {
        "subject": "/sample-data/data-280.json",
        "predicate": "http://xmlns.com/foaf/0.1/knows",
        "object": "/sample-data/data-1429.json"
      }
    },
    {
      "triple": {
        "subject": "/sample-data/data-280.json",
        "predicate": "http://xmlns.com/foaf/0.1/knows",
        "object": "/sample-data/data-396.json"
      }
    },
    {
      "triple": {
        "subject": "/sample-data/data-280.json",
        "predicate": "http://xmlns.com/foaf/0.1/knows",
        "object": "/sample-data/data-2037.json"
      }
    }
  ]
}