{
  "_id": "55ee5e98607850f231012e55",
  "index": 2919,
  "guid": "53106b9c-3813-428b-8d4c-bd88280e4f9c",
  "isActive": false,
  "balance": "$33,321.00",
  "picture": "http://placehold.it/32x32",
  "age": 30,
  "eyeColor": "amethyst",
  "name": "Ruth Walls",
  "gender": "female",
  "company": "CALLFLEX",
  "email": "ruthwalls@callflex.com",
  "phone": "+1 (827) 478-2014",
  "address": "537 Vandam Street, Iberia, Indiana, 4770",
  "about": "Aliquip nisi quis velit eiusmod enim nisi officia et occaecat voluptate. Sint irure tempor voluptate cupidatat anim enim. Ad culpa et labore culpa consequat. Aliqua voluptate sit cillum excepteur mollit ex velit veniam officia irure. Esse irure ipsum cupidatat adipisicing in minim laboris sunt. Eu id aute dolor exercitation esse adipisicing ex occaecat ut. Incididunt exercitation eu sint voluptate nostrud non reprehenderit veniam qui occaecat in est.\r\n",
  "registered": "2014-04-07T01:34:09-07:00",
  "tags": [
    "dolore",
    "in",
    "sint",
    "mollit",
    "tempor",
    "sint",
    "eu"
  ],
  "friends": [
    {
      "id": 0,
      "name": "Christensen Justice"
    },
    {
      "id": 1,
      "name": "Karen Byrd"
    },
    {
      "id": 2,
      "name": "Georgette Fox"
    }
  ],
  "greeting": "Hello, Ruth Walls! You have 8 unread messages.",
  "favoriteFruit": "strawberry",
  "location": {
    "latitude": 62.468338,
    "longitude": -78.947389
  },
  "docFormat": "json",
  "triples": [
    {
      "triple": {
        "subject": "/sample-data/data-2919.json",
        "predicate": "http://www.w3.org/2000/01/rdf-schema#label",
        "object": "Ruth Walls"
      }
    },
    {
      "triple": {
        "subject": "/sample-data/data-2919.json",
        "predicate": "http://www.w3.org/1999/02/22-rdf-syntax-ns#type",
        "object": "http://xmlns.com/foaf/0.1/Person"
      }
    },
    {
      "triple": {
        "subject": "/sample-data/data-2919.json",
        "predicate": "http://xmlns.com/foaf/0.1/knows",
        "object": "/sample-data/data-1816.json"
      }
    },
    {
      "triple": {
        "subject": "/sample-data/data-2919.json",
        "predicate": "http://xmlns.com/foaf/0.1/knows",
        "object": "/sample-data/data-1941.json"
      }
    },
    {
      "triple": {
        "subject": "/sample-data/data-2919.json",
        "predicate": "http://xmlns.com/foaf/0.1/knows",
        "object": "/sample-data/data-1970.json"
      }
    }
  ]
}