{
  "_id": "55ee5e44a2d65cd10f607806",
  "index": 465,
  "guid": "33ebe85f-9760-4c15-b5d3-eda7dfdbf5da",
  "isActive": false,
  "balance": "$25,551.29",
  "picture": "http://placehold.it/32x32",
  "age": 30,
  "eyeColor": "green",
  "name": "Dale Jensen",
  "gender": "female",
  "company": "OVERFORK",
  "email": "dalejensen@overfork.com",
  "phone": "+1 (905) 482-3947",
  "address": "131 Herbert Street, Coral, Missouri, 5629",
  "about": "Incididunt aliquip velit culpa ullamco incididunt occaecat proident do nulla ipsum incididunt esse. Eu occaecat nisi officia laboris eiusmod consequat elit nisi minim officia irure excepteur dolor. In ullamco irure duis est laborum Lorem nostrud labore occaecat minim est cupidatat exercitation. Consequat ea mollit reprehenderit aliquip.\r\n",
  "registered": "2014-04-30T02:10:31-07:00",
  "tags": [
    "labore",
    "in",
    "laborum",
    "ullamco",
    "aliquip",
    "excepteur",
    "reprehenderit"
  ],
  "friends": [
    {
      "id": 0,
      "name": "Joy Lindsay"
    },
    {
      "id": 1,
      "name": "Reid Wade"
    },
    {
      "id": 2,
      "name": "Goff Austin"
    }
  ],
  "greeting": "Hello, Dale Jensen! You have 8 unread messages.",
  "favoriteFruit": "pear",
  "location": {
    "latitude": -28.354364,
    "longitude": 92.238383
  },
  "docFormat": "json",
  "triples": [
    {
      "triple": {
        "subject": "/sample-data/data-465.json",
        "predicate": "http://www.w3.org/2000/01/rdf-schema#label",
        "object": "Dale Jensen"
      }
    },
    {
      "triple": {
        "subject": "/sample-data/data-465.json",
        "predicate": "http://www.w3.org/1999/02/22-rdf-syntax-ns#type",
        "object": "http://xmlns.com/foaf/0.1/Person"
      }
    },
    {
      "triple": {
        "subject": "/sample-data/data-465.json",
        "predicate": "http://xmlns.com/foaf/0.1/knows",
        "object": "/sample-data/data-2274.json"
      }
    },
    {
      "triple": {
        "subject": "/sample-data/data-465.json",
        "predicate": "http://xmlns.com/foaf/0.1/knows",
        "object": "/sample-data/data-1168.json"
      }
    },
    {
      "triple": {
        "subject": "/sample-data/data-465.json",
        "predicate": "http://xmlns.com/foaf/0.1/knows",
        "object": "/sample-data/data-946.json"
      }
    }
  ]
}