{
  "_id": "55ee5e44a6c634666f17399e",
  "index": 408,
  "guid": "13fad9a6-208a-40ea-896d-a3df63863aac",
  "isActive": false,
  "balance": "$60,438.39",
  "picture": "http://placehold.it/32x32",
  "age": 21,
  "eyeColor": "brown",
  "name": "Mariana Weeks",
  "gender": "female",
  "company": "ENTHAZE",
  "email": "marianaweeks@enthaze.com",
  "phone": "+1 (834) 539-3587",
  "address": "546 Kiely Place, Edenburg, Maine, 1725",
  "about": "Sit magna sit adipisicing nulla adipisicing. Commodo cillum in labore culpa aliquip veniam fugiat aliqua et nostrud consectetur. Labore pariatur incididunt veniam aliqua dolor officia incididunt consequat minim. Est sunt id Lorem sint ad irure.\r\n",
  "registered": "2014-09-11T11:19:19-07:00",
  "tags": [
    "cillum",
    "in",
    "excepteur",
    "aliquip",
    "cupidatat",
    "proident",
    "sit"
  ],
  "friends": [
    {
      "id": 0,
      "name": "Michael Mcdonald"
    },
    {
      "id": 1,
      "name": "Robyn Flores"
    },
    {
      "id": 2,
      "name": "Wendy House"
    }
  ],
  "greeting": "Hello, Mariana Weeks! You have 7 unread messages.",
  "favoriteFruit": "orange",
  "location": {
    "latitude": 5.668085,
    "longitude": 63.913003
  },
  "docFormat": "json",
  "triples": [
    {
      "triple": {
        "subject": "/sample-data/data-408.json",
        "predicate": "http://www.w3.org/2000/01/rdf-schema#label",
        "object": "Mariana Weeks"
      }
    },
    {
      "triple": {
        "subject": "/sample-data/data-408.json",
        "predicate": "http://www.w3.org/1999/02/22-rdf-syntax-ns#type",
        "object": "http://xmlns.com/foaf/0.1/Person"
      }
    },
    {
      "triple": {
        "subject": "/sample-data/data-408.json",
        "predicate": "http://xmlns.com/foaf/0.1/knows",
        "object": "/sample-data/data-2799.json"
      }
    },
    {
      "triple": {
        "subject": "/sample-data/data-408.json",
        "predicate": "http://xmlns.com/foaf/0.1/knows",
        "object": "/sample-data/data-1637.json"
      }
    },
    {
      "triple": {
        "subject": "/sample-data/data-408.json",
        "predicate": "http://xmlns.com/foaf/0.1/knows",
        "object": "/sample-data/data-265.json"
      }
    }
  ]
}