{
  "_id": "55ee5e459ac4caf7f94a3100",
  "index": 1548,
  "guid": "76ef0a9d-e6b6-4fa5-81a7-082653af11e5",
  "isActive": true,
  "balance": "$50,528.65",
  "picture": "http://placehold.it/32x32",
  "age": 27,
  "eyeColor": "green",
  "name": "Nita Morales",
  "gender": "female",
  "company": "PANZENT",
  "email": "nitamorales@panzent.com",
  "phone": "+1 (888) 489-3950",
  "address": "758 Irving Street, Fingerville, American Samoa, 10000",
  "about": "Irure irure eiusmod exercitation dolore reprehenderit. Non nostrud mollit ex nostrud cupidatat sit. Esse occaecat culpa labore anim in amet quis. Enim nostrud ea veniam ex non. Eu cupidatat ex tempor ullamco sint excepteur. Nisi nostrud voluptate irure veniam sunt proident fugiat proident et.\r\n",
  "registered": "2014-11-15T11:04:00-07:00",
  "tags": [
    "sint",
    "aliquip",
    "occaecat",
    "cillum",
    "deserunt",
    "amet",
    "non"
  ],
  "friends": [
    {
      "id": 0,
      "name": "Margo Jennings"
    },
    {
      "id": 1,
      "name": "Young Byrd"
    },
    {
      "id": 2,
      "name": "Hilary Barrera"
    }
  ],
  "greeting": "Hello, Nita Morales! You have 4 unread messages.",
  "favoriteFruit": "apple",
  "location": {
    "latitude": 67.15198,
    "longitude": -16.975516
  },
  "docFormat": "json",
  "triples": [
    {
      "triple": {
        "subject": "/sample-data/data-1548.json",
        "predicate": "http://www.w3.org/2000/01/rdf-schema#label",
        "object": "Nita Morales"
      }
    },
    {
      "triple": {
        "subject": "/sample-data/data-1548.json",
        "predicate": "http://www.w3.org/1999/02/22-rdf-syntax-ns#type",
        "object": "http://xmlns.com/foaf/0.1/Person"
      }
    },
    {
      "triple": {
        "subject": "/sample-data/data-1548.json",
        "predicate": "http://xmlns.com/foaf/0.1/knows",
        "object": "/sample-data/data-293.json"
      }
    },
    {
      "triple": {
        "subject": "/sample-data/data-1548.json",
        "predicate": "http://xmlns.com/foaf/0.1/knows",
        "object": "/sample-data/data-2444.json"
      }
    },
    {
      "triple": {
        "subject": "/sample-data/data-1548.json",
        "predicate": "http://xmlns.com/foaf/0.1/knows",
        "object": "/sample-data/data-705.json"
      }
    }
  ]
}