{
  "_id": "55ee5e452a6319be56e23370",
  "index": 1620,
  "guid": "ef52ef27-b72b-4ac9-88f1-8bb6f0e38d33",
  "isActive": false,
  "balance": "$35,395.13",
  "picture": "http://placehold.it/32x32",
  "age": 65,
  "eyeColor": "green",
  "name": "Moody Marks",
  "gender": "male",
  "company": "NURALI",
  "email": "moodymarks@nurali.com",
  "phone": "+1 (978) 483-3322",
  "address": "942 Abbey Court, Vicksburg, Maryland, 582",
  "about": "Exercitation consequat nisi sit tempor esse minim officia ad nostrud consequat enim irure ex. Do et qui dolor sunt dolor. Elit amet ullamco enim laborum ea irure do sit exercitation sunt eu esse.\r\n",
  "registered": "2014-04-18T02:47:37-07:00",
  "tags": [
    "ex",
    "nisi",
    "proident",
    "qui",
    "non",
    "culpa",
    "in"
  ],
  "friends": [
    {
      "id": 0,
      "name": "Neal Salinas"
    },
    {
      "id": 1,
      "name": "Valencia Oneal"
    },
    {
      "id": 2,
      "name": "Saundra Lopez"
    }
  ],
  "greeting": "Hello, Moody Marks! You have 9 unread messages.",
  "favoriteFruit": "apple",
  "location": {
    "latitude": -76.743338,
    "longitude": 92.714529
  },
  "docFormat": "json",
  "triples": [
    {
      "triple": {
        "subject": "/sample-data/data-1620.json",
        "predicate": "http://www.w3.org/2000/01/rdf-schema#label",
        "object": "Moody Marks"
      }
    },
    {
      "triple": {
        "subject": "/sample-data/data-1620.json",
        "predicate": "http://www.w3.org/1999/02/22-rdf-syntax-ns#type",
        "object": "http://xmlns.com/foaf/0.1/Person"
      }
    },
    {
      "triple": {
        "subject": "/sample-data/data-1620.json",
        "predicate": "http://xmlns.com/foaf/0.1/knows",
        "object": "/sample-data/data-2033.json"
      }
    },
    {
      "triple": {
        "subject": "/sample-data/data-1620.json",
        "predicate": "http://xmlns.com/foaf/0.1/knows",
        "object": "/sample-data/data-1011.json"
      }
    },
    {
      "triple": {
        "subject": "/sample-data/data-1620.json",
        "predicate": "http://xmlns.com/foaf/0.1/knows",
        "object": "/sample-data/data-2897.json"
      }
    }
  ]
}