{
  "_id": "55ee5e98992340000547584f",
  "index": 2485,
  "guid": "fc7be540-0c65-4208-b772-3cdf9fbf5711",
  "isActive": false,
  "balance": "$44,894.42",
  "picture": "http://placehold.it/32x32",
  "age": 25,
  "eyeColor": "amethyst",
  "name": "Sandy Ray",
  "gender": "female",
  "company": "REVERSUS",
  "email": "sandyray@reversus.com",
  "phone": "+1 (978) 560-2014",
  "address": "300 Etna Street, Tyro, District Of Columbia, 3002",
  "about": "Laboris aliqua eu in culpa tempor officia tempor tempor officia. Cillum consequat do mollit tempor dolore id nostrud. In eiusmod labore mollit ut nostrud aute.\r\n",
  "registered": "2014-01-19T03:04:44-07:00",
  "tags": [
    "mollit",
    "dolore",
    "occaecat",
    "aliqua",
    "officia",
    "eu",
    "ut"
  ],
  "friends": [
    {
      "id": 0,
      "name": "Marcie Callahan"
    },
    {
      "id": 1,
      "name": "Carmen Bond"
    },
    {
      "id": 2,
      "name": "Kirsten Graham"
    }
  ],
  "greeting": "Hello, Sandy Ray! You have 8 unread messages.",
  "favoriteFruit": "orange",
  "location": {
    "latitude": -89.300838,
    "longitude": 139.523279
  },
  "docFormat": "json",
  "triples": [
    {
      "triple": {
        "subject": "/sample-data/data-2485.json",
        "predicate": "http://www.w3.org/2000/01/rdf-schema#label",
        "object": "Sandy Ray"
      }
    },
    {
      "triple": {
        "subject": "/sample-data/data-2485.json",
        "predicate": "http://www.w3.org/1999/02/22-rdf-syntax-ns#type",
        "object": "http://xmlns.com/foaf/0.1/Person"
      }
    },
    {
      "triple": {
        "subject": "/sample-data/data-2485.json",
        "predicate": "http://xmlns.com/foaf/0.1/knows",
        "object": "/sample-data/data-861.json"
      }
    },
    {
      "triple": {
        "subject": "/sample-data/data-2485.json",
        "predicate": "http://xmlns.com/foaf/0.1/knows",
        "object": "/sample-data/data-1043.json"
      }
    },
    {
      "triple": {
        "subject": "/sample-data/data-2485.json",
        "predicate": "http://xmlns.com/foaf/0.1/knows",
        "object": "/sample-data/data-2181.json"
      }
    }
  ]
}