{
  "_id": "55ee5e447d48b65a25ffc1e1",
  "index": 1270,
  "guid": "785665be-7043-4981-935e-ddec3ec3d398",
  "isActive": false,
  "balance": "$3,147.12",
  "picture": "http://placehold.it/32x32",
  "age": 21,
  "eyeColor": "blue",
  "name": "Wanda Burris",
  "gender": "female",
  "company": "TALKOLA",
  "email": "wandaburris@talkola.com",
  "phone": "+1 (819) 412-2510",
  "address": "331 Cortelyou Road, Spokane, Utah, 2364",
  "about": "Et reprehenderit laborum amet laboris. Voluptate aliquip ut duis ea. Aliqua commodo ullamco ullamco consectetur nisi Lorem dolor nulla pariatur commodo anim ex. Sunt ipsum quis consectetur nisi ea elit pariatur incididunt labore velit voluptate.\r\n",
  "registered": "2014-10-06T12:52:41-07:00",
  "tags": [
    "amet",
    "ea",
    "proident",
    "incididunt",
    "adipisicing",
    "laborum",
    "irure"
  ],
  "friends": [
    {
      "id": 0,
      "name": "Reyna Griffin"
    },
    {
      "id": 1,
      "name": "Baird Davis"
    },
    {
      "id": 2,
      "name": "Roberts Powell"
    }
  ],
  "greeting": "Hello, Wanda Burris! You have 10 unread messages.",
  "favoriteFruit": "apple",
  "location": {
    "latitude": 78.409294,
    "longitude": 129.60267
  },
  "docFormat": "json",
  "triples": [
    {
      "triple": {
        "subject": "/sample-data/data-1270.json",
        "predicate": "http://www.w3.org/2000/01/rdf-schema#label",
        "object": "Wanda Burris"
      }
    },
    {
      "triple": {
        "subject": "/sample-data/data-1270.json",
        "predicate": "http://www.w3.org/1999/02/22-rdf-syntax-ns#type",
        "object": "http://xmlns.com/foaf/0.1/Person"
      }
    },
    {
      "triple": {
        "subject": "/sample-data/data-1270.json",
        "predicate": "http://xmlns.com/foaf/0.1/knows",
        "object": "/sample-data/data-229.json"
      }
    },
    {
      "triple": {
        "subject": "/sample-data/data-1270.json",
        "predicate": "http://xmlns.com/foaf/0.1/knows",
        "object": "/sample-data/data-2990.json"
      }
    },
    {
      "triple": {
        "subject": "/sample-data/data-1270.json",
        "predicate": "http://xmlns.com/foaf/0.1/knows",
        "object": "/sample-data/data-1952.json"
      }
    }
  ]
}