{
  "_id": "55ee5e985c5bc11a8376bd48",
  "index": 2610,
  "guid": "7ac0e635-a8a3-475c-9224-baf3641f77c1",
  "isActive": true,
  "balance": "$66,159.36",
  "picture": "http://placehold.it/32x32",
  "age": 21,
  "eyeColor": "green",
  "name": "Lena Mathis",
  "gender": "female",
  "company": "VINCH",
  "email": "lenamathis@vinch.com",
  "phone": "+1 (916) 507-2427",
  "address": "164 Caton Place, Ripley, Federated States Of Micronesia, 5581",
  "about": "Excepteur ex proident Lorem laborum excepteur cillum consequat incididunt incididunt qui non elit. Voluptate excepteur occaecat cupidatat laboris aute pariatur. Enim pariatur consequat in aliquip.\r\n",
  "registered": "2014-08-26T07:43:14-07:00",
  "tags": [
    "deserunt",
    "Lorem",
    "pariatur",
    "duis",
    "velit",
    "voluptate",
    "magna"
  ],
  "friends": [
    {
      "id": 0,
      "name": "Rosa Holt"
    },
    {
      "id": 1,
      "name": "Petersen Kramer"
    },
    {
      "id": 2,
      "name": "Beck Wagner"
    }
  ],
  "greeting": "Hello, Lena Mathis! You have 6 unread messages.",
  "favoriteFruit": "strawberry",
  "location": {
    "latitude": -55.106085,
    "longitude": -115.439103
  },
  "docFormat": "json",
  "triples": [
    {
      "triple": {
        "subject": "/sample-data/data-2610.json",
        "predicate": "http://www.w3.org/2000/01/rdf-schema#label",
        "object": "Lena Mathis"
      }
    },
    {
      "triple": {
        "subject": "/sample-data/data-2610.json",
        "predicate": "http://www.w3.org/1999/02/22-rdf-syntax-ns#type",
        "object": "http://xmlns.com/foaf/0.1/Person"
      }
    },
    {
      "triple": {
        "subject": "/sample-data/data-2610.json",
        "predicate": "http://xmlns.com/foaf/0.1/knows",
        "object": "/sample-data/data-1318.json"
      }
    },
    {
      "triple": {
        "subject": "/sample-data/data-2610.json",
        "predicate": "http://xmlns.com/foaf/0.1/knows",
        "object": "/sample-data/data-1225.json"
      }
    },
    {
      "triple": {
        "subject": "/sample-data/data-2610.json",
        "predicate": "http://xmlns.com/foaf/0.1/knows",
        "object": "/sample-data/data-1532.json"
      }
    }
  ]
}