{
  "_id": "55ee5e45a699edf67f27c48d",
  "index": 1952,
  "guid": "5609e040-1aa7-4ffd-8c01-98f3991bd258",
  "isActive": true,
  "balance": "$2,083.94",
  "picture": "http://placehold.it/32x32",
  "age": 44,
  "eyeColor": "green",
  "name": "Holloway Zimmerman",
  "gender": "male",
  "company": "COMTEXT",
  "email": "hollowayzimmerman@comtext.com",
  "phone": "+1 (857) 513-3011",
  "address": "906 Berry Street, Bascom, Wisconsin, 3309",
  "about": "Amet velit magna enim ex esse velit minim veniam duis fugiat. Excepteur ea enim eiusmod nostrud consectetur magna aliquip aute voluptate nulla ea magna aliquip commodo. Occaecat aliqua occaecat amet do Lorem sint tempor non Lorem ad ex incididunt incididunt. Quis cupidatat eu irure qui ipsum cillum labore aliqua deserunt et id mollit. Ad ex id adipisicing id proident tempor magna voluptate. Aliqua eiusmod dolor anim culpa reprehenderit irure ea. Culpa labore cillum reprehenderit deserunt voluptate irure nostrud proident veniam laboris.\r\n",
  "registered": "2015-02-07T04:26:07-07:00",
  "tags": [
    "labore",
    "quis",
    "deserunt",
    "commodo",
    "laboris",
    "eiusmod",
    "ad"
  ],
  "friends": [
    {
      "id": 0,
      "name": "Russo Nelson"
    },
    {
      "id": 1,
      "name": "Elise Herrera"
    },
    {
      "id": 2,
      "name": "Allen Lamb"
    }
  ],
  "greeting": "Hello, Holloway Zimmerman! You have 9 unread messages.",
  "favoriteFruit": "orange",
  "location": {
    "latitude": 15.577003,
    "longitude": -49.446082
  },
  "docFormat": "json",
  "triples": [
    {
      "triple": {
        "subject": "/sample-data/data-1952.json",
        "predicate": "http://www.w3.org/2000/01/rdf-schema#label",
        "object": "Holloway Zimmerman"
      }
    },
    {
      "triple": {
        "subject": "/sample-data/data-1952.json",
        "predicate": "http://www.w3.org/1999/02/22-rdf-syntax-ns#type",
        "object": "http://xmlns.com/foaf/0.1/Person"
      }
    },
    {
      "triple": {
        "subject": "/sample-data/data-1952.json",
        "predicate": "http://xmlns.com/foaf/0.1/knows",
        "object": "/sample-data/data-251.json"
      }
    },
    {
      "triple": {
        "subject": "/sample-data/data-1952.json",
        "predicate": "http://xmlns.com/foaf/0.1/knows",
        "object": "/sample-data/data-2523.json"
      }
    },
    {
      "triple": {
        "subject": "/sample-data/data-1952.json",
        "predicate": "http://xmlns.com/foaf/0.1/knows",
        "object": "/sample-data/data-1879.json"
      }
    }
  ]
}