{
  "_id": "55ee5e9828e56a11dbb4e2c2",
  "index": 2723,
  "guid": "f9c4d400-8c26-4fdd-8a5a-3b88c50f40e4",
  "isActive": true,
  "balance": "$11,056.93",
  "picture": "http://placehold.it/32x32",
  "age": 51,
  "eyeColor": "brown",
  "name": "Ellen Macias",
  "gender": "female",
  "company": "GRONK",
  "email": "ellenmacias@gronk.com",
  "phone": "+1 (856) 462-3920",
  "address": "511 Sumpter Street, Taft, Nevada, 5422",
  "about": "Est id tempor voluptate duis aute dolore ad nisi quis eiusmod eu. Nisi et labore aute amet irure veniam. Elit culpa esse consectetur laborum tempor dolor. Ea aliquip eu pariatur irure tempor ipsum velit magna incididunt. Voluptate officia magna enim laboris reprehenderit ad consequat. In laboris culpa culpa esse consequat. Aliqua esse ullamco reprehenderit quis dolore fugiat magna elit culpa ad tempor.\r\n",
  "registered": "2015-06-17T03:39:56-07:00",
  "tags": [
    "cupidatat",
    "aliquip",
    "eu",
    "dolor",
    "pariatur",
    "quis",
    "fugiat"
  ],
  "friends": [
    {
      "id": 0,
      "name": "Jordan Norris"
    },
    {
      "id": 1,
      "name": "Irma House"
    },
    {
      "id": 2,
      "name": "Jamie Stokes"
    }
  ],
  "greeting": "Hello, Ellen Macias! You have 5 unread messages.",
  "favoriteFruit": "orange",
  "location": {
    "latitude": -39.702431,
    "longitude": -121.789206
  },
  "docFormat": "json",
  "triples": [
    {
      "triple": {
        "subject": "/sample-data/data-2723.json",
        "predicate": "http://www.w3.org/2000/01/rdf-schema#label",
        "object": "Ellen Macias"
      }
    },
    {
      "triple": {
        "subject": "/sample-data/data-2723.json",
        "predicate": "http://www.w3.org/1999/02/22-rdf-syntax-ns#type",
        "object": "http://xmlns.com/foaf/0.1/Person"
      }
    },
    {
      "triple": {
        "subject": "/sample-data/data-2723.json",
        "predicate": "http://xmlns.com/foaf/0.1/knows",
        "object": "/sample-data/data-197.json"
      }
    },
    {
      "triple": {
        "subject": "/sample-data/data-2723.json",
        "predicate": "http://xmlns.com/foaf/0.1/knows",
        "object": "/sample-data/data-681.json"
      }
    },
    {
      "triple": {
        "subject": "/sample-data/data-2723.json",
        "predicate": "http://xmlns.com/foaf/0.1/knows",
        "object": "/sample-data/data-540.json"
      }
    }
  ]
}