{
  "_id": "55ee5e9856fcab8a8af670bb",
  "index": 2903,
  "guid": "4457d9d6-907f-4bfc-89c0-d482bc41372a",
  "isActive": true,
  "balance": "$39,051.71",
  "picture": "http://placehold.it/32x32",
  "age": 26,
  "eyeColor": "gray",
  "name": "Kristina Dunn",
  "gender": "female",
  "company": "MAGNEATO",
  "email": "kristinadunn@magneato.com",
  "phone": "+1 (959) 589-2781",
  "address": "529 Hale Avenue, Carrsville, Virginia, 8110",
  "about": "Qui Lorem occaecat consectetur laboris sit qui. Culpa deserunt officia sit esse sunt. Deserunt tempor veniam veniam dolore cupidatat consequat voluptate nisi reprehenderit. Ut aliquip Lorem do reprehenderit.\r\n",
  "registered": "2015-07-09T08:12:55-07:00",
  "tags": [
    "irure",
    "magna",
    "nisi",
    "do",
    "mollit",
    "incididunt",
    "et"
  ],
  "friends": [
    {
      "id": 0,
      "name": "Hinton Oneil"
    },
    {
      "id": 1,
      "name": "Goldie White"
    },
    {
      "id": 2,
      "name": "Nannie Jennings"
    }
  ],
  "greeting": "Hello, Kristina Dunn! You have 6 unread messages.",
  "favoriteFruit": "orange",
  "location": {
    "latitude": -24.962163,
    "longitude": 78.840285
  },
  "docFormat": "json",
  "triples": [
    {
      "triple": {
        "subject": "/sample-data/data-2903.json",
        "predicate": "http://www.w3.org/2000/01/rdf-schema#label",
        "object": "Kristina Dunn"
      }
    },
    {
      "triple": {
        "subject": "/sample-data/data-2903.json",
        "predicate": "http://www.w3.org/1999/02/22-rdf-syntax-ns#type",
        "object": "http://xmlns.com/foaf/0.1/Person"
      }
    },
    {
      "triple": {
        "subject": "/sample-data/data-2903.json",
        "predicate": "http://xmlns.com/foaf/0.1/knows",
        "object": "/sample-data/data-2099.json"
      }
    },
    {
      "triple": {
        "subject": "/sample-data/data-2903.json",
        "predicate": "http://xmlns.com/foaf/0.1/knows",
        "object": "/sample-data/data-2657.json"
      }
    },
    {
      "triple": {
        "subject": "/sample-data/data-2903.json",
        "predicate": "http://xmlns.com/foaf/0.1/knows",
        "object": "/sample-data/data-1624.json"
      }
    }
  ]
}