{
  "_id": "55ee5e980a4f0bb419177e9f",
  "index": 2149,
  "guid": "7b652b36-9ad3-4932-a10f-550b51dc84f1",
  "isActive": true,
  "balance": "$35,457.16",
  "picture": "http://placehold.it/32x32",
  "age": 38,
  "eyeColor": "blue",
  "name": "Hilda Fitzpatrick",
  "gender": "female",
  "company": "URBANSHEE",
  "email": "hildafitzpatrick@urbanshee.com",
  "phone": "+1 (956) 557-2037",
  "address": "985 Exeter Street, Brule, Virginia, 4619",
  "about": "Anim deserunt esse nisi irure adipisicing dolore duis commodo. Esse sit ad reprehenderit do consequat excepteur consectetur laboris. Aliqua cillum laborum esse nulla excepteur commodo ipsum ullamco cillum ullamco duis sunt est. Ad est duis eu qui consequat consequat et et fugiat. Et laboris aliquip consectetur ex exercitation et in eu. Deserunt deserunt consequat nostrud mollit anim labore enim. Duis excepteur esse veniam minim tempor reprehenderit dolore aliquip excepteur minim laborum proident.\r\n",
  "registered": "2015-06-08T11:04:19-07:00",
  "tags": [
    "amet",
    "aute",
    "Lorem",
    "culpa",
    "aliquip",
    "sit",
    "deserunt"
  ],
  "friends": [
    {
      "id": 0,
      "name": "Katina Ball"
    },
    {
      "id": 1,
      "name": "Boone Wall"
    },
    {
      "id": 2,
      "name": "Kelli Jarvis"
    }
  ],
  "greeting": "Hello, Hilda Fitzpatrick! You have 5 unread messages.",
  "favoriteFruit": "banana",
  "location": {
    "latitude": -1.753699,
    "longitude": -23.360762
  },
  "docFormat": "json",
  "triples": [
    {
      "triple": {
        "subject": "/sample-data/data-2149.json",
        "predicate": "http://www.w3.org/2000/01/rdf-schema#label",
        "object": "Hilda Fitzpatrick"
      }
    },
    {
      "triple": {
        "subject": "/sample-data/data-2149.json",
        "predicate": "http://www.w3.org/1999/02/22-rdf-syntax-ns#type",
        "object": "http://xmlns.com/foaf/0.1/Person"
      }
    },
    {
      "triple": {
        "subject": "/sample-data/data-2149.json",
        "predicate": "http://xmlns.com/foaf/0.1/knows",
        "object": "/sample-data/data-932.json"
      }
    },
    {
      "triple": {
        "subject": "/sample-data/data-2149.json",
        "predicate": "http://xmlns.com/foaf/0.1/knows",
        "object": "/sample-data/data-346.json"
      }
    },
    {
      "triple": {
        "subject": "/sample-data/data-2149.json",
        "predicate": "http://xmlns.com/foaf/0.1/knows",
        "object": "/sample-data/data-1598.json"
      }
    }
  ]
}