{
  "_id": "55ee5e9829ebf77da06f7c95",
  "index": 2037,
  "guid": "4e705bc4-b5dc-485b-862b-f09af64ed0b5",
  "isActive": true,
  "balance": "$41,380.87",
  "picture": "http://placehold.it/32x32",
  "age": 38,
  "eyeColor": "hazel",
  "name": "Cortez Alexander",
  "gender": "male",
  "company": "OBONES",
  "email": "cortezalexander@obones.com",
  "phone": "+1 (849) 529-2493",
  "address": "641 Fiske Place, Strykersville, Georgia, 5457",
  "about": "Nisi quis nisi eu sint minim veniam. Ullamco sint ex ipsum quis et. Laborum enim veniam non reprehenderit duis et commodo consequat quis ad cupidatat proident excepteur. Irure nisi et proident qui cupidatat est eiusmod voluptate.\r\n",
  "registered": "2015-09-01T02:08:38-07:00",
  "tags": [
    "aliqua",
    "labore",
    "dolor",
    "consequat",
    "esse",
    "fugiat",
    "aliquip"
  ],
  "friends": [
    {
      "id": 0,
      "name": "Mia Greene"
    },
    {
      "id": 1,
      "name": "Sosa Kirby"
    },
    {
      "id": 2,
      "name": "Penelope Santiago"
    }
  ],
  "greeting": "Hello, Cortez Alexander! You have 9 unread messages.",
  "favoriteFruit": "orange",
  "location": {
    "latitude": -83.889747,
    "longitude": -133.292579
  },
  "docFormat": "json",
  "triples": [
    {
      "triple": {
        "subject": "/sample-data/data-2037.json",
        "predicate": "http://www.w3.org/2000/01/rdf-schema#label",
        "object": "Cortez Alexander"
      }
    },
    {
      "triple": {
        "subject": "/sample-data/data-2037.json",
        "predicate": "http://www.w3.org/1999/02/22-rdf-syntax-ns#type",
        "object": "http://xmlns.com/foaf/0.1/Person"
      }
    },
    {
      "triple": {
        "subject": "/sample-data/data-2037.json",
        "predicate": "http://xmlns.com/foaf/0.1/knows",
        "object": "/sample-data/data-222.json"
      }
    },
    {
      "triple": {
        "subject": "/sample-data/data-2037.json",
        "predicate": "http://xmlns.com/foaf/0.1/knows",
        "object": "/sample-data/data-58.json"
      }
    },
    {
      "triple": {
        "subject": "/sample-data/data-2037.json",
        "predicate": "http://xmlns.com/foaf/0.1/knows",
        "object": "/sample-data/data-2775.json"
      }
    }
  ]
}