{
  "_id": "55ee5e450ff15c7d1f9a86d3",
  "index": 1749,
  "guid": "62fae080-794d-4b5a-bcc3-91c75db8ab2b",
  "isActive": true,
  "balance": "$81,855.93",
  "picture": "http://placehold.it/32x32",
  "age": 46,
  "eyeColor": "blue",
  "name": "Elinor Jacobs",
  "gender": "female",
  "company": "ZILIDIUM",
  "email": "elinorjacobs@zilidium.com",
  "phone": "+1 (824) 470-2406",
  "address": "272 Devoe Street, Tryon, Florida, 5908",
  "about": "Consectetur nostrud cupidatat elit veniam. Do cupidatat amet eiusmod pariatur. Dolore ad ad deserunt do velit anim nisi eu eu mollit occaecat ullamco dolore. Aliquip nisi quis nulla voluptate commodo cupidatat. Aute ad excepteur ea sit.\r\n",
  "registered": "2015-02-09T09:12:04-07:00",
  "tags": [
    "incididunt",
    "reprehenderit",
    "officia",
    "ullamco",
    "elit",
    "quis",
    "non"
  ],
  "friends": [
    {
      "id": 0,
      "name": "Ada Mccray"
    },
    {
      "id": 1,
      "name": "Jordan Stout"
    },
    {
      "id": 2,
      "name": "Sullivan Burnett"
    }
  ],
  "greeting": "Hello, Elinor Jacobs! You have 8 unread messages.",
  "favoriteFruit": "banana",
  "location": {
    "latitude": -7.020574,
    "longitude": 75.324332
  },
  "docFormat": "json",
  "triples": [
    {
      "triple": {
        "subject": "/sample-data/data-1749.json",
        "predicate": "http://www.w3.org/2000/01/rdf-schema#label",
        "object": "Elinor Jacobs"
      }
    },
    {
      "triple": {
        "subject": "/sample-data/data-1749.json",
        "predicate": "http://www.w3.org/1999/02/22-rdf-syntax-ns#type",
        "object": "http://xmlns.com/foaf/0.1/Person"
      }
    },
    {
      "triple": {
        "subject": "/sample-data/data-1749.json",
        "predicate": "http://xmlns.com/foaf/0.1/knows",
        "object": "/sample-data/data-755.json"
      }
    },
    {
      "triple": {
        "subject": "/sample-data/data-1749.json",
        "predicate": "http://xmlns.com/foaf/0.1/knows",
        "object": "/sample-data/data-2537.json"
      }
    },
    {
      "triple": {
        "subject": "/sample-data/data-1749.json",
        "predicate": "http://xmlns.com/foaf/0.1/knows",
        "object": "/sample-data/data-536.json"
      }
    }
  ]
}