{
  "_id": "55ee5e44081e528c32851719",
  "index": 960,
  "guid": "f6cbd576-51f9-4070-94ee-bcd2fcd536dc",
  "isActive": true,
  "balance": "$98,016.06",
  "picture": "http://placehold.it/32x32",
  "age": 55,
  "eyeColor": "brown",
  "name": "Etta Mckinney",
  "gender": "female",
  "company": "GADTRON",
  "email": "ettamckinney@gadtron.com",
  "phone": "+1 (824) 458-3138",
  "address": "620 Jackson Court, Bluffview, District Of Columbia, 8997",
  "about": "Est ut deserunt officia officia sit aute quis qui eiusmod. Amet elit occaecat ad et anim dolore dolore incididunt anim. Minim quis est in excepteur laboris nulla laborum consectetur officia deserunt.\r\n",
  "registered": "2014-09-28T12:07:14-07:00",
  "tags": [
    "non",
    "elit",
    "incididunt",
    "non",
    "enim",
    "nisi",
    "exercitation"
  ],
  "friends": [
    {
      "id": 0,
      "name": "Murphy Colon"
    },
    {
      "id": 1,
      "name": "Gonzalez Durham"
    },
    {
      "id": 2,
      "name": "Reba Becker"
    }
  ],
  "greeting": "Hello, Etta Mckinney! You have 7 unread messages.",
  "favoriteFruit": "pear",
  "location": {
    "latitude": 0.2004,
    "longitude": 154.539116
  },
  "docFormat": "json",
  "triples": [
    {
      "triple": {
        "subject": "/sample-data/data-960.json",
        "predicate": "http://www.w3.org/2000/01/rdf-schema#label",
        "object": "Etta Mckinney"
      }
    },
    {
      "triple": {
        "subject": "/sample-data/data-960.json",
        "predicate": "http://www.w3.org/1999/02/22-rdf-syntax-ns#type",
        "object": "http://xmlns.com/foaf/0.1/Person"
      }
    },
    {
      "triple": {
        "subject": "/sample-data/data-960.json",
        "predicate": "http://xmlns.com/foaf/0.1/knows",
        "object": "/sample-data/data-2354.json"
      }
    },
    {
      "triple": {
        "subject": "/sample-data/data-960.json",
        "predicate": "http://xmlns.com/foaf/0.1/knows",
        "object": "/sample-data/data-1209.json"
      }
    },
    {
      "triple": {
        "subject": "/sample-data/data-960.json",
        "predicate": "http://xmlns.com/foaf/0.1/knows",
        "object": "/sample-data/data-2798.json"
      }
    }
  ]
}