{
  "_id": "55ee5e458f3de474c17e55d2",
  "index": 1621,
  "guid": "38b12697-de9c-48c1-b7bf-37b193d5ed4c",
  "isActive": false,
  "balance": "$52,707.98",
  "picture": "http://placehold.it/32x32",
  "age": 68,
  "eyeColor": "blue",
  "name": "Rasmussen Peterson",
  "gender": "male",
  "company": "KEENGEN",
  "email": "rasmussenpeterson@keengen.com",
  "phone": "+1 (802) 454-2030",
  "address": "857 Conselyea Street, Nicut, Texas, 5278",
  "about": "Velit reprehenderit cillum ea sint nostrud cillum aliqua officia ullamco consectetur do adipisicing id. In id in commodo consequat sint dolor sit commodo nostrud qui sit deserunt laborum dolore. Laborum deserunt in labore enim esse laboris irure ea magna. Consectetur cupidatat eiusmod do cillum ex exercitation exercitation pariatur dolor voluptate. Est amet voluptate culpa excepteur minim dolore ea ad laboris aliquip Lorem. Sint consequat commodo ut id ea non exercitation magna sit.\r\n",
  "registered": "2014-07-23T04:28:09-07:00",
  "tags": [
    "mollit",
    "excepteur",
    "mollit",
    "sit",
    "occaecat",
    "sunt",
    "voluptate"
  ],
  "friends": [
    {
      "id": 0,
      "name": "Fletcher Simmons"
    },
    {
      "id": 1,
      "name": "Bishop Patterson"
    },
    {
      "id": 2,
      "name": "Lenore Joseph"
    }
  ],
  "greeting": "Hello, Rasmussen Peterson! You have 2 unread messages.",
  "favoriteFruit": "strawberry",
  "location": {
    "latitude": -47.914728,
    "longitude": -29.556799
  },
  "docFormat": "json",
  "triples": [
    {
      "triple": {
        "subject": "/sample-data/data-1621.json",
        "predicate": "http://www.w3.org/2000/01/rdf-schema#label",
        "object": "Rasmussen Peterson"
      }
    },
    {
      "triple": {
        "subject": "/sample-data/data-1621.json",
        "predicate": "http://www.w3.org/1999/02/22-rdf-syntax-ns#type",
        "object": "http://xmlns.com/foaf/0.1/Person"
      }
    },
    {
      "triple": {
        "subject": "/sample-data/data-1621.json",
        "predicate": "http://xmlns.com/foaf/0.1/knows",
        "object": "/sample-data/data-1057.json"
      }
    },
    {
      "triple": {
        "subject": "/sample-data/data-1621.json",
        "predicate": "http://xmlns.com/foaf/0.1/knows",
        "object": "/sample-data/data-1854.json"
      }
    },
    {
      "triple": {
        "subject": "/sample-data/data-1621.json",
        "predicate": "http://xmlns.com/foaf/0.1/knows",
        "object": "/sample-data/data-638.json"
      }
    }
  ]
}