{
  "_id": "55ee5e98bed675380d51eef9",
  "index": 2313,
  "guid": "f947aed8-d8f9-4f51-a6c6-d064da8401ea",
  "isActive": true,
  "balance": "$87,693.90",
  "picture": "http://placehold.it/32x32",
  "age": 62,
  "eyeColor": "amethyst",
  "name": "Sheryl Freeman",
  "gender": "female",
  "company": "ZANYMAX",
  "email": "sherylfreeman@zanymax.com",
  "phone": "+1 (995) 476-2142",
  "address": "996 Schroeders Avenue, Tibbie, Arkansas, 9659",
  "about": "Excepteur proident velit esse labore labore ullamco in officia velit nostrud. Non esse officia et laborum qui non do cupidatat dolore do labore consequat do et. Do Lorem quis aliquip enim esse mollit cupidatat incididunt velit aute. Ad eiusmod eiusmod veniam non ullamco sunt quis mollit.\r\n",
  "registered": "2015-05-13T01:00:37-07:00",
  "tags": [
    "laboris",
    "tempor",
    "consequat",
    "pariatur",
    "laborum",
    "amet",
    "cillum"
  ],
  "friends": [
    {
      "id": 0,
      "name": "Roberson Emerson"
    },
    {
      "id": 1,
      "name": "Nancy Richmond"
    },
    {
      "id": 2,
      "name": "Lucy Bullock"
    }
  ],
  "greeting": "Hello, Sheryl Freeman! You have 10 unread messages.",
  "favoriteFruit": "pear",
  "location": {
    "latitude": 9.812769,
    "longitude": 157.187519
  },
  "docFormat": "json",
  "triples": [
    {
      "triple": {
        "subject": "/sample-data/data-2313.json",
        "predicate": "http://www.w3.org/2000/01/rdf-schema#label",
        "object": "Sheryl Freeman"
      }
    },
    {
      "triple": {
        "subject": "/sample-data/data-2313.json",
        "predicate": "http://www.w3.org/1999/02/22-rdf-syntax-ns#type",
        "object": "http://xmlns.com/foaf/0.1/Person"
      }
    },
    {
      "triple": {
        "subject": "/sample-data/data-2313.json",
        "predicate": "http://xmlns.com/foaf/0.1/knows",
        "object": "/sample-data/data-1584.json"
      }
    },
    {
      "triple": {
        "subject": "/sample-data/data-2313.json",
        "predicate": "http://xmlns.com/foaf/0.1/knows",
        "object": "/sample-data/data-737.json"
      }
    },
    {
      "triple": {
        "subject": "/sample-data/data-2313.json",
        "predicate": "http://xmlns.com/foaf/0.1/knows",
        "object": "/sample-data/data-2004.json"
      }
    }
  ]
}