{
  "_id": "55ee5e44ae5f5d34a4ad6da8",
  "index": 464,
  "guid": "8623024e-179b-4521-a35e-feee837b79b5",
  "isActive": false,
  "balance": "$87,587.43",
  "picture": "http://placehold.it/32x32",
  "age": 43,
  "eyeColor": "brown",
  "name": "Alta Moon",
  "gender": "female",
  "company": "BLURRYBUS",
  "email": "altamoon@blurrybus.com",
  "phone": "+1 (882) 547-3097",
  "address": "701 Wyckoff Avenue, Sultana, Arizona, 4842",
  "about": "Aliqua tempor cupidatat ipsum enim excepteur consectetur dolor eu sunt laborum fugiat enim. Tempor id proident cillum in tempor laborum eiusmod tempor occaecat aute ipsum excepteur nostrud. Do ullamco veniam irure ex. Eiusmod id laborum sunt culpa aliqua ea officia voluptate cillum labore. Laboris ad excepteur fugiat eiusmod. Eu quis duis in reprehenderit. Velit nulla exercitation quis anim aute proident cupidatat et consequat quis.\r\n",
  "registered": "2014-12-03T07:17:24-07:00",
  "tags": [
    "ipsum",
    "eiusmod",
    "pariatur",
    "dolore",
    "consequat",
    "est",
    "cupidatat"
  ],
  "friends": [
    {
      "id": 0,
      "name": "Anderson Wolf"
    },
    {
      "id": 1,
      "name": "Graham Donaldson"
    },
    {
      "id": 2,
      "name": "Britney Skinner"
    }
  ],
  "greeting": "Hello, Alta Moon! You have 7 unread messages.",
  "favoriteFruit": "apple",
  "location": {
    "latitude": 37.983022,
    "longitude": 82.53028
  },
  "docFormat": "json",
  "triples": [
    {
      "triple": {
        "subject": "/sample-data/data-464.json",
        "predicate": "http://www.w3.org/2000/01/rdf-schema#label",
        "object": "Alta Moon"
      }
    },
    {
      "triple": {
        "subject": "/sample-data/data-464.json",
        "predicate": "http://www.w3.org/1999/02/22-rdf-syntax-ns#type",
        "object": "http://xmlns.com/foaf/0.1/Person"
      }
    },
    {
      "triple": {
        "subject": "/sample-data/data-464.json",
        "predicate": "http://xmlns.com/foaf/0.1/knows",
        "object": "/sample-data/data-2086.json"
      }
    },
    {
      "triple": {
        "subject": "/sample-data/data-464.json",
        "predicate": "http://xmlns.com/foaf/0.1/knows",
        "object": "/sample-data/data-1918.json"
      }
    },
    {
      "triple": {
        "subject": "/sample-data/data-464.json",
        "predicate": "http://xmlns.com/foaf/0.1/knows",
        "object": "/sample-data/data-1149.json"
      }
    }
  ]
}