{
  "_id": "55ee5e45ca11f880f4276fdb",
  "index": 1968,
  "guid": "4f3af1c0-54c0-4e04-b66c-106aa6efe25c",
  "isActive": false,
  "balance": "$84,385.19",
  "picture": "http://placehold.it/32x32",
  "age": 31,
  "eyeColor": "brown",
  "name": "Lila Gray",
  "gender": "female",
  "company": "SHOPABOUT",
  "email": "lilagray@shopabout.com",
  "phone": "+1 (932) 447-3921",
  "address": "763 Guider Avenue, Sattley, Maryland, 8950",
  "about": "Cupidatat eu eiusmod laborum do duis aute magna dolore nostrud incididunt eu. Nostrud ipsum voluptate ex ullamco officia quis adipisicing minim commodo pariatur adipisicing. Amet anim cupidatat do qui aliquip. Aute consectetur voluptate tempor labore cupidatat anim. Nulla sunt cillum quis excepteur magna excepteur enim. Elit eiusmod nostrud dolor qui sunt adipisicing aliqua irure adipisicing veniam tempor commodo. Sit tempor tempor ex in exercitation id sunt ea non culpa.\r\n",
  "registered": "2014-01-25T09:21:04-07:00",
  "tags": [
    "laboris",
    "deserunt",
    "dolor",
    "eiusmod",
    "et",
    "exercitation",
    "cillum"
  ],
  "friends": [
    {
      "id": 0,
      "name": "Howe Jarvis"
    },
    {
      "id": 1,
      "name": "Pope Sykes"
    },
    {
      "id": 2,
      "name": "Lyons Winters"
    }
  ],
  "greeting": "Hello, Lila Gray! You have 10 unread messages.",
  "favoriteFruit": "banana",
  "location": {
    "latitude": 4.982172,
    "longitude": 106.611847
  },
  "docFormat": "json",
  "triples": [
    {
      "triple": {
        "subject": "/sample-data/data-1968.json",
        "predicate": "http://www.w3.org/2000/01/rdf-schema#label",
        "object": "Lila Gray"
      }
    },
    {
      "triple": {
        "subject": "/sample-data/data-1968.json",
        "predicate": "http://www.w3.org/1999/02/22-rdf-syntax-ns#type",
        "object": "http://xmlns.com/foaf/0.1/Person"
      }
    },
    {
      "triple": {
        "subject": "/sample-data/data-1968.json",
        "predicate": "http://xmlns.com/foaf/0.1/knows",
        "object": "/sample-data/data-1212.json"
      }
    },
    {
      "triple": {
        "subject": "/sample-data/data-1968.json",
        "predicate": "http://xmlns.com/foaf/0.1/knows",
        "object": "/sample-data/data-2909.json"
      }
    },
    {
      "triple": {
        "subject": "/sample-data/data-1968.json",
        "predicate": "http://xmlns.com/foaf/0.1/knows",
        "object": "/sample-data/data-1981.json"
      }
    }
  ]
}