{
  "_id": "55ee5e982e6c538e9f5ac36c",
  "index": 2217,
  "guid": "21bef491-12be-449a-b44d-a26798eabd5f",
  "isActive": false,
  "balance": "$46,183.49",
  "picture": "http://placehold.it/32x32",
  "age": 58,
  "eyeColor": "honey",
  "name": "Valeria Higgins",
  "gender": "female",
  "company": "ZYTRAX",
  "email": "valeriahiggins@zytrax.com",
  "phone": "+1 (892) 439-2018",
  "address": "144 Wilson Street, Mahtowa, Wisconsin, 9507",
  "about": "Occaecat esse elit et et do duis ullamco qui nostrud. Irure amet nulla officia duis culpa minim. Commodo magna est nisi ad cupidatat magna incididunt veniam sunt. Dolore enim dolor fugiat quis deserunt ut irure occaecat labore incididunt sint eu laborum adipisicing.\r\n",
  "registered": "2014-11-09T10:58:23-07:00",
  "tags": [
    "aliqua",
    "enim",
    "cillum",
    "culpa",
    "veniam",
    "ut",
    "ex"
  ],
  "friends": [
    {
      "id": 0,
      "name": "Kline Ellis"
    },
    {
      "id": 1,
      "name": "Joyner Hester"
    },
    {
      "id": 2,
      "name": "Addie Monroe"
    }
  ],
  "greeting": "Hello, Valeria Higgins! You have 8 unread messages.",
  "favoriteFruit": "strawberry",
  "location": {
    "latitude": -20.087704,
    "longitude": 158.93654
  },
  "docFormat": "json",
  "triples": [
    {
      "triple": {
        "subject": "/sample-data/data-2217.json",
        "predicate": "http://www.w3.org/2000/01/rdf-schema#label",
        "object": "Valeria Higgins"
      }
    },
    {
      "triple": {
        "subject": "/sample-data/data-2217.json",
        "predicate": "http://www.w3.org/1999/02/22-rdf-syntax-ns#type",
        "object": "http://xmlns.com/foaf/0.1/Person"
      }
    },
    {
      "triple": {
        "subject": "/sample-data/data-2217.json",
        "predicate": "http://xmlns.com/foaf/0.1/knows",
        "object": "/sample-data/data-2954.json"
      }
    },
    {
      "triple": {
        "subject": "/sample-data/data-2217.json",
        "predicate": "http://xmlns.com/foaf/0.1/knows",
        "object": "/sample-data/data-1533.json"
      }
    },
    {
      "triple": {
        "subject": "/sample-data/data-2217.json",
        "predicate": "http://xmlns.com/foaf/0.1/knows",
        "object": "/sample-data/data-684.json"
      }
    }
  ]
}