{
  "_id": "55ee5e44b5b63bf73a700a52",
  "index": 263,
  "guid": "f6680b60-56a4-4e29-9933-062e01e8ffa9",
  "isActive": false,
  "balance": "$18,292.64",
  "picture": "http://placehold.it/32x32",
  "age": 36,
  "eyeColor": "blue",
  "name": "Massey Rojas",
  "gender": "male",
  "company": "EBIDCO",
  "email": "masseyrojas@ebidco.com",
  "phone": "+1 (873) 494-2028",
  "address": "246 Village Road, Stewart, Indiana, 725",
  "about": "Exercitation laborum commodo ex eiusmod excepteur ut proident sint nulla incididunt sunt enim. Sunt ut aute labore cupidatat cillum enim mollit consequat dolore ullamco nulla aliquip. Elit ad consectetur ullamco voluptate ut quis minim ipsum sunt aute excepteur.\r\n",
  "registered": "2015-03-02T07:45:30-07:00",
  "tags": [
    "eiusmod",
    "reprehenderit",
    "nulla",
    "adipisicing",
    "dolor",
    "do",
    "aliquip"
  ],
  "friends": [
    {
      "id": 0,
      "name": "Lorna Landry"
    },
    {
      "id": 1,
      "name": "Wilkinson Daniel"
    },
    {
      "id": 2,
      "name": "Monroe Parrish"
    }
  ],
  "greeting": "Hello, Massey Rojas! You have 8 unread messages.",
  "favoriteFruit": "apple",
  "location": {
    "latitude": 63.100941,
    "longitude": 73.564228
  },
  "docFormat": "json",
  "triples": [
    {
      "triple": {
        "subject": "/sample-data/data-263.json",
        "predicate": "http://www.w3.org/2000/01/rdf-schema#label",
        "object": "Massey Rojas"
      }
    },
    {
      "triple": {
        "subject": "/sample-data/data-263.json",
        "predicate": "http://www.w3.org/1999/02/22-rdf-syntax-ns#type",
        "object": "http://xmlns.com/foaf/0.1/Person"
      }
    },
    {
      "triple": {
        "subject": "/sample-data/data-263.json",
        "predicate": "http://xmlns.com/foaf/0.1/knows",
        "object": "/sample-data/data-2388.json"
      }
    },
    {
      "triple": {
        "subject": "/sample-data/data-263.json",
        "predicate": "http://xmlns.com/foaf/0.1/knows",
        "object": "/sample-data/data-628.json"
      }
    },
    {
      "triple": {
        "subject": "/sample-data/data-263.json",
        "predicate": "http://xmlns.com/foaf/0.1/knows",
        "object": "/sample-data/data-2062.json"
      }
    }
  ]
}