{
  "_id": "55ee5e980c7703737d21cdc7",
  "index": 2305,
  "guid": "53a2c847-c710-430d-81ed-cd3c4538eb85",
  "isActive": true,
  "balance": "$30,349.19",
  "picture": "http://placehold.it/32x32",
  "age": 28,
  "eyeColor": "honey",
  "name": "Sybil Eaton",
  "gender": "female",
  "company": "FIBRODYNE",
  "email": "sybileaton@fibrodyne.com",
  "phone": "+1 (993) 411-3179",
  "address": "861 Anna Court, Nash, Texas, 2282",
  "about": "Deserunt pariatur est commodo labore veniam sint. Officia enim aliquip sunt culpa nostrud sit. Enim ullamco duis tempor elit id eu id ex magna ad pariatur Lorem cupidatat deserunt. Ex nisi commodo mollit quis minim duis. Consectetur quis minim nostrud sint ut in.\r\n",
  "registered": "2015-02-16T09:17:18-07:00",
  "tags": [
    "irure",
    "tempor",
    "amet",
    "irure",
    "ex",
    "laborum",
    "incididunt"
  ],
  "friends": [
    {
      "id": 0,
      "name": "Case Powell"
    },
    {
      "id": 1,
      "name": "Baird Bartlett"
    },
    {
      "id": 2,
      "name": "Frost Pace"
    }
  ],
  "greeting": "Hello, Sybil Eaton! You have 9 unread messages.",
  "favoriteFruit": "pear",
  "location": {
    "latitude": -58.358209,
    "longitude": 7.219818
  },
  "docFormat": "json",
  "triples": [
    {
      "triple": {
        "subject": "/sample-data/data-2305.json",
        "predicate": "http://www.w3.org/2000/01/rdf-schema#label",
        "object": "Sybil Eaton"
      }
    },
    {
      "triple": {
        "subject": "/sample-data/data-2305.json",
        "predicate": "http://www.w3.org/1999/02/22-rdf-syntax-ns#type",
        "object": "http://xmlns.com/foaf/0.1/Person"
      }
    },
    {
      "triple": {
        "subject": "/sample-data/data-2305.json",
        "predicate": "http://xmlns.com/foaf/0.1/knows",
        "object": "/sample-data/data-786.json"
      }
    },
    {
      "triple": {
        "subject": "/sample-data/data-2305.json",
        "predicate": "http://xmlns.com/foaf/0.1/knows",
        "object": "/sample-data/data-2123.json"
      }
    },
    {
      "triple": {
        "subject": "/sample-data/data-2305.json",
        "predicate": "http://xmlns.com/foaf/0.1/knows",
        "object": "/sample-data/data-1271.json"
      }
    }
  ]
}