{
  "_id": "55ee5e44b1e3409a1160e076",
  "index": 424,
  "guid": "c7a46714-a0b1-4db8-965e-8cedf6c19870",
  "isActive": true,
  "balance": "$98,198.06",
  "picture": "http://placehold.it/32x32",
  "age": 68,
  "eyeColor": "green",
  "name": "Della Romero",
  "gender": "female",
  "company": "QNEKT",
  "email": "dellaromero@qnekt.com",
  "phone": "+1 (919) 405-3202",
  "address": "571 Berriman Street, Cannondale, Alaska, 9496",
  "about": "Fugiat veniam culpa incididunt laboris sit velit excepteur aute fugiat. Incididunt deserunt id sunt proident magna et Lorem amet officia sit excepteur consectetur exercitation. Laboris veniam laboris eu officia elit fugiat labore amet minim. Qui ut commodo velit ad ad eu id do ex esse ipsum irure qui. Fugiat eiusmod magna ea id eiusmod anim duis pariatur sit laboris.\r\n",
  "registered": "2015-07-04T10:15:53-07:00",
  "tags": [
    "minim",
    "voluptate",
    "ex",
    "cillum",
    "officia",
    "ullamco",
    "adipisicing"
  ],
  "friends": [
    {
      "id": 0,
      "name": "Aimee Gutierrez"
    },
    {
      "id": 1,
      "name": "Mcintosh Humphrey"
    },
    {
      "id": 2,
      "name": "Leola Lawrence"
    }
  ],
  "greeting": "Hello, Della Romero! You have 10 unread messages.",
  "favoriteFruit": "apple",
  "location": {
    "latitude": -67.014049,
    "longitude": -30.153577
  },
  "docFormat": "json",
  "triples": [
    {
      "triple": {
        "subject": "/sample-data/data-424.json",
        "predicate": "http://www.w3.org/2000/01/rdf-schema#label",
        "object": "Della Romero"
      }
    },
    {
      "triple": {
        "subject": "/sample-data/data-424.json",
        "predicate": "http://www.w3.org/1999/02/22-rdf-syntax-ns#type",
        "object": "http://xmlns.com/foaf/0.1/Person"
      }
    },
    {
      "triple": {
        "subject": "/sample-data/data-424.json",
        "predicate": "http://xmlns.com/foaf/0.1/knows",
        "object": "/sample-data/data-2891.json"
      }
    },
    {
      "triple": {
        "subject": "/sample-data/data-424.json",
        "predicate": "http://xmlns.com/foaf/0.1/knows",
        "object": "/sample-data/data-59.json"
      }
    },
    {
      "triple": {
        "subject": "/sample-data/data-424.json",
        "predicate": "http://xmlns.com/foaf/0.1/knows",
        "object": "/sample-data/data-2498.json"
      }
    }
  ]
}