{
  "_id": "55ee5e45ed6dcb594644df57",
  "index": 1732,
  "guid": "d45a6054-fc9c-47d2-a70f-d2bbcb40addf",
  "isActive": false,
  "balance": "$6,050.56",
  "picture": "http://placehold.it/32x32",
  "age": 58,
  "eyeColor": "green",
  "name": "Velasquez Kane",
  "gender": "male",
  "company": "SNACKTION",
  "email": "velasquezkane@snacktion.com",
  "phone": "+1 (878) 466-3159",
  "address": "343 Bassett Avenue, Jacumba, Tennessee, 3737",
  "about": "Ea ullamco enim quis enim adipisicing dolor anim ipsum elit ex. Anim consequat cupidatat minim Lorem esse incididunt mollit mollit in aute sint commodo reprehenderit. Incididunt occaecat esse labore sunt in ea exercitation incididunt aute elit anim pariatur.\r\n",
  "registered": "2015-06-01T06:33:40-07:00",
  "tags": [
    "aliquip",
    "proident",
    "dolor",
    "labore",
    "nisi",
    "in",
    "do"
  ],
  "friends": [
    {
      "id": 0,
      "name": "Winters Ryan"
    },
    {
      "id": 1,
      "name": "Gallagher Mathis"
    },
    {
      "id": 2,
      "name": "Santana Haley"
    }
  ],
  "greeting": "Hello, Velasquez Kane! You have 9 unread messages.",
  "favoriteFruit": "strawberry",
  "location": {
    "latitude": -86.332684,
    "longitude": 3.899212
  },
  "docFormat": "json",
  "triples": [
    {
      "triple": {
        "subject": "/sample-data/data-1732.json",
        "predicate": "http://www.w3.org/2000/01/rdf-schema#label",
        "object": "Velasquez Kane"
      }
    },
    {
      "triple": {
        "subject": "/sample-data/data-1732.json",
        "predicate": "http://www.w3.org/1999/02/22-rdf-syntax-ns#type",
        "object": "http://xmlns.com/foaf/0.1/Person"
      }
    },
    {
      "triple": {
        "subject": "/sample-data/data-1732.json",
        "predicate": "http://xmlns.com/foaf/0.1/knows",
        "object": "/sample-data/data-2357.json"
      }
    },
    {
      "triple": {
        "subject": "/sample-data/data-1732.json",
        "predicate": "http://xmlns.com/foaf/0.1/knows",
        "object": "/sample-data/data-1413.json"
      }
    },
    {
      "triple": {
        "subject": "/sample-data/data-1732.json",
        "predicate": "http://xmlns.com/foaf/0.1/knows",
        "object": "/sample-data/data-2305.json"
      }
    }
  ]
}