{
  "_id": "55ee5e44810d10674a692d2d",
  "index": 804,
  "guid": "d3efd65d-9be4-4d99-8b81-34641f1977fd",
  "isActive": true,
  "balance": "$72,931.59",
  "picture": "http://placehold.it/32x32",
  "age": 41,
  "eyeColor": "brown",
  "name": "Hannah Glass",
  "gender": "female",
  "company": "ASSITIA",
  "email": "hannahglass@assitia.com",
  "phone": "+1 (956) 464-3230",
  "address": "582 Suydam Place, Blandburg, Tennessee, 5005",
  "about": "Excepteur laborum aute officia nulla id labore occaecat elit labore ea velit sit ullamco. Officia aliquip occaecat sint velit nisi aute ipsum. Sunt qui irure deserunt nostrud velit mollit cupidatat et dolor consequat incididunt voluptate ex. Duis consectetur mollit magna cillum non eu.\r\n",
  "registered": "2015-08-19T05:43:53-07:00",
  "tags": [
    "sit",
    "excepteur",
    "cupidatat",
    "excepteur",
    "dolor",
    "aliqua",
    "mollit"
  ],
  "friends": [
    {
      "id": 0,
      "name": "Patty Schwartz"
    },
    {
      "id": 1,
      "name": "Mindy Sandoval"
    },
    {
      "id": 2,
      "name": "Sophia Sheppard"
    }
  ],
  "greeting": "Hello, Hannah Glass! You have 6 unread messages.",
  "favoriteFruit": "pear",
  "location": {
    "latitude": 2.382228,
    "longitude": 104.984922
  },
  "docFormat": "json",
  "triples": [
    {
      "triple": {
        "subject": "/sample-data/data-804.json",
        "predicate": "http://www.w3.org/2000/01/rdf-schema#label",
        "object": "Hannah Glass"
      }
    },
    {
      "triple": {
        "subject": "/sample-data/data-804.json",
        "predicate": "http://www.w3.org/1999/02/22-rdf-syntax-ns#type",
        "object": "http://xmlns.com/foaf/0.1/Person"
      }
    },
    {
      "triple": {
        "subject": "/sample-data/data-804.json",
        "predicate": "http://xmlns.com/foaf/0.1/knows",
        "object": "/sample-data/data-896.json"
      }
    },
    {
      "triple": {
        "subject": "/sample-data/data-804.json",
        "predicate": "http://xmlns.com/foaf/0.1/knows",
        "object": "/sample-data/data-264.json"
      }
    },
    {
      "triple": {
        "subject": "/sample-data/data-804.json",
        "predicate": "http://xmlns.com/foaf/0.1/knows",
        "object": "/sample-data/data-665.json"
      }
    }
  ]
}