{
  "_id": "55ee5e44fcca2933ffb1705e",
  "index": 85,
  "guid": "dd47f6b8-9e5a-493e-a5ab-eb073d9d3694",
  "isActive": false,
  "balance": "$77,833.65",
  "picture": "http://placehold.it/32x32",
  "age": 22,
  "eyeColor": "blue",
  "name": "Mollie Marshall",
  "gender": "female",
  "company": "TECHADE",
  "email": "molliemarshall@techade.com",
  "phone": "+1 (990) 514-3707",
  "address": "587 Hanover Place, Kansas, Hawaii, 8271",
  "about": "Aute duis excepteur et cillum culpa ullamco ea proident excepteur Lorem mollit ea. Proident cillum cillum eu nulla commodo laborum ex ipsum occaecat cillum aute et deserunt. Consectetur deserunt cupidatat duis aliquip cillum esse eiusmod ipsum. Adipisicing reprehenderit ut et minim aute consectetur qui consectetur sit dolore. Irure non veniam duis aliquip pariatur minim. Voluptate amet quis adipisicing esse non aute cupidatat in culpa ipsum eiusmod.\r\n",
  "registered": "2014-05-27T01:57:51-07:00",
  "tags": [
    "occaecat",
    "elit",
    "quis",
    "et",
    "ipsum",
    "eu",
    "dolore"
  ],
  "friends": [
    {
      "id": 0,
      "name": "Lottie Frederick"
    },
    {
      "id": 1,
      "name": "Marla Dawson"
    },
    {
      "id": 2,
      "name": "Best Gross"
    }
  ],
  "greeting": "Hello, Mollie Marshall! You have 2 unread messages.",
  "favoriteFruit": "apple",
  "location": {
    "latitude": -72.640078,
    "longitude": 107.437978
  },
  "docFormat": "json",
  "triples": [
    {
      "triple": {
        "subject": "/sample-data/data-85.json",
        "predicate": "http://www.w3.org/2000/01/rdf-schema#label",
        "object": "Mollie Marshall"
      }
    },
    {
      "triple": {
        "subject": "/sample-data/data-85.json",
        "predicate": "http://www.w3.org/1999/02/22-rdf-syntax-ns#type",
        "object": "http://xmlns.com/foaf/0.1/Person"
      }
    },
    {
      "triple": {
        "subject": "/sample-data/data-85.json",
        "predicate": "http://xmlns.com/foaf/0.1/knows",
        "object": "/sample-data/data-546.json"
      }
    },
    {
      "triple": {
        "subject": "/sample-data/data-85.json",
        "predicate": "http://xmlns.com/foaf/0.1/knows",
        "object": "/sample-data/data-1007.json"
      }
    },
    {
      "triple": {
        "subject": "/sample-data/data-85.json",
        "predicate": "http://xmlns.com/foaf/0.1/knows",
        "object": "/sample-data/data-2038.json"
      }
    }
  ]
}