{
  "_id": "55ee5e45c3cf47512beb69b1",
  "index": 1708,
  "guid": "db36ae8f-4dea-4c83-a276-3d4a683532e6",
  "isActive": false,
  "balance": "$38,506.56",
  "picture": "http://placehold.it/32x32",
  "age": 50,
  "eyeColor": "green",
  "name": "Georgette Harmon",
  "gender": "female",
  "company": "BRISTO",
  "email": "georgetteharmon@bristo.com",
  "phone": "+1 (883) 410-3474",
  "address": "451 Lincoln Terrace, Reno, Delaware, 7246",
  "about": "Velit occaecat pariatur et dolor sint cillum laborum sint minim. Nisi non sunt amet eiusmod cupidatat officia veniam consectetur occaecat. Culpa sunt incididunt consectetur ut tempor duis est.\r\n",
  "registered": "2014-02-10T10:39:47-07:00",
  "tags": [
    "excepteur",
    "qui",
    "esse",
    "labore",
    "ut",
    "nostrud",
    "mollit"
  ],
  "friends": [
    {
      "id": 0,
      "name": "Maribel Stone"
    },
    {
      "id": 1,
      "name": "Edwina Campbell"
    },
    {
      "id": 2,
      "name": "John Hull"
    }
  ],
  "greeting": "Hello, Georgette Harmon! You have 5 unread messages.",
  "favoriteFruit": "banana",
  "location": {
    "latitude": 45.544683,
    "longitude": 176.773584
  },
  "docFormat": "json",
  "triples": [
    {
      "triple": {
        "subject": "/sample-data/data-1708.json",
        "predicate": "http://www.w3.org/2000/01/rdf-schema#label",
        "object": "Georgette Harmon"
      }
    },
    {
      "triple": {
        "subject": "/sample-data/data-1708.json",
        "predicate": "http://www.w3.org/1999/02/22-rdf-syntax-ns#type",
        "object": "http://xmlns.com/foaf/0.1/Person"
      }
    },
    {
      "triple": {
        "subject": "/sample-data/data-1708.json",
        "predicate": "http://xmlns.com/foaf/0.1/knows",
        "object": "/sample-data/data-908.json"
      }
    },
    {
      "triple": {
        "subject": "/sample-data/data-1708.json",
        "predicate": "http://xmlns.com/foaf/0.1/knows",
        "object": "/sample-data/data-2019.json"
      }
    },
    {
      "triple": {
        "subject": "/sample-data/data-1708.json",
        "predicate": "http://xmlns.com/foaf/0.1/knows",
        "object": "/sample-data/data-2873.json"
      }
    }
  ]
}