{
  "_id": "55ee5e4558da7f1f3792c139",
  "index": 1525,
  "guid": "c7431f75-9421-425e-8e34-f3bb634ec0fa",
  "isActive": true,
  "balance": "$50,388.88",
  "picture": "http://placehold.it/32x32",
  "age": 63,
  "eyeColor": "blue",
  "name": "Gracie Vazquez",
  "gender": "female",
  "company": "BUZZNESS",
  "email": "gracievazquez@buzzness.com",
  "phone": "+1 (824) 579-3975",
  "address": "953 Linden Street, Stockwell, West Virginia, 3077",
  "about": "Irure incididunt mollit dolor aliqua qui commodo commodo laborum adipisicing sunt in deserunt eiusmod. Do in excepteur voluptate dolor eiusmod eu consectetur. Cupidatat qui aliquip exercitation voluptate laborum duis proident ullamco aliqua occaecat magna non. Et magna amet sunt nisi mollit irure culpa commodo cupidatat ipsum occaecat incididunt fugiat. Deserunt ipsum Lorem do aliqua. Ullamco consectetur nostrud voluptate ad tempor nostrud quis proident sit eu reprehenderit ipsum.\r\n",
  "registered": "2014-02-04T03:59:17-07:00",
  "tags": [
    "veniam",
    "est",
    "Lorem",
    "enim",
    "anim",
    "Lorem",
    "laboris"
  ],
  "friends": [
    {
      "id": 0,
      "name": "Hart Fisher"
    },
    {
      "id": 1,
      "name": "Alisa Cherry"
    },
    {
      "id": 2,
      "name": "Macias Silva"
    }
  ],
  "greeting": "Hello, Gracie Vazquez! You have 9 unread messages.",
  "favoriteFruit": "pear",
  "location": {
    "latitude": -86.512639,
    "longitude": -130.520729
  },
  "docFormat": "json",
  "triples": [
    {
      "triple": {
        "subject": "/sample-data/data-1525.json",
        "predicate": "http://www.w3.org/2000/01/rdf-schema#label",
        "object": "Gracie Vazquez"
      }
    },
    {
      "triple": {
        "subject": "/sample-data/data-1525.json",
        "predicate": "http://www.w3.org/1999/02/22-rdf-syntax-ns#type",
        "object": "http://xmlns.com/foaf/0.1/Person"
      }
    },
    {
      "triple": {
        "subject": "/sample-data/data-1525.json",
        "predicate": "http://xmlns.com/foaf/0.1/knows",
        "object": "/sample-data/data-653.json"
      }
    },
    {
      "triple": {
        "subject": "/sample-data/data-1525.json",
        "predicate": "http://xmlns.com/foaf/0.1/knows",
        "object": "/sample-data/data-1704.json"
      }
    },
    {
      "triple": {
        "subject": "/sample-data/data-1525.json",
        "predicate": "http://xmlns.com/foaf/0.1/knows",
        "object": "/sample-data/data-356.json"
      }
    }
  ]
}