{
  "_id": "55ee5e98f14a38362e294e64",
  "index": 2309,
  "guid": "5845bff4-4f9b-4cfa-b9b2-09e6a611fe4b",
  "isActive": true,
  "balance": "$92,372.72",
  "picture": "http://placehold.it/32x32",
  "age": 61,
  "eyeColor": "gray",
  "name": "Head Berger",
  "gender": "male",
  "company": "UTARA",
  "email": "headberger@utara.com",
  "phone": "+1 (991) 483-2267",
  "address": "845 Radde Place, Coldiron, Marshall Islands, 7099",
  "about": "Quis anim voluptate eiusmod fugiat dolore eu eu nisi labore. Ad consectetur dolor anim magna elit commodo elit duis minim. Mollit mollit exercitation nostrud cupidatat quis sit elit. Elit qui commodo mollit proident elit est pariatur anim cillum consectetur eu. Aute sint mollit ullamco ex elit et dolore. Aliquip laboris magna reprehenderit nisi veniam in ex proident laboris fugiat ea. Aliqua fugiat nulla in irure occaecat eiusmod consectetur nulla fugiat eu.\r\n",
  "registered": "2014-03-27T07:02:20-07:00",
  "tags": [
    "elit",
    "sit",
    "do",
    "excepteur",
    "incididunt",
    "aliqua",
    "pariatur"
  ],
  "friends": [
    {
      "id": 0,
      "name": "Neal Walton"
    },
    {
      "id": 1,
      "name": "Kathrine Walker"
    },
    {
      "id": 2,
      "name": "Jenkins Campbell"
    }
  ],
  "greeting": "Hello, Head Berger! You have 3 unread messages.",
  "favoriteFruit": "pear",
  "location": {
    "latitude": 39.141992,
    "longitude": 77.677888
  },
  "docFormat": "json",
  "triples": [
    {
      "triple": {
        "subject": "/sample-data/data-2309.json",
        "predicate": "http://www.w3.org/2000/01/rdf-schema#label",
        "object": "Head Berger"
      }
    },
    {
      "triple": {
        "subject": "/sample-data/data-2309.json",
        "predicate": "http://www.w3.org/1999/02/22-rdf-syntax-ns#type",
        "object": "http://xmlns.com/foaf/0.1/Person"
      }
    },
    {
      "triple": {
        "subject": "/sample-data/data-2309.json",
        "predicate": "http://xmlns.com/foaf/0.1/knows",
        "object": "/sample-data/data-2756.json"
      }
    },
    {
      "triple": {
        "subject": "/sample-data/data-2309.json",
        "predicate": "http://xmlns.com/foaf/0.1/knows",
        "object": "/sample-data/data-2429.json"
      }
    },
    {
      "triple": {
        "subject": "/sample-data/data-2309.json",
        "predicate": "http://xmlns.com/foaf/0.1/knows",
        "object": "/sample-data/data-1211.json"
      }
    }
  ]
}