{
  "_id": "55ee5e982291f53cf82a5d4a",
  "index": 2763,
  "guid": "7bed6cec-bcb8-4747-9198-7547b84e0032",
  "isActive": false,
  "balance": "$1,652.62",
  "picture": "http://placehold.it/32x32",
  "age": 66,
  "eyeColor": "brown",
  "name": "Guadalupe Walsh",
  "gender": "female",
  "company": "ENVIRE",
  "email": "guadalupewalsh@envire.com",
  "phone": "+1 (970) 497-2726",
  "address": "542 Beadel Street, Sanders, West Virginia, 2909",
  "about": "Incididunt consequat elit nulla pariatur consequat culpa deserunt minim ad dolor ipsum ullamco. Qui nisi voluptate et aliquip amet duis ullamco officia nostrud excepteur qui occaecat. Occaecat in ea sint id cupidatat eiusmod dolore. Elit ut dolor Lorem ex ad consectetur dolore id dolore dolor enim adipisicing anim culpa. Est sunt culpa consectetur veniam ex. Adipisicing ullamco officia reprehenderit ex ex tempor laboris irure laborum enim dolor non ex. Consequat nisi id magna deserunt aliquip sint.\r\n",
  "registered": "2014-01-30T02:03:28-07:00",
  "tags": [
    "reprehenderit",
    "laborum",
    "et",
    "nisi",
    "ea",
    "irure",
    "Lorem"
  ],
  "friends": [
    {
      "id": 0,
      "name": "Aurora Durham"
    },
    {
      "id": 1,
      "name": "Oneil Baird"
    },
    {
      "id": 2,
      "name": "Trisha Mccullough"
    }
  ],
  "greeting": "Hello, Guadalupe Walsh! You have 4 unread messages.",
  "favoriteFruit": "banana",
  "location": {
    "latitude": 63.327772,
    "longitude": -148.696134
  },
  "docFormat": "json",
  "triples": [
    {
      "triple": {
        "subject": "/sample-data/data-2763.json",
        "predicate": "http://www.w3.org/2000/01/rdf-schema#label",
        "object": "Guadalupe Walsh"
      }
    },
    {
      "triple": {
        "subject": "/sample-data/data-2763.json",
        "predicate": "http://www.w3.org/1999/02/22-rdf-syntax-ns#type",
        "object": "http://xmlns.com/foaf/0.1/Person"
      }
    },
    {
      "triple": {
        "subject": "/sample-data/data-2763.json",
        "predicate": "http://xmlns.com/foaf/0.1/knows",
        "object": "/sample-data/data-730.json"
      }
    },
    {
      "triple": {
        "subject": "/sample-data/data-2763.json",
        "predicate": "http://xmlns.com/foaf/0.1/knows",
        "object": "/sample-data/data-2276.json"
      }
    },
    {
      "triple": {
        "subject": "/sample-data/data-2763.json",
        "predicate": "http://xmlns.com/foaf/0.1/knows",
        "object": "/sample-data/data-1039.json"
      }
    }
  ]
}