{
  "_id": "55ee5e98d93789055f79547c",
  "index": 2811,
  "guid": "657d2270-80d0-424e-b9d2-ec7da4558232",
  "isActive": false,
  "balance": "$28,391.53",
  "picture": "http://placehold.it/32x32",
  "age": 41,
  "eyeColor": "hazel",
  "name": "Valentine Curry",
  "gender": "male",
  "company": "METROZ",
  "email": "valentinecurry@metroz.com",
  "phone": "+1 (858) 488-2184",
  "address": "953 Agate Court, Succasunna, Nebraska, 1635",
  "about": "Eu ut exercitation aute ex nisi consequat aliquip culpa Lorem esse laboris. Officia occaecat aute exercitation laboris labore irure quis eu Lorem quis. Laborum duis fugiat et adipisicing sint ad pariatur dolor sint ad consectetur. Est exercitation anim incididunt tempor laborum aliqua tempor consequat voluptate veniam.\r\n",
  "registered": "2015-04-04T04:41:27-07:00",
  "tags": [
    "est",
    "laborum",
    "enim",
    "commodo",
    "labore",
    "adipisicing",
    "ex"
  ],
  "friends": [
    {
      "id": 0,
      "name": "Jillian Thornton"
    },
    {
      "id": 1,
      "name": "Walker Mcfadden"
    },
    {
      "id": 2,
      "name": "Vazquez Powers"
    }
  ],
  "greeting": "Hello, Valentine Curry! You have 8 unread messages.",
  "favoriteFruit": "banana",
  "location": {
    "latitude": 46.252659,
    "longitude": -123.14768
  },
  "docFormat": "json",
  "triples": [
    {
      "triple": {
        "subject": "/sample-data/data-2811.json",
        "predicate": "http://www.w3.org/2000/01/rdf-schema#label",
        "object": "Valentine Curry"
      }
    },
    {
      "triple": {
        "subject": "/sample-data/data-2811.json",
        "predicate": "http://www.w3.org/1999/02/22-rdf-syntax-ns#type",
        "object": "http://xmlns.com/foaf/0.1/Person"
      }
    },
    {
      "triple": {
        "subject": "/sample-data/data-2811.json",
        "predicate": "http://xmlns.com/foaf/0.1/knows",
        "object": "/sample-data/data-572.json"
      }
    },
    {
      "triple": {
        "subject": "/sample-data/data-2811.json",
        "predicate": "http://xmlns.com/foaf/0.1/knows",
        "object": "/sample-data/data-1964.json"
      }
    },
    {
      "triple": {
        "subject": "/sample-data/data-2811.json",
        "predicate": "http://xmlns.com/foaf/0.1/knows",
        "object": "/sample-data/data-2472.json"
      }
    }
  ]
}