{
  "_id": "55ee5e45ec3329ff617f7f7e",
  "index": 1699,
  "guid": "1e06b6ad-8b06-4b8c-81ef-7a7a96d4d71f",
  "isActive": true,
  "balance": "$51,154.07",
  "picture": "http://placehold.it/32x32",
  "age": 21,
  "eyeColor": "brown",
  "name": "Richmond Wolfe",
  "gender": "male",
  "company": "POLARAX",
  "email": "richmondwolfe@polarax.com",
  "phone": "+1 (991) 496-2675",
  "address": "794 Ryerson Street, Nile, West Virginia, 6842",
  "about": "Aliquip labore ea ut Lorem fugiat sunt officia minim nisi eu magna duis dolore sunt. Cillum reprehenderit est ipsum ut ad officia officia exercitation esse. Occaecat occaecat qui enim et fugiat veniam dolor eu. Adipisicing aute exercitation reprehenderit eu dolor occaecat qui Lorem veniam.\r\n",
  "registered": "2015-05-13T01:49:28-07:00",
  "tags": [
    "tempor",
    "laborum",
    "reprehenderit",
    "cupidatat",
    "irure",
    "aute",
    "adipisicing"
  ],
  "friends": [
    {
      "id": 0,
      "name": "Crosby Townsend"
    },
    {
      "id": 1,
      "name": "Muriel Ross"
    },
    {
      "id": 2,
      "name": "Huber Nielsen"
    }
  ],
  "greeting": "Hello, Richmond Wolfe! You have 10 unread messages.",
  "favoriteFruit": "banana",
  "location": {
    "latitude": 42.435408,
    "longitude": 95.079517
  },
  "docFormat": "json",
  "triples": [
    {
      "triple": {
        "subject": "/sample-data/data-1699.json",
        "predicate": "http://www.w3.org/2000/01/rdf-schema#label",
        "object": "Richmond Wolfe"
      }
    },
    {
      "triple": {
        "subject": "/sample-data/data-1699.json",
        "predicate": "http://www.w3.org/1999/02/22-rdf-syntax-ns#type",
        "object": "http://xmlns.com/foaf/0.1/Person"
      }
    },
    {
      "triple": {
        "subject": "/sample-data/data-1699.json",
        "predicate": "http://xmlns.com/foaf/0.1/knows",
        "object": "/sample-data/data-2479.json"
      }
    },
    {
      "triple": {
        "subject": "/sample-data/data-1699.json",
        "predicate": "http://xmlns.com/foaf/0.1/knows",
        "object": "/sample-data/data-41.json"
      }
    },
    {
      "triple": {
        "subject": "/sample-data/data-1699.json",
        "predicate": "http://xmlns.com/foaf/0.1/knows",
        "object": "/sample-data/data-1029.json"
      }
    }
  ]
}