{
  "_id": "55ee5e98a17078d42b9da057",
  "index": 2471,
  "guid": "486314e8-4bc8-4d18-94b1-468252bfdb34",
  "isActive": false,
  "balance": "$98,489.59",
  "picture": "http://placehold.it/32x32",
  "age": 65,
  "eyeColor": "blue",
  "name": "Green Cannon",
  "gender": "male",
  "company": "MANGLO",
  "email": "greencannon@manglo.com",
  "phone": "+1 (831) 414-3288",
  "address": "560 Duryea Court, Sedley, Michigan, 6704",
  "about": "Magna officia consequat anim exercitation elit elit. Minim mollit magna in ea consectetur id proident culpa culpa. Culpa nostrud nulla labore id anim veniam. Est non pariatur consectetur aliquip sit tempor mollit nisi nulla consectetur fugiat proident magna.\r\n",
  "registered": "2015-04-24T01:20:30-07:00",
  "tags": [
    "sit",
    "reprehenderit",
    "qui",
    "minim",
    "nostrud",
    "reprehenderit",
    "mollit"
  ],
  "friends": [
    {
      "id": 0,
      "name": "Mcclure Hernandez"
    },
    {
      "id": 1,
      "name": "Higgins May"
    },
    {
      "id": 2,
      "name": "Sandoval Hendricks"
    }
  ],
  "greeting": "Hello, Green Cannon! You have 8 unread messages.",
  "favoriteFruit": "apple",
  "location": {
    "latitude": 31.893237,
    "longitude": 30.665452
  },
  "docFormat": "json",
  "triples": [
    {
      "triple": {
        "subject": "/sample-data/data-2471.json",
        "predicate": "http://www.w3.org/2000/01/rdf-schema#label",
        "object": "Green Cannon"
      }
    },
    {
      "triple": {
        "subject": "/sample-data/data-2471.json",
        "predicate": "http://www.w3.org/1999/02/22-rdf-syntax-ns#type",
        "object": "http://xmlns.com/foaf/0.1/Person"
      }
    },
    {
      "triple": {
        "subject": "/sample-data/data-2471.json",
        "predicate": "http://xmlns.com/foaf/0.1/knows",
        "object": "/sample-data/data-2857.json"
      }
    },
    {
      "triple": {
        "subject": "/sample-data/data-2471.json",
        "predicate": "http://xmlns.com/foaf/0.1/knows",
        "object": "/sample-data/data-995.json"
      }
    },
    {
      "triple": {
        "subject": "/sample-data/data-2471.json",
        "predicate": "http://xmlns.com/foaf/0.1/knows",
        "object": "/sample-data/data-2231.json"
      }
    }
  ]
}