{
  "_id": "55ee5e4466c76ff1bfc70533",
  "index": 609,
  "guid": "b9123b1b-b2f0-4fe8-a247-cbb7c4ce3acc",
  "isActive": true,
  "balance": "$75,677.96",
  "picture": "http://placehold.it/32x32",
  "age": 50,
  "eyeColor": "blue",
  "name": "Shelia Roach",
  "gender": "female",
  "company": "DADABASE",
  "email": "sheliaroach@dadabase.com",
  "phone": "+1 (823) 431-3924",
  "address": "327 Madison Street, Bend, Montana, 5650",
  "about": "Fugiat Lorem consequat duis aliquip nulla sunt voluptate aliqua ipsum fugiat aute excepteur consectetur. Irure elit laboris sit deserunt proident ut. Commodo nisi nulla culpa eiusmod. Deserunt commodo deserunt nostrud aliqua laborum cupidatat enim commodo commodo voluptate. Sint consequat nulla adipisicing adipisicing sint enim voluptate duis enim ut commodo cillum. Occaecat labore eiusmod voluptate ad deserunt laborum qui. Labore minim ullamco ad sunt elit incididunt aliquip laboris fugiat sunt incididunt consectetur sunt aute.\r\n",
  "registered": "2014-03-03T08:14:35-07:00",
  "tags": [
    "velit",
    "do",
    "tempor",
    "tempor",
    "aliqua",
    "veniam",
    "et"
  ],
  "friends": [
    {
      "id": 0,
      "name": "Wiggins Woodward"
    },
    {
      "id": 1,
      "name": "Roxanne Wheeler"
    },
    {
      "id": 2,
      "name": "Harvey Newton"
    }
  ],
  "greeting": "Hello, Shelia Roach! You have 10 unread messages.",
  "favoriteFruit": "orange",
  "location": {
    "latitude": 30.518633,
    "longitude": 122.814222
  },
  "docFormat": "json",
  "triples": [
    {
      "triple": {
        "subject": "/sample-data/data-609.json",
        "predicate": "http://www.w3.org/2000/01/rdf-schema#label",
        "object": "Shelia Roach"
      }
    },
    {
      "triple": {
        "subject": "/sample-data/data-609.json",
        "predicate": "http://www.w3.org/1999/02/22-rdf-syntax-ns#type",
        "object": "http://xmlns.com/foaf/0.1/Person"
      }
    },
    {
      "triple": {
        "subject": "/sample-data/data-609.json",
        "predicate": "http://xmlns.com/foaf/0.1/knows",
        "object": "/sample-data/data-2892.json"
      }
    },
    {
      "triple": {
        "subject": "/sample-data/data-609.json",
        "predicate": "http://xmlns.com/foaf/0.1/knows",
        "object": "/sample-data/data-1159.json"
      }
    },
    {
      "triple": {
        "subject": "/sample-data/data-609.json",
        "predicate": "http://xmlns.com/foaf/0.1/knows",
        "object": "/sample-data/data-978.json"
      }
    }
  ]
}