{
  "_id": "55ee5e4425f2338167e4d47e",
  "index": 648,
  "guid": "d0859a12-7026-4912-9481-50f8d6beaee7",
  "isActive": true,
  "balance": "$92,669.70",
  "picture": "http://placehold.it/32x32",
  "age": 24,
  "eyeColor": "blue",
  "name": "Liliana Bowman",
  "gender": "female",
  "company": "OPTIQUE",
  "email": "lilianabowman@optique.com",
  "phone": "+1 (833) 579-3246",
  "address": "102 Osborn Street, Cherokee, Vermont, 3755",
  "about": "Veniam nulla irure duis laborum veniam tempor. Labore eiusmod fugiat non incididunt ut id non. Do aliquip aliqua aliqua cillum dolor.\r\n",
  "registered": "2015-03-15T08:58:20-07:00",
  "tags": [
    "aliqua",
    "quis",
    "quis",
    "eiusmod",
    "do",
    "dolor",
    "irure"
  ],
  "friends": [
    {
      "id": 0,
      "name": "Brandie Rice"
    },
    {
      "id": 1,
      "name": "Amparo Bolton"
    },
    {
      "id": 2,
      "name": "Gamble Erickson"
    }
  ],
  "greeting": "Hello, Liliana Bowman! You have 4 unread messages.",
  "favoriteFruit": "orange",
  "location": {
    "latitude": -52.541824,
    "longitude": -98.096899
  },
  "docFormat": "json",
  "triples": [
    {
      "triple": {
        "subject": "/sample-data/data-648.json",
        "predicate": "http://www.w3.org/2000/01/rdf-schema#label",
        "object": "Liliana Bowman"
      }
    },
    {
      "triple": {
        "subject": "/sample-data/data-648.json",
        "predicate": "http://www.w3.org/1999/02/22-rdf-syntax-ns#type",
        "object": "http://xmlns.com/foaf/0.1/Person"
      }
    },
    {
      "triple": {
        "subject": "/sample-data/data-648.json",
        "predicate": "http://xmlns.com/foaf/0.1/knows",
        "object": "/sample-data/data-1660.json"
      }
    },
    {
      "triple": {
        "subject": "/sample-data/data-648.json",
        "predicate": "http://xmlns.com/foaf/0.1/knows",
        "object": "/sample-data/data-1781.json"
      }
    },
    {
      "triple": {
        "subject": "/sample-data/data-648.json",
        "predicate": "http://xmlns.com/foaf/0.1/knows",
        "object": "/sample-data/data-2134.json"
      }
    }
  ]
}