{
  "_id": "55ee5e9855655ad6d5090e0b",
  "index": 2959,
  "guid": "4dc7ea00-56a1-4cac-8079-4138baf34724",
  "isActive": true,
  "balance": "$62,288.90",
  "picture": "http://placehold.it/32x32",
  "age": 27,
  "eyeColor": "blue",
  "name": "Kennedy Avila",
  "gender": "male",
  "company": "EZENT",
  "email": "kennedyavila@ezent.com",
  "phone": "+1 (845) 548-3656",
  "address": "276 Monaco Place, Kanauga, Washington, 2790",
  "about": "Pariatur sunt non pariatur deserunt duis enim adipisicing ullamco sit duis nisi eu elit. Nisi ipsum consectetur culpa ex cillum ex duis fugiat voluptate amet. Tempor Lorem eiusmod culpa in dolor. Magna dolore occaecat excepteur tempor elit et aliquip exercitation consectetur reprehenderit labore. Ut consectetur commodo veniam esse eu enim exercitation duis dolore labore amet. Deserunt sit aute pariatur reprehenderit labore irure aute exercitation.\r\n",
  "registered": "2014-03-16T07:28:56-07:00",
  "tags": [
    "excepteur",
    "laboris",
    "deserunt",
    "laborum",
    "veniam",
    "reprehenderit",
    "deserunt"
  ],
  "friends": [
    {
      "id": 0,
      "name": "Santana George"
    },
    {
      "id": 1,
      "name": "Eddie Cabrera"
    },
    {
      "id": 2,
      "name": "Deana Workman"
    }
  ],
  "greeting": "Hello, Kennedy Avila! You have 10 unread messages.",
  "favoriteFruit": "pear",
  "location": {
    "latitude": 35.71575,
    "longitude": -48.111307
  },
  "docFormat": "json",
  "triples": [
    {
      "triple": {
        "subject": "/sample-data/data-2959.json",
        "predicate": "http://www.w3.org/2000/01/rdf-schema#label",
        "object": "Kennedy Avila"
      }
    },
    {
      "triple": {
        "subject": "/sample-data/data-2959.json",
        "predicate": "http://www.w3.org/1999/02/22-rdf-syntax-ns#type",
        "object": "http://xmlns.com/foaf/0.1/Person"
      }
    },
    {
      "triple": {
        "subject": "/sample-data/data-2959.json",
        "predicate": "http://xmlns.com/foaf/0.1/knows",
        "object": "/sample-data/data-2335.json"
      }
    },
    {
      "triple": {
        "subject": "/sample-data/data-2959.json",
        "predicate": "http://xmlns.com/foaf/0.1/knows",
        "object": "/sample-data/data-64.json"
      }
    },
    {
      "triple": {
        "subject": "/sample-data/data-2959.json",
        "predicate": "http://xmlns.com/foaf/0.1/knows",
        "object": "/sample-data/data-2022.json"
      }
    }
  ]
}