{
  "_id": "55ee5e44af63656631b1967f",
  "index": 873,
  "guid": "fa481e28-2f8c-42f6-afb1-36b3085f65c3",
  "isActive": false,
  "balance": "$4,870.78",
  "picture": "http://placehold.it/32x32",
  "age": 64,
  "eyeColor": "green",
  "name": "Vivian Atkinson",
  "gender": "female",
  "company": "POLARIA",
  "email": "vivianatkinson@polaria.com",
  "phone": "+1 (986) 472-2669",
  "address": "991 Lott Place, Nash, Northern Mariana Islands, 2311",
  "about": "Reprehenderit ea minim tempor fugiat dolore tempor culpa deserunt dolore cupidatat in. Cillum anim laborum in tempor incididunt incididunt veniam sint laborum do commodo laboris elit veniam. Nulla do eu nostrud laboris ad. Duis amet ad in nisi eu nulla eiusmod ut aliqua sunt fugiat. Duis nulla aute non duis esse officia irure qui culpa. Laborum do enim velit proident deserunt proident ullamco consectetur incididunt. Consequat excepteur commodo deserunt consequat dolore non in deserunt quis fugiat deserunt sint.\r\n",
  "registered": "2014-08-28T10:20:31-07:00",
  "tags": [
    "aliquip",
    "amet",
    "irure",
    "nostrud",
    "eiusmod",
    "ipsum",
    "incididunt"
  ],
  "friends": [
    {
      "id": 0,
      "name": "Higgins Coleman"
    },
    {
      "id": 1,
      "name": "Enid Middleton"
    },
    {
      "id": 2,
      "name": "Imogene Robinson"
    }
  ],
  "greeting": "Hello, Vivian Atkinson! You have 4 unread messages.",
  "favoriteFruit": "pear",
  "location": {
    "latitude": 72.156542,
    "longitude": 64.372777
  },
  "docFormat": "json",
  "triples": [
    {
      "triple": {
        "subject": "/sample-data/data-873.json",
        "predicate": "http://www.w3.org/2000/01/rdf-schema#label",
        "object": "Vivian Atkinson"
      }
    },
    {
      "triple": {
        "subject": "/sample-data/data-873.json",
        "predicate": "http://www.w3.org/1999/02/22-rdf-syntax-ns#type",
        "object": "http://xmlns.com/foaf/0.1/Person"
      }
    },
    {
      "triple": {
        "subject": "/sample-data/data-873.json",
        "predicate": "http://xmlns.com/foaf/0.1/knows",
        "object": "/sample-data/data-1332.json"
      }
    },
    {
      "triple": {
        "subject": "/sample-data/data-873.json",
        "predicate": "http://xmlns.com/foaf/0.1/knows",
        "object": "/sample-data/data-9.json"
      }
    },
    {
      "triple": {
        "subject": "/sample-data/data-873.json",
        "predicate": "http://xmlns.com/foaf/0.1/knows",
        "object": "/sample-data/data-25.json"
      }
    }
  ]
}