{
  "_id": "55ee5e458a29a4356c461d64",
  "index": 1694,
  "guid": "62922095-3f96-416c-b26a-580a77cb89bd",
  "isActive": false,
  "balance": "$41,341.74",
  "picture": "http://placehold.it/32x32",
  "age": 21,
  "eyeColor": "brown",
  "name": "Karina Calhoun",
  "gender": "female",
  "company": "CEDWARD",
  "email": "karinacalhoun@cedward.com",
  "phone": "+1 (915) 486-2892",
  "address": "420 Frost Street, Bakersville, Oregon, 7553",
  "about": "Consequat non anim proident veniam. Amet commodo enim id cillum tempor exercitation officia velit culpa do deserunt. Amet non aliquip eu minim. Dolor nisi sint voluptate aute eiusmod veniam do. Veniam culpa nulla consectetur fugiat cupidatat. Do ullamco aliquip esse nostrud magna officia sit ullamco deserunt amet occaecat ea. Esse laboris id nulla cillum eiusmod nostrud exercitation irure id.\r\n",
  "registered": "2014-01-06T04:17:32-07:00",
  "tags": [
    "et",
    "ad",
    "cillum",
    "Lorem",
    "voluptate",
    "aliqua",
    "proident"
  ],
  "friends": [
    {
      "id": 0,
      "name": "Cecelia Hebert"
    },
    {
      "id": 1,
      "name": "Shaffer Johnson"
    },
    {
      "id": 2,
      "name": "Natalia Cash"
    }
  ],
  "greeting": "Hello, Karina Calhoun! You have 6 unread messages.",
  "favoriteFruit": "apple",
  "location": {
    "latitude": 40.63058,
    "longitude": 105.408596
  },
  "docFormat": "json",
  "triples": [
    {
      "triple": {
        "subject": "/sample-data/data-1694.json",
        "predicate": "http://www.w3.org/2000/01/rdf-schema#label",
        "object": "Karina Calhoun"
      }
    },
    {
      "triple": {
        "subject": "/sample-data/data-1694.json",
        "predicate": "http://www.w3.org/1999/02/22-rdf-syntax-ns#type",
        "object": "http://xmlns.com/foaf/0.1/Person"
      }
    },
    {
      "triple": {
        "subject": "/sample-data/data-1694.json",
        "predicate": "http://xmlns.com/foaf/0.1/knows",
        "object": "/sample-data/data-1831.json"
      }
    },
    {
      "triple": {
        "subject": "/sample-data/data-1694.json",
        "predicate": "http://xmlns.com/foaf/0.1/knows",
        "object": "/sample-data/data-1938.json"
      }
    },
    {
      "triple": {
        "subject": "/sample-data/data-1694.json",
        "predicate": "http://xmlns.com/foaf/0.1/knows",
        "object": "/sample-data/data-2115.json"
      }
    }
  ]
}