{
  "_id": "55ee5e9877b272af3387ea8d",
  "index": 2431,
  "guid": "2974320b-8a04-4e33-86ec-318c25eefd51",
  "isActive": true,
  "balance": "$32,049.69",
  "picture": "http://placehold.it/32x32",
  "age": 66,
  "eyeColor": "gray",
  "name": "Alisha Hunt",
  "gender": "female",
  "company": "ZILCH",
  "email": "alishahunt@zilch.com",
  "phone": "+1 (892) 545-2478",
  "address": "115 Lafayette Avenue, Salvo, Idaho, 2772",
  "about": "Esse aliquip amet culpa ex in do occaecat aliquip laborum laborum ea anim. Incididunt nulla labore tempor incididunt Lorem. Quis ullamco occaecat aliqua aliquip ex pariatur veniam exercitation. Nostrud sunt ullamco pariatur ea Lorem.\r\n",
  "registered": "2015-05-12T07:05:00-07:00",
  "tags": [
    "excepteur",
    "esse",
    "ex",
    "aute",
    "et",
    "sit",
    "in"
  ],
  "friends": [
    {
      "id": 0,
      "name": "Mckay Wilson"
    },
    {
      "id": 1,
      "name": "Ada Hahn"
    },
    {
      "id": 2,
      "name": "Finch Albert"
    }
  ],
  "greeting": "Hello, Alisha Hunt! You have 10 unread messages.",
  "favoriteFruit": "pear",
  "location": {
    "latitude": 81.223331,
    "longitude": 162.434486
  },
  "docFormat": "json",
  "triples": [
    {
      "triple": {
        "subject": "/sample-data/data-2431.json",
        "predicate": "http://www.w3.org/2000/01/rdf-schema#label",
        "object": "Alisha Hunt"
      }
    },
    {
      "triple": {
        "subject": "/sample-data/data-2431.json",
        "predicate": "http://www.w3.org/1999/02/22-rdf-syntax-ns#type",
        "object": "http://xmlns.com/foaf/0.1/Person"
      }
    },
    {
      "triple": {
        "subject": "/sample-data/data-2431.json",
        "predicate": "http://xmlns.com/foaf/0.1/knows",
        "object": "/sample-data/data-1286.json"
      }
    },
    {
      "triple": {
        "subject": "/sample-data/data-2431.json",
        "predicate": "http://xmlns.com/foaf/0.1/knows",
        "object": "/sample-data/data-36.json"
      }
    },
    {
      "triple": {
        "subject": "/sample-data/data-2431.json",
        "predicate": "http://xmlns.com/foaf/0.1/knows",
        "object": "/sample-data/data-804.json"
      }
    }
  ]
}