{
  "_id": "55ee5e994b99b12a04657c31",
  "index": 2997,
  "guid": "fb58e69d-3d3e-435c-93e1-1c7cc483d2ba",
  "isActive": true,
  "balance": "$96,417.70",
  "picture": "http://placehold.it/32x32",
  "age": 51,
  "eyeColor": "honey",
  "name": "Diann Mcconnell",
  "gender": "female",
  "company": "VERBUS",
  "email": "diannmcconnell@verbus.com",
  "phone": "+1 (829) 567-3262",
  "address": "999 Taylor Street, Dowling, Connecticut, 303",
  "about": "Tempor laborum qui eiusmod exercitation minim aliquip nulla duis laborum voluptate. Ex nulla et sit commodo minim duis eu eu ea dolor. Reprehenderit officia aliquip tempor velit ut reprehenderit pariatur laboris qui mollit labore consectetur qui. Sint tempor id commodo ad nisi cillum quis. Laborum culpa duis irure eiusmod labore cupidatat. Magna laboris aute nulla cillum aliqua nulla. Lorem commodo qui cillum ad.\r\n",
  "registered": "2014-10-16T11:56:31-07:00",
  "tags": [
    "elit",
    "incididunt",
    "fugiat",
    "sint",
    "laboris",
    "excepteur",
    "id"
  ],
  "friends": [
    {
      "id": 0,
      "name": "Robles Cummings"
    },
    {
      "id": 1,
      "name": "Roman Velazquez"
    },
    {
      "id": 2,
      "name": "Jewell Marks"
    }
  ],
  "greeting": "Hello, Diann Mcconnell! You have 6 unread messages.",
  "favoriteFruit": "apple",
  "location": {
    "latitude": -37.872838,
    "longitude": -79.277883
  },
  "docFormat": "json",
  "triples": [
    {
      "triple": {
        "subject": "/sample-data/data-2997.json",
        "predicate": "http://www.w3.org/2000/01/rdf-schema#label",
        "object": "Diann Mcconnell"
      }
    },
    {
      "triple": {
        "subject": "/sample-data/data-2997.json",
        "predicate": "http://www.w3.org/1999/02/22-rdf-syntax-ns#type",
        "object": "http://xmlns.com/foaf/0.1/Person"
      }
    },
    {
      "triple": {
        "subject": "/sample-data/data-2997.json",
        "predicate": "http://xmlns.com/foaf/0.1/knows",
        "object": "/sample-data/data-2971.json"
      }
    },
    {
      "triple": {
        "subject": "/sample-data/data-2997.json",
        "predicate": "http://xmlns.com/foaf/0.1/knows",
        "object": "/sample-data/data-1783.json"
      }
    },
    {
      "triple": {
        "subject": "/sample-data/data-2997.json",
        "predicate": "http://xmlns.com/foaf/0.1/knows",
        "object": "/sample-data/data-727.json"
      }
    }
  ]
}