{
  "_id": "55ee5e98a1f6d436da26e38e",
  "index": 2308,
  "guid": "2f15c44d-1239-40bd-9b72-210629091487",
  "isActive": false,
  "balance": "$5,377.23",
  "picture": "http://placehold.it/32x32",
  "age": 25,
  "eyeColor": "honey",
  "name": "Cooke Simpson",
  "gender": "male",
  "company": "NITRACYR",
  "email": "cookesimpson@nitracyr.com",
  "phone": "+1 (976) 582-2386",
  "address": "858 Taaffe Place, Fulford, Rhode Island, 5594",
  "about": "Esse pariatur nulla ad excepteur ut eu ea cupidatat cillum non elit dolor aliqua. Nulla consectetur ea ipsum dolor amet aliquip consectetur aliquip ullamco magna amet eu minim ad. Officia dolore pariatur ad commodo ad pariatur ex velit sint sint nulla. Ad amet culpa ex do. Nisi in quis ipsum ea fugiat ea. Officia ipsum ea tempor cillum et irure cillum deserunt nostrud et proident incididunt. Ex sunt quis labore pariatur ad.\r\n",
  "registered": "2015-04-30T07:40:10-07:00",
  "tags": [
    "eiusmod",
    "minim",
    "sit",
    "adipisicing",
    "dolore",
    "consequat",
    "non"
  ],
  "friends": [
    {
      "id": 0,
      "name": "Inez Curtis"
    },
    {
      "id": 1,
      "name": "Beryl Kirk"
    },
    {
      "id": 2,
      "name": "Jo Wood"
    }
  ],
  "greeting": "Hello, Cooke Simpson! You have 3 unread messages.",
  "favoriteFruit": "apple",
  "location": {
    "latitude": 15.754109,
    "longitude": -177.557619
  },
  "docFormat": "json",
  "triples": [
    {
      "triple": {
        "subject": "/sample-data/data-2308.json",
        "predicate": "http://www.w3.org/2000/01/rdf-schema#label",
        "object": "Cooke Simpson"
      }
    },
    {
      "triple": {
        "subject": "/sample-data/data-2308.json",
        "predicate": "http://www.w3.org/1999/02/22-rdf-syntax-ns#type",
        "object": "http://xmlns.com/foaf/0.1/Person"
      }
    },
    {
      "triple": {
        "subject": "/sample-data/data-2308.json",
        "predicate": "http://xmlns.com/foaf/0.1/knows",
        "object": "/sample-data/data-174.json"
      }
    },
    {
      "triple": {
        "subject": "/sample-data/data-2308.json",
        "predicate": "http://xmlns.com/foaf/0.1/knows",
        "object": "/sample-data/data-2165.json"
      }
    },
    {
      "triple": {
        "subject": "/sample-data/data-2308.json",
        "predicate": "http://xmlns.com/foaf/0.1/knows",
        "object": "/sample-data/data-2616.json"
      }
    }
  ]
}