{
  "_id": "55ee5e44430a2485fb53682b",
  "index": 701,
  "guid": "7266ad43-c596-411e-8c3c-751dc4c1740f",
  "isActive": false,
  "balance": "$30,148.14",
  "picture": "http://placehold.it/32x32",
  "age": 43,
  "eyeColor": "brown",
  "name": "Susie Potts",
  "gender": "female",
  "company": "ZILLAN",
  "email": "susiepotts@zillan.com",
  "phone": "+1 (995) 430-3069",
  "address": "395 Ellery Street, Southview, Ohio, 6202",
  "about": "Nostrud irure incididunt veniam duis esse duis quis pariatur nisi et nostrud laboris dolor dolore. Irure fugiat consectetur quis officia aute do irure. Deserunt reprehenderit nisi cupidatat ut in. Consectetur cupidatat deserunt tempor amet sunt. Labore qui ea pariatur officia sunt deserunt eiusmod aute id laboris Lorem deserunt.\r\n",
  "registered": "2014-07-19T10:41:18-07:00",
  "tags": [
    "consectetur",
    "aute",
    "nulla",
    "consequat",
    "ut",
    "adipisicing",
    "cupidatat"
  ],
  "friends": [
    {
      "id": 0,
      "name": "Norris Benton"
    },
    {
      "id": 1,
      "name": "Short Cleveland"
    },
    {
      "id": 2,
      "name": "Campbell Frazier"
    }
  ],
  "greeting": "Hello, Susie Potts! You have 4 unread messages.",
  "favoriteFruit": "banana",
  "location": {
    "latitude": -39.643965,
    "longitude": -156.4142
  },
  "docFormat": "json",
  "triples": [
    {
      "triple": {
        "subject": "/sample-data/data-701.json",
        "predicate": "http://www.w3.org/2000/01/rdf-schema#label",
        "object": "Susie Potts"
      }
    },
    {
      "triple": {
        "subject": "/sample-data/data-701.json",
        "predicate": "http://www.w3.org/1999/02/22-rdf-syntax-ns#type",
        "object": "http://xmlns.com/foaf/0.1/Person"
      }
    },
    {
      "triple": {
        "subject": "/sample-data/data-701.json",
        "predicate": "http://xmlns.com/foaf/0.1/knows",
        "object": "/sample-data/data-777.json"
      }
    },
    {
      "triple": {
        "subject": "/sample-data/data-701.json",
        "predicate": "http://xmlns.com/foaf/0.1/knows",
        "object": "/sample-data/data-2810.json"
      }
    },
    {
      "triple": {
        "subject": "/sample-data/data-701.json",
        "predicate": "http://xmlns.com/foaf/0.1/knows",
        "object": "/sample-data/data-287.json"
      }
    }
  ]
}