{
  "_id": "55ee5e44eb6e3b17edd05647",
  "index": 652,
  "guid": "e13a805a-2048-4f04-a8dd-5e777dc7a602",
  "isActive": false,
  "balance": "$68,624.04",
  "picture": "http://placehold.it/32x32",
  "age": 51,
  "eyeColor": "green",
  "name": "Guerra Bowers",
  "gender": "male",
  "company": "VOLAX",
  "email": "guerrabowers@volax.com",
  "phone": "+1 (844) 432-3874",
  "address": "810 Rockwell Place, Otranto, New Mexico, 1635",
  "about": "Ut excepteur aliquip anim anim minim laborum sint excepteur. Et aliqua et ea est occaecat veniam officia ut culpa ea. Irure ut qui laborum voluptate pariatur Lorem aliqua eu amet elit tempor. Qui aute ipsum deserunt pariatur nulla officia voluptate elit tempor amet. Tempor quis ad aliqua aliquip ex reprehenderit fugiat occaecat non aute ad pariatur. Qui quis commodo anim reprehenderit ea non nostrud. Aliqua dolor aute ipsum veniam voluptate incididunt do culpa cillum in.\r\n",
  "registered": "2015-02-06T06:45:23-07:00",
  "tags": [
    "ullamco",
    "adipisicing",
    "dolor",
    "pariatur",
    "cupidatat",
    "nisi",
    "dolor"
  ],
  "friends": [
    {
      "id": 0,
      "name": "Bridgett Paul"
    },
    {
      "id": 1,
      "name": "Tanya Robertson"
    },
    {
      "id": 2,
      "name": "Natasha Fry"
    }
  ],
  "greeting": "Hello, Guerra Bowers! You have 4 unread messages.",
  "favoriteFruit": "banana",
  "location": {
    "latitude": 12.294564,
    "longitude": 35.441156
  },
  "docFormat": "json",
  "triples": [
    {
      "triple": {
        "subject": "/sample-data/data-652.json",
        "predicate": "http://www.w3.org/2000/01/rdf-schema#label",
        "object": "Guerra Bowers"
      }
    },
    {
      "triple": {
        "subject": "/sample-data/data-652.json",
        "predicate": "http://www.w3.org/1999/02/22-rdf-syntax-ns#type",
        "object": "http://xmlns.com/foaf/0.1/Person"
      }
    },
    {
      "triple": {
        "subject": "/sample-data/data-652.json",
        "predicate": "http://xmlns.com/foaf/0.1/knows",
        "object": "/sample-data/data-186.json"
      }
    },
    {
      "triple": {
        "subject": "/sample-data/data-652.json",
        "predicate": "http://xmlns.com/foaf/0.1/knows",
        "object": "/sample-data/data-740.json"
      }
    },
    {
      "triple": {
        "subject": "/sample-data/data-652.json",
        "predicate": "http://xmlns.com/foaf/0.1/knows",
        "object": "/sample-data/data-120.json"
      }
    }
  ]
}