{
  "_id": "55ee5e98286c1f473d54c356",
  "index": 2722,
  "guid": "b7262821-c049-48be-8496-2ab5f5febdc0",
  "isActive": false,
  "balance": "$41,723.38",
  "picture": "http://placehold.it/32x32",
  "age": 53,
  "eyeColor": "brown",
  "name": "Alfreda Roach",
  "gender": "female",
  "company": "GEEKUS",
  "email": "alfredaroach@geekus.com",
  "phone": "+1 (918) 448-2803",
  "address": "654 Boerum Street, Garnet, California, 3522",
  "about": "Excepteur enim proident ea sint cupidatat enim deserunt amet magna veniam labore. Ullamco cupidatat pariatur aliqua anim consectetur amet duis. Pariatur aliqua duis culpa enim cupidatat et cupidatat officia enim adipisicing. Aute qui consequat incididunt ipsum cillum sit irure cillum labore laboris veniam ad labore excepteur. Ut esse nostrud sunt excepteur dolor sit irure mollit nulla. Laboris laborum duis laborum dolor eu aliquip. Duis velit sunt ea irure sunt do ipsum ad dolor.\r\n",
  "registered": "2014-08-23T08:34:47-07:00",
  "tags": [
    "officia",
    "sint",
    "proident",
    "veniam",
    "officia",
    "pariatur",
    "culpa"
  ],
  "friends": [
    {
      "id": 0,
      "name": "Faye Salas"
    },
    {
      "id": 1,
      "name": "Janis Hill"
    },
    {
      "id": 2,
      "name": "Tina Vasquez"
    }
  ],
  "greeting": "Hello, Alfreda Roach! You have 5 unread messages.",
  "favoriteFruit": "strawberry",
  "location": {
    "latitude": -59.583569,
    "longitude": 86.111782
  },
  "docFormat": "json",
  "triples": [
    {
      "triple": {
        "subject": "/sample-data/data-2722.json",
        "predicate": "http://www.w3.org/2000/01/rdf-schema#label",
        "object": "Alfreda Roach"
      }
    },
    {
      "triple": {
        "subject": "/sample-data/data-2722.json",
        "predicate": "http://www.w3.org/1999/02/22-rdf-syntax-ns#type",
        "object": "http://xmlns.com/foaf/0.1/Person"
      }
    },
    {
      "triple": {
        "subject": "/sample-data/data-2722.json",
        "predicate": "http://xmlns.com/foaf/0.1/knows",
        "object": "/sample-data/data-456.json"
      }
    },
    {
      "triple": {
        "subject": "/sample-data/data-2722.json",
        "predicate": "http://xmlns.com/foaf/0.1/knows",
        "object": "/sample-data/data-1070.json"
      }
    },
    {
      "triple": {
        "subject": "/sample-data/data-2722.json",
        "predicate": "http://xmlns.com/foaf/0.1/knows",
        "object": "/sample-data/data-2165.json"
      }
    }
  ]
}