{
  "_id": "55ee5e44acd37344475cf874",
  "index": 756,
  "guid": "08d9f6a3-9de1-4a61-aaef-d9ccffc1fc24",
  "isActive": true,
  "balance": "$61,139.84",
  "picture": "http://placehold.it/32x32",
  "age": 62,
  "eyeColor": "blue",
  "name": "Dillard Richards",
  "gender": "male",
  "company": "HYDROCOM",
  "email": "dillardrichards@hydrocom.com",
  "phone": "+1 (819) 512-3355",
  "address": "258 Kay Court, Juntura, Maine, 4796",
  "about": "Excepteur eiusmod excepteur est nisi occaecat sint nisi. Ullamco qui laborum nulla minim occaecat veniam laborum nostrud et. Ipsum excepteur sint do consectetur aliqua laboris elit excepteur mollit tempor nisi elit elit minim. Duis excepteur culpa dolore proident commodo nulla non sunt ea consequat. Dolore minim exercitation ipsum cillum.\r\n",
  "registered": "2015-09-02T07:56:09-07:00",
  "tags": [
    "sint",
    "consequat",
    "fugiat",
    "do",
    "commodo",
    "est",
    "aliquip"
  ],
  "friends": [
    {
      "id": 0,
      "name": "Valdez Hill"
    },
    {
      "id": 1,
      "name": "Petty Shaffer"
    },
    {
      "id": 2,
      "name": "Patterson Ball"
    }
  ],
  "greeting": "Hello, Dillard Richards! You have 4 unread messages.",
  "favoriteFruit": "apple",
  "location": {
    "latitude": -21.4889,
    "longitude": 95.416966
  },
  "docFormat": "json",
  "triples": [
    {
      "triple": {
        "subject": "/sample-data/data-756.json",
        "predicate": "http://www.w3.org/2000/01/rdf-schema#label",
        "object": "Dillard Richards"
      }
    },
    {
      "triple": {
        "subject": "/sample-data/data-756.json",
        "predicate": "http://www.w3.org/1999/02/22-rdf-syntax-ns#type",
        "object": "http://xmlns.com/foaf/0.1/Person"
      }
    },
    {
      "triple": {
        "subject": "/sample-data/data-756.json",
        "predicate": "http://xmlns.com/foaf/0.1/knows",
        "object": "/sample-data/data-2277.json"
      }
    },
    {
      "triple": {
        "subject": "/sample-data/data-756.json",
        "predicate": "http://xmlns.com/foaf/0.1/knows",
        "object": "/sample-data/data-1676.json"
      }
    },
    {
      "triple": {
        "subject": "/sample-data/data-756.json",
        "predicate": "http://xmlns.com/foaf/0.1/knows",
        "object": "/sample-data/data-1163.json"
      }
    }
  ]
}