{
  "_id": "55ee5e452a074965c02e66e5",
  "index": 1987,
  "guid": "fc6e56d9-4dc4-46d2-b276-ce3caacc02e5",
  "isActive": true,
  "balance": "$38,051.73",
  "picture": "http://placehold.it/32x32",
  "age": 69,
  "eyeColor": "green",
  "name": "Hudson Workman",
  "gender": "male",
  "company": "SINGAVERA",
  "email": "hudsonworkman@singavera.com",
  "phone": "+1 (863) 463-3215",
  "address": "979 Quay Street, Springville, South Dakota, 7966",
  "about": "Ad nisi culpa ad culpa velit. Pariatur mollit deserunt reprehenderit ad eiusmod est adipisicing sit et ullamco nostrud irure culpa. Consequat elit nulla ea enim commodo in do. Id ipsum ullamco officia velit elit dolore mollit nulla consequat est deserunt anim labore aute.\r\n",
  "registered": "2014-02-26T02:10:29-07:00",
  "tags": [
    "excepteur",
    "quis",
    "aliquip",
    "ea",
    "exercitation",
    "non",
    "id"
  ],
  "friends": [
    {
      "id": 0,
      "name": "Webster David"
    },
    {
      "id": 1,
      "name": "Kemp Rush"
    },
    {
      "id": 2,
      "name": "Lynn Hewitt"
    }
  ],
  "greeting": "Hello, Hudson Workman! You have 10 unread messages.",
  "favoriteFruit": "banana",
  "location": {
    "latitude": 18.22254,
    "longitude": -127.938374
  },
  "docFormat": "json",
  "triples": [
    {
      "triple": {
        "subject": "/sample-data/data-1987.json",
        "predicate": "http://www.w3.org/2000/01/rdf-schema#label",
        "object": "Hudson Workman"
      }
    },
    {
      "triple": {
        "subject": "/sample-data/data-1987.json",
        "predicate": "http://www.w3.org/1999/02/22-rdf-syntax-ns#type",
        "object": "http://xmlns.com/foaf/0.1/Person"
      }
    },
    {
      "triple": {
        "subject": "/sample-data/data-1987.json",
        "predicate": "http://xmlns.com/foaf/0.1/knows",
        "object": "/sample-data/data-1467.json"
      }
    },
    {
      "triple": {
        "subject": "/sample-data/data-1987.json",
        "predicate": "http://xmlns.com/foaf/0.1/knows",
        "object": "/sample-data/data-2032.json"
      }
    },
    {
      "triple": {
        "subject": "/sample-data/data-1987.json",
        "predicate": "http://xmlns.com/foaf/0.1/knows",
        "object": "/sample-data/data-1837.json"
      }
    }
  ]
}