{
  "_id": "55ee5e98c70a2027d5758ea6",
  "index": 2939,
  "guid": "aac13ec2-3530-4a87-b81a-42d137ec4923",
  "isActive": false,
  "balance": "$48,960.11",
  "picture": "http://placehold.it/32x32",
  "age": 45,
  "eyeColor": "brown",
  "name": "Watson Hayes",
  "gender": "male",
  "company": "ISODRIVE",
  "email": "watsonhayes@isodrive.com",
  "phone": "+1 (894) 476-2878",
  "address": "495 Huron Street, Thomasville, Connecticut, 9373",
  "about": "Nisi amet consectetur voluptate eiusmod amet ad irure incididunt veniam. Voluptate et enim sit veniam labore occaecat mollit. Duis est velit veniam dolore consectetur qui consequat veniam labore elit dolore. Aliqua est ipsum tempor incididunt aliqua.\r\n",
  "registered": "2015-08-07T02:15:55-07:00",
  "tags": [
    "aliquip",
    "ipsum",
    "ipsum",
    "labore",
    "pariatur",
    "laboris",
    "occaecat"
  ],
  "friends": [
    {
      "id": 0,
      "name": "Ada Underwood"
    },
    {
      "id": 1,
      "name": "Patty Tanner"
    },
    {
      "id": 2,
      "name": "Page Hurley"
    }
  ],
  "greeting": "Hello, Watson Hayes! You have 7 unread messages.",
  "favoriteFruit": "apple",
  "location": {
    "latitude": -41.868323,
    "longitude": -38.491946
  },
  "docFormat": "json",
  "triples": [
    {
      "triple": {
        "subject": "/sample-data/data-2939.json",
        "predicate": "http://www.w3.org/2000/01/rdf-schema#label",
        "object": "Watson Hayes"
      }
    },
    {
      "triple": {
        "subject": "/sample-data/data-2939.json",
        "predicate": "http://www.w3.org/1999/02/22-rdf-syntax-ns#type",
        "object": "http://xmlns.com/foaf/0.1/Person"
      }
    },
    {
      "triple": {
        "subject": "/sample-data/data-2939.json",
        "predicate": "http://xmlns.com/foaf/0.1/knows",
        "object": "/sample-data/data-1555.json"
      }
    },
    {
      "triple": {
        "subject": "/sample-data/data-2939.json",
        "predicate": "http://xmlns.com/foaf/0.1/knows",
        "object": "/sample-data/data-619.json"
      }
    },
    {
      "triple": {
        "subject": "/sample-data/data-2939.json",
        "predicate": "http://xmlns.com/foaf/0.1/knows",
        "object": "/sample-data/data-1491.json"
      }
    }
  ]
}