{
  "_id": "55ee5e44c5382895ec101a2a",
  "index": 1159,
  "guid": "52937ff5-63d2-40b2-ac43-f2e562869982",
  "isActive": false,
  "balance": "$56,409.13",
  "picture": "http://placehold.it/32x32",
  "age": 20,
  "eyeColor": "blue",
  "name": "Byers Ballard",
  "gender": "male",
  "company": "ACCUPHARM",
  "email": "byersballard@accupharm.com",
  "phone": "+1 (878) 514-3614",
  "address": "583 Essex Street, Thynedale, Pennsylvania, 4884",
  "about": "Culpa proident magna sit veniam in. Laborum culpa laborum eiusmod laboris sit. Lorem do aliqua duis commodo eu ut elit nisi fugiat. Consequat aliquip deserunt dolore ad qui sit.\r\n",
  "registered": "2014-12-03T04:33:57-07:00",
  "tags": [
    "commodo",
    "sunt",
    "amet",
    "pariatur",
    "dolor",
    "dolore",
    "pariatur"
  ],
  "friends": [
    {
      "id": 0,
      "name": "Barnett Larsen"
    },
    {
      "id": 1,
      "name": "Vincent Whitehead"
    },
    {
      "id": 2,
      "name": "Sonia Goff"
    }
  ],
  "greeting": "Hello, Byers Ballard! You have 8 unread messages.",
  "favoriteFruit": "apple",
  "location": {
    "latitude": 62.062062,
    "longitude": 61.440034
  },
  "docFormat": "json",
  "triples": [
    {
      "triple": {
        "subject": "/sample-data/data-1159.json",
        "predicate": "http://www.w3.org/2000/01/rdf-schema#label",
        "object": "Byers Ballard"
      }
    },
    {
      "triple": {
        "subject": "/sample-data/data-1159.json",
        "predicate": "http://www.w3.org/1999/02/22-rdf-syntax-ns#type",
        "object": "http://xmlns.com/foaf/0.1/Person"
      }
    },
    {
      "triple": {
        "subject": "/sample-data/data-1159.json",
        "predicate": "http://xmlns.com/foaf/0.1/knows",
        "object": "/sample-data/data-756.json"
      }
    },
    {
      "triple": {
        "subject": "/sample-data/data-1159.json",
        "predicate": "http://xmlns.com/foaf/0.1/knows",
        "object": "/sample-data/data-1255.json"
      }
    },
    {
      "triple": {
        "subject": "/sample-data/data-1159.json",
        "predicate": "http://xmlns.com/foaf/0.1/knows",
        "object": "/sample-data/data-388.json"
      }
    }
  ]
}