{
  "_id": "55ee5e98d5bf392412d191d8",
  "index": 2172,
  "guid": "719c62f4-6f24-4ab0-b874-b1d1070d44c4",
  "isActive": true,
  "balance": "$74,496.89",
  "picture": "http://placehold.it/32x32",
  "age": 39,
  "eyeColor": "gray",
  "name": "Joy Ortiz",
  "gender": "female",
  "company": "DOGSPA",
  "email": "joyortiz@dogspa.com",
  "phone": "+1 (949) 462-2967",
  "address": "806 Division Avenue, Morgandale, Tennessee, 4318",
  "about": "Pariatur adipisicing elit irure eu culpa sint Lorem eu non adipisicing. In occaecat officia id officia qui dolore. Cupidatat qui proident non quis. Aliquip sunt deserunt sit anim excepteur nulla sunt aliquip ipsum duis eu nostrud duis ex. Elit qui veniam excepteur nulla tempor laboris eiusmod magna aute dolor nisi.\r\n",
  "registered": "2014-12-18T06:27:49-07:00",
  "tags": [
    "qui",
    "sit",
    "occaecat",
    "qui",
    "ipsum",
    "elit",
    "aliqua"
  ],
  "friends": [
    {
      "id": 0,
      "name": "Martina Ryan"
    },
    {
      "id": 1,
      "name": "Frieda Hays"
    },
    {
      "id": 2,
      "name": "Jami Winters"
    }
  ],
  "greeting": "Hello, Joy Ortiz! You have 10 unread messages.",
  "favoriteFruit": "orange",
  "location": {
    "latitude": -52.872428,
    "longitude": 143.919038
  },
  "docFormat": "json",
  "triples": [
    {
      "triple": {
        "subject": "/sample-data/data-2172.json",
        "predicate": "http://www.w3.org/2000/01/rdf-schema#label",
        "object": "Joy Ortiz"
      }
    },
    {
      "triple": {
        "subject": "/sample-data/data-2172.json",
        "predicate": "http://www.w3.org/1999/02/22-rdf-syntax-ns#type",
        "object": "http://xmlns.com/foaf/0.1/Person"
      }
    },
    {
      "triple": {
        "subject": "/sample-data/data-2172.json",
        "predicate": "http://xmlns.com/foaf/0.1/knows",
        "object": "/sample-data/data-636.json"
      }
    },
    {
      "triple": {
        "subject": "/sample-data/data-2172.json",
        "predicate": "http://xmlns.com/foaf/0.1/knows",
        "object": "/sample-data/data-2898.json"
      }
    },
    {
      "triple": {
        "subject": "/sample-data/data-2172.json",
        "predicate": "http://xmlns.com/foaf/0.1/knows",
        "object": "/sample-data/data-192.json"
      }
    }
  ]
}