{
  "_id": "55ee5e4433ae7ea04a883c9f",
  "index": 644,
  "guid": "60cc640a-3a30-44a7-9d2e-2250c237913a",
  "isActive": true,
  "balance": "$60,685.03",
  "picture": "http://placehold.it/32x32",
  "age": 23,
  "eyeColor": "blue",
  "name": "Annie Huffman",
  "gender": "female",
  "company": "COMVEYER",
  "email": "anniehuffman@comveyer.com",
  "phone": "+1 (942) 458-2729",
  "address": "349 Garden Street, Nadine, Alabama, 459",
  "about": "Voluptate adipisicing labore ea ullamco officia magna irure in do eiusmod amet est. Consectetur ipsum velit in amet dolor pariatur laboris ipsum. Aliquip quis enim nisi cillum pariatur ullamco. Consequat reprehenderit ullamco amet anim duis nostrud. Cillum officia amet elit culpa officia cillum aute velit ea.\r\n",
  "registered": "2015-01-23T02:55:42-07:00",
  "tags": [
    "ad",
    "Lorem",
    "commodo",
    "magna",
    "labore",
    "velit",
    "exercitation"
  ],
  "friends": [
    {
      "id": 0,
      "name": "Marietta Wyatt"
    },
    {
      "id": 1,
      "name": "Rich Rosales"
    },
    {
      "id": 2,
      "name": "Alisha Kemp"
    }
  ],
  "greeting": "Hello, Annie Huffman! You have 9 unread messages.",
  "favoriteFruit": "strawberry",
  "location": {
    "latitude": 24.874234,
    "longitude": 44.367486
  },
  "docFormat": "json",
  "triples": [
    {
      "triple": {
        "subject": "/sample-data/data-644.json",
        "predicate": "http://www.w3.org/2000/01/rdf-schema#label",
        "object": "Annie Huffman"
      }
    },
    {
      "triple": {
        "subject": "/sample-data/data-644.json",
        "predicate": "http://www.w3.org/1999/02/22-rdf-syntax-ns#type",
        "object": "http://xmlns.com/foaf/0.1/Person"
      }
    },
    {
      "triple": {
        "subject": "/sample-data/data-644.json",
        "predicate": "http://xmlns.com/foaf/0.1/knows",
        "object": "/sample-data/data-1053.json"
      }
    },
    {
      "triple": {
        "subject": "/sample-data/data-644.json",
        "predicate": "http://xmlns.com/foaf/0.1/knows",
        "object": "/sample-data/data-2009.json"
      }
    },
    {
      "triple": {
        "subject": "/sample-data/data-644.json",
        "predicate": "http://xmlns.com/foaf/0.1/knows",
        "object": "/sample-data/data-2215.json"
      }
    }
  ]
}