{
  "_id": "55ee5e986c125590f3bd23ac",
  "index": 2954,
  "guid": "697c5b89-b0cf-4664-9dc3-f8406d000bc2",
  "isActive": true,
  "balance": "$95,903.60",
  "picture": "http://placehold.it/32x32",
  "age": 24,
  "eyeColor": "hazel",
  "name": "Sloan Mcclure",
  "gender": "male",
  "company": "ZILLAR",
  "email": "sloanmcclure@zillar.com",
  "phone": "+1 (835) 523-2799",
  "address": "914 Madison Street, Oley, California, 7429",
  "about": "Non anim nostrud minim est aliqua aute est sint consectetur. Ut consequat quis Lorem ex occaecat deserunt sunt eiusmod cupidatat. Anim anim qui eu laborum deserunt Lorem pariatur sit. Incididunt voluptate non laborum eiusmod est officia. Laboris nisi dolor anim qui ut aliquip enim. Nostrud voluptate et Lorem anim pariatur pariatur aliqua consectetur ad pariatur deserunt ex enim.\r\n",
  "registered": "2014-03-05T05:32:00-07:00",
  "tags": [
    "dolore",
    "sunt",
    "Lorem",
    "duis",
    "laborum",
    "qui",
    "eiusmod"
  ],
  "friends": [
    {
      "id": 0,
      "name": "Combs Walter"
    },
    {
      "id": 1,
      "name": "Stout Rodriquez"
    },
    {
      "id": 2,
      "name": "Jolene Wooten"
    }
  ],
  "greeting": "Hello, Sloan Mcclure! You have 10 unread messages.",
  "favoriteFruit": "orange",
  "location": {
    "latitude": -57.964174,
    "longitude": 74.081805
  },
  "docFormat": "json",
  "triples": [
    {
      "triple": {
        "subject": "/sample-data/data-2954.json",
        "predicate": "http://www.w3.org/2000/01/rdf-schema#label",
        "object": "Sloan Mcclure"
      }
    },
    {
      "triple": {
        "subject": "/sample-data/data-2954.json",
        "predicate": "http://www.w3.org/1999/02/22-rdf-syntax-ns#type",
        "object": "http://xmlns.com/foaf/0.1/Person"
      }
    },
    {
      "triple": {
        "subject": "/sample-data/data-2954.json",
        "predicate": "http://xmlns.com/foaf/0.1/knows",
        "object": "/sample-data/data-198.json"
      }
    },
    {
      "triple": {
        "subject": "/sample-data/data-2954.json",
        "predicate": "http://xmlns.com/foaf/0.1/knows",
        "object": "/sample-data/data-2634.json"
      }
    },
    {
      "triple": {
        "subject": "/sample-data/data-2954.json",
        "predicate": "http://xmlns.com/foaf/0.1/knows",
        "object": "/sample-data/data-1311.json"
      }
    }
  ]
}