{
  "_id": "55ee5e98678ebd3a2d51672d",
  "index": 2780,
  "guid": "255f0d75-fdbf-4349-bfac-03a2ebbc2f58",
  "isActive": false,
  "balance": "$23,594.64",
  "picture": "http://placehold.it/32x32",
  "age": 67,
  "eyeColor": "blue",
  "name": "Marci Wilkinson",
  "gender": "female",
  "company": "COMBOT",
  "email": "marciwilkinson@combot.com",
  "phone": "+1 (932) 583-3982",
  "address": "444 Navy Walk, Talpa, California, 3101",
  "about": "Mollit amet proident esse culpa aliqua Lorem labore cupidatat. Tempor ut sunt velit pariatur nulla fugiat reprehenderit duis eiusmod ullamco laborum nulla aute. Dolore excepteur esse eu consectetur duis ut nostrud. Velit cillum ipsum veniam nostrud esse voluptate occaecat quis ipsum cupidatat.\r\n",
  "registered": "2015-01-05T08:22:43-07:00",
  "tags": [
    "voluptate",
    "incididunt",
    "irure",
    "nulla",
    "ipsum",
    "dolor",
    "consectetur"
  ],
  "friends": [
    {
      "id": 0,
      "name": "Loretta Lopez"
    },
    {
      "id": 1,
      "name": "Goff Buckley"
    },
    {
      "id": 2,
      "name": "Terry Horn"
    }
  ],
  "greeting": "Hello, Marci Wilkinson! You have 2 unread messages.",
  "favoriteFruit": "strawberry",
  "location": {
    "latitude": -73.422695,
    "longitude": -3.611318
  },
  "docFormat": "json",
  "triples": [
    {
      "triple": {
        "subject": "/sample-data/data-2780.json",
        "predicate": "http://www.w3.org/2000/01/rdf-schema#label",
        "object": "Marci Wilkinson"
      }
    },
    {
      "triple": {
        "subject": "/sample-data/data-2780.json",
        "predicate": "http://www.w3.org/1999/02/22-rdf-syntax-ns#type",
        "object": "http://xmlns.com/foaf/0.1/Person"
      }
    },
    {
      "triple": {
        "subject": "/sample-data/data-2780.json",
        "predicate": "http://xmlns.com/foaf/0.1/knows",
        "object": "/sample-data/data-2294.json"
      }
    },
    {
      "triple": {
        "subject": "/sample-data/data-2780.json",
        "predicate": "http://xmlns.com/foaf/0.1/knows",
        "object": "/sample-data/data-2965.json"
      }
    },
    {
      "triple": {
        "subject": "/sample-data/data-2780.json",
        "predicate": "http://xmlns.com/foaf/0.1/knows",
        "object": "/sample-data/data-1195.json"
      }
    }
  ]
}