{
  "_id": "55ee5e45ffbf9c4dfcd2b7d9",
  "index": 1965,
  "guid": "85829186-9784-42d7-bf84-570424ef0b23",
  "isActive": true,
  "balance": "$62,677.72",
  "picture": "http://placehold.it/32x32",
  "age": 67,
  "eyeColor": "brown",
  "name": "Grant Cote",
  "gender": "male",
  "company": "SUSTENZA",
  "email": "grantcote@sustenza.com",
  "phone": "+1 (902) 538-2230",
  "address": "111 Jodie Court, Healy, Palau, 3887",
  "about": "Proident veniam laborum culpa et eu et incididunt fugiat labore laboris et id. Sunt irure laboris irure aliquip incididunt. Voluptate ipsum nostrud aute id et sint aliqua velit cupidatat.\r\n",
  "registered": "2015-07-20T10:24:34-07:00",
  "tags": [
    "ullamco",
    "voluptate",
    "ut",
    "ex",
    "minim",
    "duis",
    "ipsum"
  ],
  "friends": [
    {
      "id": 0,
      "name": "Nixon Pruitt"
    },
    {
      "id": 1,
      "name": "Powers Patrick"
    },
    {
      "id": 2,
      "name": "Karen Gonzales"
    }
  ],
  "greeting": "Hello, Grant Cote! You have 8 unread messages.",
  "favoriteFruit": "strawberry",
  "location": {
    "latitude": -73.104986,
    "longitude": -3.132047
  },
  "docFormat": "json",
  "triples": [
    {
      "triple": {
        "subject": "/sample-data/data-1965.json",
        "predicate": "http://www.w3.org/2000/01/rdf-schema#label",
        "object": "Grant Cote"
      }
    },
    {
      "triple": {
        "subject": "/sample-data/data-1965.json",
        "predicate": "http://www.w3.org/1999/02/22-rdf-syntax-ns#type",
        "object": "http://xmlns.com/foaf/0.1/Person"
      }
    },
    {
      "triple": {
        "subject": "/sample-data/data-1965.json",
        "predicate": "http://xmlns.com/foaf/0.1/knows",
        "object": "/sample-data/data-2911.json"
      }
    },
    {
      "triple": {
        "subject": "/sample-data/data-1965.json",
        "predicate": "http://xmlns.com/foaf/0.1/knows",
        "object": "/sample-data/data-1279.json"
      }
    },
    {
      "triple": {
        "subject": "/sample-data/data-1965.json",
        "predicate": "http://xmlns.com/foaf/0.1/knows",
        "object": "/sample-data/data-2914.json"
      }
    }
  ]
}