{
  "_id": "55ee5e4483e64f0fe1f10453",
  "index": 189,
  "guid": "c96e576d-cf32-4ea0-b240-a4dddf687583",
  "isActive": false,
  "balance": "$45,259.30",
  "picture": "http://placehold.it/32x32",
  "age": 43,
  "eyeColor": "blue",
  "name": "Noelle Sawyer",
  "gender": "female",
  "company": "ZENTILITY",
  "email": "noellesawyer@zentility.com",
  "phone": "+1 (949) 541-3177",
  "address": "450 Seaview Court, Saranap, South Dakota, 4285",
  "about": "Velit adipisicing cillum in irure eu anim ea. Ad aute elit tempor aliqua adipisicing dolore labore ullamco esse proident labore ullamco. Est deserunt culpa nisi reprehenderit est Lorem qui nulla ad elit voluptate qui occaecat. Aliquip consectetur laborum Lorem adipisicing veniam. Nisi deserunt do tempor eu aliqua nulla. Cillum id irure occaecat dolor esse nisi incididunt. Proident cillum tempor laborum commodo fugiat pariatur tempor consequat.\r\n",
  "registered": "2014-08-14T02:53:44-07:00",
  "tags": [
    "sint",
    "exercitation",
    "consectetur",
    "nostrud",
    "cillum",
    "pariatur",
    "est"
  ],
  "friends": [
    {
      "id": 0,
      "name": "Huber Witt"
    },
    {
      "id": 1,
      "name": "Julia Cohen"
    },
    {
      "id": 2,
      "name": "Castro Cook"
    }
  ],
  "greeting": "Hello, Noelle Sawyer! You have 2 unread messages.",
  "favoriteFruit": "banana",
  "location": {
    "latitude": -11.944708,
    "longitude": 43.743104
  },
  "docFormat": "json",
  "triples": [
    {
      "triple": {
        "subject": "/sample-data/data-189.json",
        "predicate": "http://www.w3.org/2000/01/rdf-schema#label",
        "object": "Noelle Sawyer"
      }
    },
    {
      "triple": {
        "subject": "/sample-data/data-189.json",
        "predicate": "http://www.w3.org/1999/02/22-rdf-syntax-ns#type",
        "object": "http://xmlns.com/foaf/0.1/Person"
      }
    },
    {
      "triple": {
        "subject": "/sample-data/data-189.json",
        "predicate": "http://xmlns.com/foaf/0.1/knows",
        "object": "/sample-data/data-668.json"
      }
    },
    {
      "triple": {
        "subject": "/sample-data/data-189.json",
        "predicate": "http://xmlns.com/foaf/0.1/knows",
        "object": "/sample-data/data-1529.json"
      }
    },
    {
      "triple": {
        "subject": "/sample-data/data-189.json",
        "predicate": "http://xmlns.com/foaf/0.1/knows",
        "object": "/sample-data/data-2062.json"
      }
    }
  ]
}