{
  "_id": "55ee5e98cf873056d3fe543b",
  "index": 2934,
  "guid": "693fc39c-8a8e-4e12-881e-4533b398ba84",
  "isActive": true,
  "balance": "$99,432.77",
  "picture": "http://placehold.it/32x32",
  "age": 58,
  "eyeColor": "gray",
  "name": "Nadia Garner",
  "gender": "female",
  "company": "SLAX",
  "email": "nadiagarner@slax.com",
  "phone": "+1 (855) 474-2281",
  "address": "185 Cozine Avenue, Chilton, American Samoa, 4877",
  "about": "Sint ipsum nostrud consectetur do ullamco officia culpa eiusmod proident ad magna anim aliquip. Excepteur esse deserunt deserunt adipisicing culpa ad exercitation dolore qui enim veniam. Id ullamco ipsum deserunt ad.\r\n",
  "registered": "2014-07-01T12:50:31-07:00",
  "tags": [
    "reprehenderit",
    "id",
    "deserunt",
    "velit",
    "commodo",
    "ea",
    "ex"
  ],
  "friends": [
    {
      "id": 0,
      "name": "Puckett Collins"
    },
    {
      "id": 1,
      "name": "Muriel Rojas"
    },
    {
      "id": 2,
      "name": "Helena Sharp"
    }
  ],
  "greeting": "Hello, Nadia Garner! You have 10 unread messages.",
  "favoriteFruit": "strawberry",
  "location": {
    "latitude": -15.720003,
    "longitude": -65.834839
  },
  "docFormat": "json",
  "triples": [
    {
      "triple": {
        "subject": "/sample-data/data-2934.json",
        "predicate": "http://www.w3.org/2000/01/rdf-schema#label",
        "object": "Nadia Garner"
      }
    },
    {
      "triple": {
        "subject": "/sample-data/data-2934.json",
        "predicate": "http://www.w3.org/1999/02/22-rdf-syntax-ns#type",
        "object": "http://xmlns.com/foaf/0.1/Person"
      }
    },
    {
      "triple": {
        "subject": "/sample-data/data-2934.json",
        "predicate": "http://xmlns.com/foaf/0.1/knows",
        "object": "/sample-data/data-748.json"
      }
    },
    {
      "triple": {
        "subject": "/sample-data/data-2934.json",
        "predicate": "http://xmlns.com/foaf/0.1/knows",
        "object": "/sample-data/data-1040.json"
      }
    },
    {
      "triple": {
        "subject": "/sample-data/data-2934.json",
        "predicate": "http://xmlns.com/foaf/0.1/knows",
        "object": "/sample-data/data-1859.json"
      }
    }
  ]
}