{
  "_id": "55ee5e98f11c3e46bad9e97d",
  "index": 2666,
  "guid": "c0f9a6c9-a164-4fc6-a54f-84bbd230c473",
  "isActive": true,
  "balance": "$23,073.63",
  "picture": "http://placehold.it/32x32",
  "age": 29,
  "eyeColor": "blue",
  "name": "Lauren Gentry",
  "gender": "female",
  "company": "AVIT",
  "email": "laurengentry@avit.com",
  "phone": "+1 (889) 547-3519",
  "address": "793 Engert Avenue, Lorraine, Oklahoma, 768",
  "about": "Sunt aute proident qui fugiat quis adipisicing voluptate fugiat elit dolore. Ipsum commodo eu tempor commodo commodo excepteur et duis fugiat exercitation amet aliqua. Aute dolor consequat magna culpa velit ut irure labore et enim ea.\r\n",
  "registered": "2015-06-19T09:36:10-07:00",
  "tags": [
    "culpa",
    "ipsum",
    "sunt",
    "aliqua",
    "elit",
    "ex",
    "Lorem"
  ],
  "friends": [
    {
      "id": 0,
      "name": "Lynnette Dale"
    },
    {
      "id": 1,
      "name": "Greer Cherry"
    },
    {
      "id": 2,
      "name": "Baxter Rasmussen"
    }
  ],
  "greeting": "Hello, Lauren Gentry! You have 8 unread messages.",
  "favoriteFruit": "apple",
  "location": {
    "latitude": 65.073379,
    "longitude": -76.829059
  },
  "docFormat": "json",
  "triples": [
    {
      "triple": {
        "subject": "/sample-data/data-2666.json",
        "predicate": "http://www.w3.org/2000/01/rdf-schema#label",
        "object": "Lauren Gentry"
      }
    },
    {
      "triple": {
        "subject": "/sample-data/data-2666.json",
        "predicate": "http://www.w3.org/1999/02/22-rdf-syntax-ns#type",
        "object": "http://xmlns.com/foaf/0.1/Person"
      }
    },
    {
      "triple": {
        "subject": "/sample-data/data-2666.json",
        "predicate": "http://xmlns.com/foaf/0.1/knows",
        "object": "/sample-data/data-672.json"
      }
    },
    {
      "triple": {
        "subject": "/sample-data/data-2666.json",
        "predicate": "http://xmlns.com/foaf/0.1/knows",
        "object": "/sample-data/data-2769.json"
      }
    },
    {
      "triple": {
        "subject": "/sample-data/data-2666.json",
        "predicate": "http://xmlns.com/foaf/0.1/knows",
        "object": "/sample-data/data-718.json"
      }
    }
  ]
}