{
  "_id": "55ee5e9855bc5ef44e39aa3e",
  "index": 2671,
  "guid": "06724c63-f0bb-4075-8689-1d17a54b976b",
  "isActive": true,
  "balance": "$32,845.15",
  "picture": "http://placehold.it/32x32",
  "age": 55,
  "eyeColor": "gray",
  "name": "Perkins Bowman",
  "gender": "male",
  "company": "ZENTIX",
  "email": "perkinsbowman@zentix.com",
  "phone": "+1 (880) 455-3252",
  "address": "870 Halsey Street, Lopezo, Virginia, 3636",
  "about": "Ex deserunt sunt id ut est aliqua ullamco. Consectetur nostrud ut anim reprehenderit occaecat mollit consectetur nulla culpa laboris aliquip ea ipsum nisi. Lorem ullamco Lorem cupidatat anim commodo veniam elit proident ea occaecat dolore cupidatat sit.\r\n",
  "registered": "2014-10-27T12:23:32-07:00",
  "tags": [
    "amet",
    "incididunt",
    "occaecat",
    "proident",
    "aliquip",
    "consectetur",
    "sit"
  ],
  "friends": [
    {
      "id": 0,
      "name": "White Carson"
    },
    {
      "id": 1,
      "name": "Melva Ortiz"
    },
    {
      "id": 2,
      "name": "Casey Ryan"
    }
  ],
  "greeting": "Hello, Perkins Bowman! You have 5 unread messages.",
  "favoriteFruit": "pear",
  "location": {
    "latitude": 2.452512,
    "longitude": 13.43669
  },
  "docFormat": "json",
  "triples": [
    {
      "triple": {
        "subject": "/sample-data/data-2671.json",
        "predicate": "http://www.w3.org/2000/01/rdf-schema#label",
        "object": "Perkins Bowman"
      }
    },
    {
      "triple": {
        "subject": "/sample-data/data-2671.json",
        "predicate": "http://www.w3.org/1999/02/22-rdf-syntax-ns#type",
        "object": "http://xmlns.com/foaf/0.1/Person"
      }
    },
    {
      "triple": {
        "subject": "/sample-data/data-2671.json",
        "predicate": "http://xmlns.com/foaf/0.1/knows",
        "object": "/sample-data/data-425.json"
      }
    },
    {
      "triple": {
        "subject": "/sample-data/data-2671.json",
        "predicate": "http://xmlns.com/foaf/0.1/knows",
        "object": "/sample-data/data-1771.json"
      }
    },
    {
      "triple": {
        "subject": "/sample-data/data-2671.json",
        "predicate": "http://xmlns.com/foaf/0.1/knows",
        "object": "/sample-data/data-2593.json"
      }
    }
  ]
}