{
  "_id": "55ee5e98ec05cbe3c6e24787",
  "index": 2774,
  "guid": "2d4d56f7-d12b-43d1-9448-b479c4fa5c8c",
  "isActive": true,
  "balance": "$92,228.88",
  "picture": "http://placehold.it/32x32",
  "age": 58,
  "eyeColor": "green",
  "name": "Brigitte Vega",
  "gender": "female",
  "company": "ATGEN",
  "email": "brigittevega@atgen.com",
  "phone": "+1 (957) 598-2223",
  "address": "794 Decatur Street, Sanford, South Carolina, 4024",
  "about": "Elit nulla enim irure qui laboris voluptate tempor magna velit ex elit esse. Nulla qui cillum enim ex ea. Exercitation aute tempor in adipisicing dolor occaecat ipsum aliqua anim proident veniam ut. Eu amet duis et eu fugiat veniam.\r\n",
  "registered": "2015-05-19T03:31:37-07:00",
  "tags": [
    "quis",
    "voluptate",
    "sit",
    "aliquip",
    "enim",
    "sint",
    "aliqua"
  ],
  "friends": [
    {
      "id": 0,
      "name": "Willis Lara"
    },
    {
      "id": 1,
      "name": "Mildred Stevens"
    },
    {
      "id": 2,
      "name": "Donaldson Horne"
    }
  ],
  "greeting": "Hello, Brigitte Vega! You have 1 unread messages.",
  "favoriteFruit": "banana",
  "location": {
    "latitude": 68.646449,
    "longitude": -108.625377
  },
  "docFormat": "json",
  "triples": [
    {
      "triple": {
        "subject": "/sample-data/data-2774.json",
        "predicate": "http://www.w3.org/2000/01/rdf-schema#label",
        "object": "Brigitte Vega"
      }
    },
    {
      "triple": {
        "subject": "/sample-data/data-2774.json",
        "predicate": "http://www.w3.org/1999/02/22-rdf-syntax-ns#type",
        "object": "http://xmlns.com/foaf/0.1/Person"
      }
    },
    {
      "triple": {
        "subject": "/sample-data/data-2774.json",
        "predicate": "http://xmlns.com/foaf/0.1/knows",
        "object": "/sample-data/data-727.json"
      }
    },
    {
      "triple": {
        "subject": "/sample-data/data-2774.json",
        "predicate": "http://xmlns.com/foaf/0.1/knows",
        "object": "/sample-data/data-2275.json"
      }
    },
    {
      "triple": {
        "subject": "/sample-data/data-2774.json",
        "predicate": "http://xmlns.com/foaf/0.1/knows",
        "object": "/sample-data/data-1543.json"
      }
    }
  ]
}