{
  "_id": "55ee5e98e5d3859e15bfb8e0",
  "index": 2885,
  "guid": "713759e2-53b6-4125-84af-cea88b6463e8",
  "isActive": false,
  "balance": "$38,138.45",
  "picture": "http://placehold.it/32x32",
  "age": 48,
  "eyeColor": "blue",
  "name": "Kirk Juarez",
  "gender": "male",
  "company": "ACCEL",
  "email": "kirkjuarez@accel.com",
  "phone": "+1 (966) 582-2324",
  "address": "645 Calyer Street, Hoehne, Texas, 3819",
  "about": "Veniam consequat labore consequat ut et. Nisi officia fugiat esse minim dolore enim et ullamco. Aute labore enim id consectetur consectetur officia consequat eiusmod ex in id exercitation in. Tempor non Lorem amet aute culpa proident nostrud. Esse quis velit voluptate pariatur dolor sit do fugiat nostrud dolor incididunt aliquip fugiat aute. Voluptate deserunt enim aute consequat labore sit magna et sint. Commodo nulla ea officia laborum est.\r\n",
  "registered": "2014-11-08T09:07:06-07:00",
  "tags": [
    "veniam",
    "velit",
    "enim",
    "dolore",
    "amet",
    "pariatur",
    "laborum"
  ],
  "friends": [
    {
      "id": 0,
      "name": "Shaw Cook"
    },
    {
      "id": 1,
      "name": "Daniels Townsend"
    },
    {
      "id": 2,
      "name": "Madden Watson"
    }
  ],
  "greeting": "Hello, Kirk Juarez! You have 2 unread messages.",
  "favoriteFruit": "orange",
  "location": {
    "latitude": 63.101251,
    "longitude": 55.227176
  },
  "docFormat": "json",
  "triples": [
    {
      "triple": {
        "subject": "/sample-data/data-2885.json",
        "predicate": "http://www.w3.org/2000/01/rdf-schema#label",
        "object": "Kirk Juarez"
      }
    },
    {
      "triple": {
        "subject": "/sample-data/data-2885.json",
        "predicate": "http://www.w3.org/1999/02/22-rdf-syntax-ns#type",
        "object": "http://xmlns.com/foaf/0.1/Person"
      }
    },
    {
      "triple": {
        "subject": "/sample-data/data-2885.json",
        "predicate": "http://xmlns.com/foaf/0.1/knows",
        "object": "/sample-data/data-1277.json"
      }
    },
    {
      "triple": {
        "subject": "/sample-data/data-2885.json",
        "predicate": "http://xmlns.com/foaf/0.1/knows",
        "object": "/sample-data/data-1538.json"
      }
    },
    {
      "triple": {
        "subject": "/sample-data/data-2885.json",
        "predicate": "http://xmlns.com/foaf/0.1/knows",
        "object": "/sample-data/data-1563.json"
      }
    }
  ]
}