{
  "_id": "55ee5e4409d4432e8cf5686d",
  "index": 432,
  "guid": "8fef9db9-48f6-4059-8ae3-3bf8406823d0",
  "isActive": false,
  "balance": "$35,045.59",
  "picture": "http://placehold.it/32x32",
  "age": 40,
  "eyeColor": "blue",
  "name": "Sherri Weiss",
  "gender": "female",
  "company": "QUALITERN",
  "email": "sherriweiss@qualitern.com",
  "phone": "+1 (976) 572-2043",
  "address": "619 Thomas Street, Castleton, Delaware, 6206",
  "about": "Aute ullamco reprehenderit excepteur anim pariatur id. Duis ut do non culpa. Aliquip veniam laboris cillum ea ea cillum ut. Adipisicing ex nulla consectetur duis sint et sunt consectetur veniam consectetur dolore nisi elit. Enim elit excepteur irure velit cupidatat incididunt non reprehenderit minim amet dolor anim. Minim labore in tempor sunt sit nulla et fugiat aliqua.\r\n",
  "registered": "2014-02-24T03:22:15-07:00",
  "tags": [
    "ad",
    "ea",
    "quis",
    "qui",
    "eu",
    "mollit",
    "veniam"
  ],
  "friends": [
    {
      "id": 0,
      "name": "Newton Edwards"
    },
    {
      "id": 1,
      "name": "Rita Donovan"
    },
    {
      "id": 2,
      "name": "Thomas Whitfield"
    }
  ],
  "greeting": "Hello, Sherri Weiss! You have 9 unread messages.",
  "favoriteFruit": "apple",
  "location": {
    "latitude": 24.129206,
    "longitude": 150.550114
  },
  "docFormat": "json",
  "triples": [
    {
      "triple": {
        "subject": "/sample-data/data-432.json",
        "predicate": "http://www.w3.org/2000/01/rdf-schema#label",
        "object": "Sherri Weiss"
      }
    },
    {
      "triple": {
        "subject": "/sample-data/data-432.json",
        "predicate": "http://www.w3.org/1999/02/22-rdf-syntax-ns#type",
        "object": "http://xmlns.com/foaf/0.1/Person"
      }
    },
    {
      "triple": {
        "subject": "/sample-data/data-432.json",
        "predicate": "http://xmlns.com/foaf/0.1/knows",
        "object": "/sample-data/data-1107.json"
      }
    },
    {
      "triple": {
        "subject": "/sample-data/data-432.json",
        "predicate": "http://xmlns.com/foaf/0.1/knows",
        "object": "/sample-data/data-1059.json"
      }
    },
    {
      "triple": {
        "subject": "/sample-data/data-432.json",
        "predicate": "http://xmlns.com/foaf/0.1/knows",
        "object": "/sample-data/data-2409.json"
      }
    }
  ]
}