{
  "_id": "55ee5e4428d397786af75bf6",
  "index": 51,
  "guid": "a50eef98-c19e-4da4-b144-25629266918b",
  "isActive": true,
  "balance": "$98,919.13",
  "picture": "http://placehold.it/32x32",
  "age": 28,
  "eyeColor": "blue",
  "name": "Jerri Farmer",
  "gender": "female",
  "company": "GEEKKO",
  "email": "jerrifarmer@geekko.com",
  "phone": "+1 (821) 421-2697",
  "address": "372 Williams Avenue, Venice, Palau, 4027",
  "about": "Lorem proident quis consequat velit veniam aliqua ea exercitation non duis. Commodo proident velit aute ut excepteur amet culpa ex nostrud consequat nulla commodo minim. Tempor cillum officia nulla fugiat tempor nostrud non quis ullamco. Dolore eu eiusmod esse nisi nostrud ea aute ea laborum. Consequat id eu laborum excepteur est amet.\r\n",
  "registered": "2014-07-11T04:53:05-07:00",
  "tags": [
    "minim",
    "cupidatat",
    "et",
    "et",
    "deserunt",
    "consequat",
    "magna"
  ],
  "friends": [
    {
      "id": 0,
      "name": "Owens Shepherd"
    },
    {
      "id": 1,
      "name": "Christi Kirk"
    },
    {
      "id": 2,
      "name": "Young Holloway"
    }
  ],
  "greeting": "Hello, Jerri Farmer! You have 4 unread messages.",
  "favoriteFruit": "banana",
  "location": {
    "latitude": -71.065536,
    "longitude": -14.460631
  },
  "docFormat": "json",
  "triples": [
    {
      "triple": {
        "subject": "/sample-data/data-51.json",
        "predicate": "http://www.w3.org/2000/01/rdf-schema#label",
        "object": "Jerri Farmer"
      }
    },
    {
      "triple": {
        "subject": "/sample-data/data-51.json",
        "predicate": "http://www.w3.org/1999/02/22-rdf-syntax-ns#type",
        "object": "http://xmlns.com/foaf/0.1/Person"
      }
    },
    {
      "triple": {
        "subject": "/sample-data/data-51.json",
        "predicate": "http://xmlns.com/foaf/0.1/knows",
        "object": "/sample-data/data-959.json"
      }
    },
    {
      "triple": {
        "subject": "/sample-data/data-51.json",
        "predicate": "http://xmlns.com/foaf/0.1/knows",
        "object": "/sample-data/data-2721.json"
      }
    },
    {
      "triple": {
        "subject": "/sample-data/data-51.json",
        "predicate": "http://xmlns.com/foaf/0.1/knows",
        "object": "/sample-data/data-1575.json"
      }
    }
  ]
}