{
  "_id": "55ee5e45497804655a50eec3",
  "index": 1801,
  "guid": "cef83a84-cb8c-4317-b804-d27c84b256e8",
  "isActive": false,
  "balance": "$20,427.43",
  "picture": "http://placehold.it/32x32",
  "age": 22,
  "eyeColor": "green",
  "name": "Lourdes Barton",
  "gender": "female",
  "company": "LIMOZEN",
  "email": "lourdesbarton@limozen.com",
  "phone": "+1 (976) 523-3645",
  "address": "680 Pioneer Street, Belgreen, Northern Mariana Islands, 7302",
  "about": "Commodo pariatur velit et ex eiusmod aute Lorem laboris Lorem fugiat cillum sint fugiat. Laboris culpa sint ea eiusmod nulla officia sunt fugiat et. Consequat laborum cupidatat nostrud laborum duis nisi aute nostrud laborum officia exercitation ipsum reprehenderit. Aute amet consequat incididunt nostrud Lorem ad. Officia Lorem dolor consectetur ad. Mollit ad culpa deserunt laboris velit nostrud et.\r\n",
  "registered": "2014-08-22T12:35:01-07:00",
  "tags": [
    "duis",
    "et",
    "incididunt",
    "do",
    "ex",
    "elit",
    "ad"
  ],
  "friends": [
    {
      "id": 0,
      "name": "Deborah Reynolds"
    },
    {
      "id": 1,
      "name": "Manuela Dotson"
    },
    {
      "id": 2,
      "name": "Katharine Boyle"
    }
  ],
  "greeting": "Hello, Lourdes Barton! You have 9 unread messages.",
  "favoriteFruit": "banana",
  "location": {
    "latitude": 11.348234,
    "longitude": 38.958316
  },
  "docFormat": "json",
  "triples": [
    {
      "triple": {
        "subject": "/sample-data/data-1801.json",
        "predicate": "http://www.w3.org/2000/01/rdf-schema#label",
        "object": "Lourdes Barton"
      }
    },
    {
      "triple": {
        "subject": "/sample-data/data-1801.json",
        "predicate": "http://www.w3.org/1999/02/22-rdf-syntax-ns#type",
        "object": "http://xmlns.com/foaf/0.1/Person"
      }
    },
    {
      "triple": {
        "subject": "/sample-data/data-1801.json",
        "predicate": "http://xmlns.com/foaf/0.1/knows",
        "object": "/sample-data/data-1362.json"
      }
    },
    {
      "triple": {
        "subject": "/sample-data/data-1801.json",
        "predicate": "http://xmlns.com/foaf/0.1/knows",
        "object": "/sample-data/data-860.json"
      }
    },
    {
      "triple": {
        "subject": "/sample-data/data-1801.json",
        "predicate": "http://xmlns.com/foaf/0.1/knows",
        "object": "/sample-data/data-744.json"
      }
    }
  ]
}