{
  "_id": "55ee5e459b353c5f4f44b8e6",
  "index": 1745,
  "guid": "33846653-482e-44a9-b61a-608f0b4fd540",
  "isActive": false,
  "balance": "$64,738.15",
  "picture": "http://placehold.it/32x32",
  "age": 24,
  "eyeColor": "brown",
  "name": "Reilly George",
  "gender": "male",
  "company": "RODEOLOGY",
  "email": "reillygeorge@rodeology.com",
  "phone": "+1 (995) 507-2288",
  "address": "407 High Street, Garnet, Ohio, 6410",
  "about": "Sint ad mollit dolore proident laborum esse non commodo labore nisi dolor. Culpa esse fugiat quis cupidatat. Laborum magna velit velit proident esse elit nisi nulla nostrud consequat ad. Mollit est id sit dolore velit do commodo voluptate enim incididunt. Ad culpa Lorem incididunt in duis veniam nulla nisi.\r\n",
  "registered": "2014-10-14T11:44:36-07:00",
  "tags": [
    "eiusmod",
    "incididunt",
    "enim",
    "mollit",
    "do",
    "mollit",
    "culpa"
  ],
  "friends": [
    {
      "id": 0,
      "name": "Erin Mcmillan"
    },
    {
      "id": 1,
      "name": "Linda Key"
    },
    {
      "id": 2,
      "name": "Rosa Slater"
    }
  ],
  "greeting": "Hello, Reilly George! You have 2 unread messages.",
  "favoriteFruit": "pear",
  "location": {
    "latitude": 67.428519,
    "longitude": 161.97687
  },
  "docFormat": "json",
  "triples": [
    {
      "triple": {
        "subject": "/sample-data/data-1745.json",
        "predicate": "http://www.w3.org/2000/01/rdf-schema#label",
        "object": "Reilly George"
      }
    },
    {
      "triple": {
        "subject": "/sample-data/data-1745.json",
        "predicate": "http://www.w3.org/1999/02/22-rdf-syntax-ns#type",
        "object": "http://xmlns.com/foaf/0.1/Person"
      }
    },
    {
      "triple": {
        "subject": "/sample-data/data-1745.json",
        "predicate": "http://xmlns.com/foaf/0.1/knows",
        "object": "/sample-data/data-2527.json"
      }
    },
    {
      "triple": {
        "subject": "/sample-data/data-1745.json",
        "predicate": "http://xmlns.com/foaf/0.1/knows",
        "object": "/sample-data/data-922.json"
      }
    },
    {
      "triple": {
        "subject": "/sample-data/data-1745.json",
        "predicate": "http://xmlns.com/foaf/0.1/knows",
        "object": "/sample-data/data-2778.json"
      }
    }
  ]
}