{
  "_id": "55ee5e458d82409196891a1a",
  "index": 1924,
  "guid": "f209047e-2412-42a0-a50d-d8dd584b1878",
  "isActive": true,
  "balance": "$15,665.99",
  "picture": "http://placehold.it/32x32",
  "age": 20,
  "eyeColor": "blue",
  "name": "Floyd Carr",
  "gender": "male",
  "company": "ZIALACTIC",
  "email": "floydcarr@zialactic.com",
  "phone": "+1 (895) 433-2418",
  "address": "535 Randolph Street, Shasta, Vermont, 7340",
  "about": "Dolor pariatur voluptate Lorem Lorem velit do. Magna in ipsum ad labore laboris deserunt. Esse est elit sit aliquip aliquip mollit duis aute irure irure laboris. Labore non in mollit deserunt consectetur dolore commodo consectetur labore sint non non pariatur voluptate. Quis reprehenderit ex deserunt laborum ullamco veniam consectetur fugiat et laborum eu in sit enim. Ipsum cupidatat in veniam aliquip amet anim exercitation aliquip anim duis pariatur.\r\n",
  "registered": "2015-03-06T03:38:46-07:00",
  "tags": [
    "deserunt",
    "veniam",
    "officia",
    "eu",
    "quis",
    "id",
    "veniam"
  ],
  "friends": [
    {
      "id": 0,
      "name": "Tiffany Koch"
    },
    {
      "id": 1,
      "name": "Andrews Trujillo"
    },
    {
      "id": 2,
      "name": "Melva Mercer"
    }
  ],
  "greeting": "Hello, Floyd Carr! You have 4 unread messages.",
  "favoriteFruit": "pear",
  "location": {
    "latitude": -55.887919,
    "longitude": 128.532714
  },
  "docFormat": "json",
  "triples": [
    {
      "triple": {
        "subject": "/sample-data/data-1924.json",
        "predicate": "http://www.w3.org/2000/01/rdf-schema#label",
        "object": "Floyd Carr"
      }
    },
    {
      "triple": {
        "subject": "/sample-data/data-1924.json",
        "predicate": "http://www.w3.org/1999/02/22-rdf-syntax-ns#type",
        "object": "http://xmlns.com/foaf/0.1/Person"
      }
    },
    {
      "triple": {
        "subject": "/sample-data/data-1924.json",
        "predicate": "http://xmlns.com/foaf/0.1/knows",
        "object": "/sample-data/data-1938.json"
      }
    },
    {
      "triple": {
        "subject": "/sample-data/data-1924.json",
        "predicate": "http://xmlns.com/foaf/0.1/knows",
        "object": "/sample-data/data-1352.json"
      }
    },
    {
      "triple": {
        "subject": "/sample-data/data-1924.json",
        "predicate": "http://xmlns.com/foaf/0.1/knows",
        "object": "/sample-data/data-2466.json"
      }
    }
  ]
}