{
  "_id": "55ee5e4545b591efcc154c2d",
  "index": 1895,
  "guid": "d33dd43a-ce36-4138-8a14-b3677936918a",
  "isActive": false,
  "balance": "$32,737.18",
  "picture": "http://placehold.it/32x32",
  "age": 22,
  "eyeColor": "green",
  "name": "Robyn Chen",
  "gender": "female",
  "company": "WEBIOTIC",
  "email": "robynchen@webiotic.com",
  "phone": "+1 (916) 568-2885",
  "address": "296 Union Street, Dahlen, Puerto Rico, 5122",
  "about": "Velit mollit aliquip exercitation velit exercitation ipsum et veniam eiusmod laboris magna mollit. Nostrud mollit id est cillum eiusmod nostrud quis sint ea mollit labore. Ea quis cillum aute nisi consectetur incididunt reprehenderit eu voluptate aute quis. Quis fugiat voluptate aliqua ex exercitation minim cupidatat velit laboris. Deserunt et sunt sit consequat irure quis laboris fugiat ex sit elit. Ad pariatur et officia excepteur.\r\n",
  "registered": "2014-11-16T11:18:21-07:00",
  "tags": [
    "in",
    "consequat",
    "et",
    "anim",
    "aliquip",
    "aliquip",
    "culpa"
  ],
  "friends": [
    {
      "id": 0,
      "name": "Brown Buckner"
    },
    {
      "id": 1,
      "name": "Wendy Figueroa"
    },
    {
      "id": 2,
      "name": "Carter Mercado"
    }
  ],
  "greeting": "Hello, Robyn Chen! You have 1 unread messages.",
  "favoriteFruit": "strawberry",
  "location": {
    "latitude": 17.595963,
    "longitude": 12.925573
  },
  "docFormat": "json",
  "triples": [
    {
      "triple": {
        "subject": "/sample-data/data-1895.json",
        "predicate": "http://www.w3.org/2000/01/rdf-schema#label",
        "object": "Robyn Chen"
      }
    },
    {
      "triple": {
        "subject": "/sample-data/data-1895.json",
        "predicate": "http://www.w3.org/1999/02/22-rdf-syntax-ns#type",
        "object": "http://xmlns.com/foaf/0.1/Person"
      }
    },
    {
      "triple": {
        "subject": "/sample-data/data-1895.json",
        "predicate": "http://xmlns.com/foaf/0.1/knows",
        "object": "/sample-data/data-1896.json"
      }
    },
    {
      "triple": {
        "subject": "/sample-data/data-1895.json",
        "predicate": "http://xmlns.com/foaf/0.1/knows",
        "object": "/sample-data/data-2975.json"
      }
    },
    {
      "triple": {
        "subject": "/sample-data/data-1895.json",
        "predicate": "http://xmlns.com/foaf/0.1/knows",
        "object": "/sample-data/data-2641.json"
      }
    }
  ]
}