{
  "_id": "55ee5e44f6c47654920d1c52",
  "index": 825,
  "guid": "51e43083-0fbf-42ff-adb4-9f18c2457ea2",
  "isActive": true,
  "balance": "$94,003.31",
  "picture": "http://placehold.it/32x32",
  "age": 21,
  "eyeColor": "blue",
  "name": "Knox Bryan",
  "gender": "male",
  "company": "SATIANCE",
  "email": "knoxbryan@satiance.com",
  "phone": "+1 (888) 522-2684",
  "address": "926 Gotham Avenue, Curtice, Georgia, 2100",
  "about": "Labore ut sit non dolore eiusmod aliquip duis consectetur et excepteur dolor officia nulla ipsum. Sint sunt minim est sit pariatur non ex. Minim ea nulla tempor non officia fugiat in nulla amet elit dolore. Laboris qui proident ex nulla exercitation. Sunt ea anim sint esse anim. Laboris elit fugiat Lorem aute occaecat proident laboris ut anim ex.\r\n",
  "registered": "2014-03-11T02:54:41-07:00",
  "tags": [
    "elit",
    "laboris",
    "laboris",
    "dolore",
    "cillum",
    "sit",
    "mollit"
  ],
  "friends": [
    {
      "id": 0,
      "name": "Cathryn Adams"
    },
    {
      "id": 1,
      "name": "Obrien Cervantes"
    },
    {
      "id": 2,
      "name": "Tamara James"
    }
  ],
  "greeting": "Hello, Knox Bryan! You have 10 unread messages.",
  "favoriteFruit": "apple",
  "location": {
    "latitude": 9.664942,
    "longitude": 140.075313
  },
  "docFormat": "json",
  "triples": [
    {
      "triple": {
        "subject": "/sample-data/data-825.json",
        "predicate": "http://www.w3.org/2000/01/rdf-schema#label",
        "object": "Knox Bryan"
      }
    },
    {
      "triple": {
        "subject": "/sample-data/data-825.json",
        "predicate": "http://www.w3.org/1999/02/22-rdf-syntax-ns#type",
        "object": "http://xmlns.com/foaf/0.1/Person"
      }
    },
    {
      "triple": {
        "subject": "/sample-data/data-825.json",
        "predicate": "http://xmlns.com/foaf/0.1/knows",
        "object": "/sample-data/data-1572.json"
      }
    },
    {
      "triple": {
        "subject": "/sample-data/data-825.json",
        "predicate": "http://xmlns.com/foaf/0.1/knows",
        "object": "/sample-data/data-2335.json"
      }
    },
    {
      "triple": {
        "subject": "/sample-data/data-825.json",
        "predicate": "http://xmlns.com/foaf/0.1/knows",
        "object": "/sample-data/data-293.json"
      }
    }
  ]
}