{
  "_id": "55ee5e45a3b72f3ecb90c46a",
  "index": 1636,
  "guid": "2519a170-133d-48c6-947a-4ec194693874",
  "isActive": true,
  "balance": "$52,308.34",
  "picture": "http://placehold.it/32x32",
  "age": 48,
  "eyeColor": "blue",
  "name": "Terrell Mcfadden",
  "gender": "male",
  "company": "SLAMBDA",
  "email": "terrellmcfadden@slambda.com",
  "phone": "+1 (858) 522-2049",
  "address": "218 Kansas Place, Weedville, Oregon, 875",
  "about": "Occaecat dolor voluptate qui commodo officia aute enim elit anim excepteur ex tempor. Eiusmod officia consectetur ex ullamco. Quis voluptate non aliqua duis anim. Esse aliquip elit dolore quis. Enim cupidatat in magna pariatur sunt velit. Reprehenderit cillum dolor ullamco enim Lorem. Amet et in cupidatat aliquip velit eu mollit ut exercitation tempor anim anim cillum ut.\r\n",
  "registered": "2014-07-30T05:21:30-07:00",
  "tags": [
    "et",
    "officia",
    "proident",
    "consequat",
    "ea",
    "laboris",
    "incididunt"
  ],
  "friends": [
    {
      "id": 0,
      "name": "Ernestine Berg"
    },
    {
      "id": 1,
      "name": "Celia Holman"
    },
    {
      "id": 2,
      "name": "Rosie Sampson"
    }
  ],
  "greeting": "Hello, Terrell Mcfadden! You have 3 unread messages.",
  "favoriteFruit": "pear",
  "location": {
    "latitude": 41.739138,
    "longitude": 92.232542
  },
  "docFormat": "json",
  "triples": [
    {
      "triple": {
        "subject": "/sample-data/data-1636.json",
        "predicate": "http://www.w3.org/2000/01/rdf-schema#label",
        "object": "Terrell Mcfadden"
      }
    },
    {
      "triple": {
        "subject": "/sample-data/data-1636.json",
        "predicate": "http://www.w3.org/1999/02/22-rdf-syntax-ns#type",
        "object": "http://xmlns.com/foaf/0.1/Person"
      }
    },
    {
      "triple": {
        "subject": "/sample-data/data-1636.json",
        "predicate": "http://xmlns.com/foaf/0.1/knows",
        "object": "/sample-data/data-2489.json"
      }
    },
    {
      "triple": {
        "subject": "/sample-data/data-1636.json",
        "predicate": "http://xmlns.com/foaf/0.1/knows",
        "object": "/sample-data/data-2672.json"
      }
    },
    {
      "triple": {
        "subject": "/sample-data/data-1636.json",
        "predicate": "http://xmlns.com/foaf/0.1/knows",
        "object": "/sample-data/data-663.json"
      }
    }
  ]
}