{
  "_id": "55ee5e98a5431d681fb245e3",
  "index": 2430,
  "guid": "8dfda538-549a-4816-bd05-668a3828e544",
  "isActive": false,
  "balance": "$57,926.35",
  "picture": "http://placehold.it/32x32",
  "age": 49,
  "eyeColor": "hazel",
  "name": "Morales Clements",
  "gender": "male",
  "company": "GADTRON",
  "email": "moralesclements@gadtron.com",
  "phone": "+1 (854) 467-3175",
  "address": "780 Amherst Street, Datil, Louisiana, 4385",
  "about": "Nisi sunt culpa ut velit ut deserunt velit fugiat nulla laborum aliqua consequat ea est. Mollit occaecat et est consequat deserunt ullamco ipsum Lorem elit. Esse ipsum laborum nulla laboris.\r\n",
  "registered": "2015-05-22T08:34:04-07:00",
  "tags": [
    "quis",
    "veniam",
    "culpa",
    "laboris",
    "laborum",
    "officia",
    "nisi"
  ],
  "friends": [
    {
      "id": 0,
      "name": "Hart Flores"
    },
    {
      "id": 1,
      "name": "Dyer Perez"
    },
    {
      "id": 2,
      "name": "Ilene Herman"
    }
  ],
  "greeting": "Hello, Morales Clements! You have 5 unread messages.",
  "favoriteFruit": "apple",
  "location": {
    "latitude": -9.78092,
    "longitude": -85.143267
  },
  "docFormat": "json",
  "triples": [
    {
      "triple": {
        "subject": "/sample-data/data-2430.json",
        "predicate": "http://www.w3.org/2000/01/rdf-schema#label",
        "object": "Morales Clements"
      }
    },
    {
      "triple": {
        "subject": "/sample-data/data-2430.json",
        "predicate": "http://www.w3.org/1999/02/22-rdf-syntax-ns#type",
        "object": "http://xmlns.com/foaf/0.1/Person"
      }
    },
    {
      "triple": {
        "subject": "/sample-data/data-2430.json",
        "predicate": "http://xmlns.com/foaf/0.1/knows",
        "object": "/sample-data/data-2803.json"
      }
    },
    {
      "triple": {
        "subject": "/sample-data/data-2430.json",
        "predicate": "http://xmlns.com/foaf/0.1/knows",
        "object": "/sample-data/data-1958.json"
      }
    },
    {
      "triple": {
        "subject": "/sample-data/data-2430.json",
        "predicate": "http://xmlns.com/foaf/0.1/knows",
        "object": "/sample-data/data-1678.json"
      }
    }
  ]
}