{
  "_id": "55ee5e441fdd7e27f74a6b35",
  "index": 869,
  "guid": "4346592b-ea91-4e70-aa69-bed98bc2e7b4",
  "isActive": true,
  "balance": "$52,573.32",
  "picture": "http://placehold.it/32x32",
  "age": 52,
  "eyeColor": "brown",
  "name": "Townsend Harrell",
  "gender": "male",
  "company": "BIZMATIC",
  "email": "townsendharrell@bizmatic.com",
  "phone": "+1 (849) 457-3614",
  "address": "761 Fleet Place, Olney, Pennsylvania, 5839",
  "about": "Sunt quis amet magna fugiat excepteur ea. Exercitation duis sunt Lorem nisi ut sint ipsum minim enim ex. Aliquip cillum veniam ullamco consectetur do exercitation eu irure exercitation culpa pariatur.\r\n",
  "registered": "2015-04-06T03:08:10-07:00",
  "tags": [
    "occaecat",
    "ipsum",
    "do",
    "pariatur",
    "fugiat",
    "occaecat",
    "eiusmod"
  ],
  "friends": [
    {
      "id": 0,
      "name": "Brandi Oconnor"
    },
    {
      "id": 1,
      "name": "Fulton Bruce"
    },
    {
      "id": 2,
      "name": "April Finley"
    }
  ],
  "greeting": "Hello, Townsend Harrell! You have 5 unread messages.",
  "favoriteFruit": "banana",
  "location": {
    "latitude": 4.121403,
    "longitude": 136.665659
  },
  "docFormat": "json",
  "triples": [
    {
      "triple": {
        "subject": "/sample-data/data-869.json",
        "predicate": "http://www.w3.org/2000/01/rdf-schema#label",
        "object": "Townsend Harrell"
      }
    },
    {
      "triple": {
        "subject": "/sample-data/data-869.json",
        "predicate": "http://www.w3.org/1999/02/22-rdf-syntax-ns#type",
        "object": "http://xmlns.com/foaf/0.1/Person"
      }
    },
    {
      "triple": {
        "subject": "/sample-data/data-869.json",
        "predicate": "http://xmlns.com/foaf/0.1/knows",
        "object": "/sample-data/data-2741.json"
      }
    },
    {
      "triple": {
        "subject": "/sample-data/data-869.json",
        "predicate": "http://xmlns.com/foaf/0.1/knows",
        "object": "/sample-data/data-1270.json"
      }
    },
    {
      "triple": {
        "subject": "/sample-data/data-869.json",
        "predicate": "http://xmlns.com/foaf/0.1/knows",
        "object": "/sample-data/data-2993.json"
      }
    }
  ]
}