{
  "_id": "55ee5e982d7907ef1ed54107",
  "index": 2562,
  "guid": "9fe0ba47-f968-49e2-9751-8c5848043b9b",
  "isActive": false,
  "balance": "$80,829.40",
  "picture": "http://placehold.it/32x32",
  "age": 52,
  "eyeColor": "hazel",
  "name": "Sampson Powers",
  "gender": "male",
  "company": "ANARCO",
  "email": "sampsonpowers@anarco.com",
  "phone": "+1 (941) 461-3859",
  "address": "548 Schenck Court, Faywood, Florida, 5738",
  "about": "Excepteur nisi voluptate minim aliqua irure ad enim duis eiusmod anim. Nulla fugiat eiusmod ut esse ex veniam aliqua et cillum cillum culpa consequat. Dolor occaecat culpa ad Lorem ullamco anim amet ullamco excepteur ipsum mollit mollit amet. Ut qui ad proident quis id commodo anim ut voluptate nostrud id dolore nostrud. Deserunt elit dolore dolore cillum elit.\r\n",
  "registered": "2015-09-06T12:02:36-07:00",
  "tags": [
    "dolore",
    "aliquip",
    "irure",
    "aliqua",
    "adipisicing",
    "quis",
    "ex"
  ],
  "friends": [
    {
      "id": 0,
      "name": "Garcia Harmon"
    },
    {
      "id": 1,
      "name": "Nanette Wyatt"
    },
    {
      "id": 2,
      "name": "William Freeman"
    }
  ],
  "greeting": "Hello, Sampson Powers! You have 2 unread messages.",
  "favoriteFruit": "banana",
  "location": {
    "latitude": 16.517272,
    "longitude": 16.754503
  },
  "docFormat": "json",
  "triples": [
    {
      "triple": {
        "subject": "/sample-data/data-2562.json",
        "predicate": "http://www.w3.org/2000/01/rdf-schema#label",
        "object": "Sampson Powers"
      }
    },
    {
      "triple": {
        "subject": "/sample-data/data-2562.json",
        "predicate": "http://www.w3.org/1999/02/22-rdf-syntax-ns#type",
        "object": "http://xmlns.com/foaf/0.1/Person"
      }
    },
    {
      "triple": {
        "subject": "/sample-data/data-2562.json",
        "predicate": "http://xmlns.com/foaf/0.1/knows",
        "object": "/sample-data/data-88.json"
      }
    },
    {
      "triple": {
        "subject": "/sample-data/data-2562.json",
        "predicate": "http://xmlns.com/foaf/0.1/knows",
        "object": "/sample-data/data-2845.json"
      }
    },
    {
      "triple": {
        "subject": "/sample-data/data-2562.json",
        "predicate": "http://xmlns.com/foaf/0.1/knows",
        "object": "/sample-data/data-2287.json"
      }
    }
  ]
}