{
  "_id": "55ee5e44aff25e74bf781cd7",
  "index": 92,
  "guid": "477e603b-39fb-4a3d-8b64-22a62250b3ff",
  "isActive": true,
  "balance": "$28,619.19",
  "picture": "http://placehold.it/32x32",
  "age": 25,
  "eyeColor": "brown",
  "name": "Gordon Yates",
  "gender": "male",
  "company": "SUPPORTAL",
  "email": "gordonyates@supportal.com",
  "phone": "+1 (902) 411-2435",
  "address": "771 Albemarle Terrace, Summertown, Idaho, 4327",
  "about": "Non magna laborum sit duis id in qui. Eiusmod duis commodo duis culpa eiusmod ex consectetur consectetur voluptate nisi ut aliquip adipisicing. Quis aliqua anim excepteur id. Enim officia mollit eu labore in id consequat elit laborum laboris exercitation ad sint. Do dolore quis qui sit consectetur officia sint aliqua ipsum ipsum quis dolor ipsum.\r\n",
  "registered": "2014-12-01T11:54:17-07:00",
  "tags": [
    "reprehenderit",
    "veniam",
    "id",
    "exercitation",
    "nulla",
    "est",
    "laborum"
  ],
  "friends": [
    {
      "id": 0,
      "name": "Millicent Cantu"
    },
    {
      "id": 1,
      "name": "Tommie Perry"
    },
    {
      "id": 2,
      "name": "Elisa Alford"
    }
  ],
  "greeting": "Hello, Gordon Yates! You have 7 unread messages.",
  "favoriteFruit": "orange",
  "location": {
    "latitude": -48.786042,
    "longitude": -84.738743
  },
  "docFormat": "json",
  "triples": [
    {
      "triple": {
        "subject": "/sample-data/data-92.json",
        "predicate": "http://www.w3.org/2000/01/rdf-schema#label",
        "object": "Gordon Yates"
      }
    },
    {
      "triple": {
        "subject": "/sample-data/data-92.json",
        "predicate": "http://www.w3.org/1999/02/22-rdf-syntax-ns#type",
        "object": "http://xmlns.com/foaf/0.1/Person"
      }
    },
    {
      "triple": {
        "subject": "/sample-data/data-92.json",
        "predicate": "http://xmlns.com/foaf/0.1/knows",
        "object": "/sample-data/data-560.json"
      }
    },
    {
      "triple": {
        "subject": "/sample-data/data-92.json",
        "predicate": "http://xmlns.com/foaf/0.1/knows",
        "object": "/sample-data/data-898.json"
      }
    },
    {
      "triple": {
        "subject": "/sample-data/data-92.json",
        "predicate": "http://xmlns.com/foaf/0.1/knows",
        "object": "/sample-data/data-1971.json"
      }
    }
  ]
}