{
  "_id": "55ee5e44d028bbb78e8fff1d",
  "index": 131,
  "guid": "230a2fc5-d3af-4128-8ec4-bf73ef2d9559",
  "isActive": false,
  "balance": "$58,675.85",
  "picture": "http://placehold.it/32x32",
  "age": 70,
  "eyeColor": "blue",
  "name": "Molly Christensen",
  "gender": "female",
  "company": "PLEXIA",
  "email": "mollychristensen@plexia.com",
  "phone": "+1 (802) 494-2951",
  "address": "249 Nixon Court, Orick, South Dakota, 3511",
  "about": "Consectetur sint est irure irure laboris veniam nisi. Proident exercitation magna Lorem aute elit elit. Aliquip aliquip ea minim culpa et fugiat dolore eiusmod ea ad anim officia. Tempor amet fugiat amet dolor reprehenderit nostrud duis magna do. Anim dolore Lorem cupidatat minim fugiat et dolore ipsum.\r\n",
  "registered": "2014-03-09T06:27:15-07:00",
  "tags": [
    "veniam",
    "reprehenderit",
    "laborum",
    "exercitation",
    "pariatur",
    "ullamco",
    "aliqua"
  ],
  "friends": [
    {
      "id": 0,
      "name": "Ellison Blackwell"
    },
    {
      "id": 1,
      "name": "Osborn Boyd"
    },
    {
      "id": 2,
      "name": "Jacklyn Moran"
    }
  ],
  "greeting": "Hello, Molly Christensen! You have 7 unread messages.",
  "favoriteFruit": "banana",
  "location": {
    "latitude": 5.286738,
    "longitude": -52.853298
  },
  "docFormat": "json",
  "triples": [
    {
      "triple": {
        "subject": "/sample-data/data-131.json",
        "predicate": "http://www.w3.org/2000/01/rdf-schema#label",
        "object": "Molly Christensen"
      }
    },
    {
      "triple": {
        "subject": "/sample-data/data-131.json",
        "predicate": "http://www.w3.org/1999/02/22-rdf-syntax-ns#type",
        "object": "http://xmlns.com/foaf/0.1/Person"
      }
    },
    {
      "triple": {
        "subject": "/sample-data/data-131.json",
        "predicate": "http://xmlns.com/foaf/0.1/knows",
        "object": "/sample-data/data-2440.json"
      }
    },
    {
      "triple": {
        "subject": "/sample-data/data-131.json",
        "predicate": "http://xmlns.com/foaf/0.1/knows",
        "object": "/sample-data/data-2866.json"
      }
    },
    {
      "triple": {
        "subject": "/sample-data/data-131.json",
        "predicate": "http://xmlns.com/foaf/0.1/knows",
        "object": "/sample-data/data-1500.json"
      }
    }
  ]
}