{
  "_id": "55ee5e4584f57b75d0c75527",
  "index": 1533,
  "guid": "feb1d152-5a24-465c-b6eb-475986e49005",
  "isActive": false,
  "balance": "$87,548.85",
  "picture": "http://placehold.it/32x32",
  "age": 31,
  "eyeColor": "brown",
  "name": "Dona Ewing",
  "gender": "female",
  "company": "COMVERGES",
  "email": "donaewing@comverges.com",
  "phone": "+1 (921) 443-2090",
  "address": "576 Aurelia Court, Hayden, Wyoming, 4203",
  "about": "Irure incididunt laborum dolor proident ea dolor sit enim in excepteur. Non laborum ex reprehenderit non laborum sunt. Pariatur labore deserunt nisi tempor tempor. Velit irure sit minim ut ullamco labore amet ut dolor velit dolore pariatur culpa consequat.\r\n",
  "registered": "2015-06-14T09:25:47-07:00",
  "tags": [
    "cupidatat",
    "voluptate",
    "do",
    "magna",
    "est",
    "mollit",
    "eu"
  ],
  "friends": [
    {
      "id": 0,
      "name": "Antonia Sharpe"
    },
    {
      "id": 1,
      "name": "Shanna Stafford"
    },
    {
      "id": 2,
      "name": "Jenna Randolph"
    }
  ],
  "greeting": "Hello, Dona Ewing! You have 7 unread messages.",
  "favoriteFruit": "orange",
  "location": {
    "latitude": 19.238049,
    "longitude": -126.408412
  },
  "docFormat": "json",
  "triples": [
    {
      "triple": {
        "subject": "/sample-data/data-1533.json",
        "predicate": "http://www.w3.org/2000/01/rdf-schema#label",
        "object": "Dona Ewing"
      }
    },
    {
      "triple": {
        "subject": "/sample-data/data-1533.json",
        "predicate": "http://www.w3.org/1999/02/22-rdf-syntax-ns#type",
        "object": "http://xmlns.com/foaf/0.1/Person"
      }
    },
    {
      "triple": {
        "subject": "/sample-data/data-1533.json",
        "predicate": "http://xmlns.com/foaf/0.1/knows",
        "object": "/sample-data/data-2217.json"
      }
    },
    {
      "triple": {
        "subject": "/sample-data/data-1533.json",
        "predicate": "http://xmlns.com/foaf/0.1/knows",
        "object": "/sample-data/data-1707.json"
      }
    },
    {
      "triple": {
        "subject": "/sample-data/data-1533.json",
        "predicate": "http://xmlns.com/foaf/0.1/knows",
        "object": "/sample-data/data-1066.json"
      }
    }
  ]
}