{
  "_id": "55ee5e98aded7e1c62e3ed71",
  "index": 2915,
  "guid": "cfdf1ca3-2cc2-4e24-9abd-51b24e8937c9",
  "isActive": true,
  "balance": "$96,802.62",
  "picture": "http://placehold.it/32x32",
  "age": 60,
  "eyeColor": "green",
  "name": "Mcdaniel Pollard",
  "gender": "male",
  "company": "XIIX",
  "email": "mcdanielpollard@xiix.com",
  "phone": "+1 (899) 453-2056",
  "address": "562 Bedford Avenue, Gulf, Vermont, 5901",
  "about": "Adipisicing reprehenderit amet sint ad amet in do. Nisi nisi Lorem do dolore cupidatat aute. Mollit non Lorem eiusmod esse incididunt veniam velit commodo anim proident proident consequat ipsum. Eiusmod nostrud dolore reprehenderit proident dolore id consequat enim reprehenderit duis ad do proident proident. Laborum non irure cillum amet ipsum eiusmod. Elit exercitation excepteur ad Lorem consectetur est.\r\n",
  "registered": "2015-06-13T10:02:59-07:00",
  "tags": [
    "irure",
    "nulla",
    "aliqua",
    "do",
    "eu",
    "mollit",
    "culpa"
  ],
  "friends": [
    {
      "id": 0,
      "name": "Darla Peterson"
    },
    {
      "id": 1,
      "name": "Deidre Sosa"
    },
    {
      "id": 2,
      "name": "Jeri Gentry"
    }
  ],
  "greeting": "Hello, Mcdaniel Pollard! You have 2 unread messages.",
  "favoriteFruit": "strawberry",
  "location": {
    "latitude": -80.146437,
    "longitude": -152.211672
  },
  "docFormat": "json",
  "triples": [
    {
      "triple": {
        "subject": "/sample-data/data-2915.json",
        "predicate": "http://www.w3.org/2000/01/rdf-schema#label",
        "object": "Mcdaniel Pollard"
      }
    },
    {
      "triple": {
        "subject": "/sample-data/data-2915.json",
        "predicate": "http://www.w3.org/1999/02/22-rdf-syntax-ns#type",
        "object": "http://xmlns.com/foaf/0.1/Person"
      }
    },
    {
      "triple": {
        "subject": "/sample-data/data-2915.json",
        "predicate": "http://xmlns.com/foaf/0.1/knows",
        "object": "/sample-data/data-1085.json"
      }
    },
    {
      "triple": {
        "subject": "/sample-data/data-2915.json",
        "predicate": "http://xmlns.com/foaf/0.1/knows",
        "object": "/sample-data/data-130.json"
      }
    },
    {
      "triple": {
        "subject": "/sample-data/data-2915.json",
        "predicate": "http://xmlns.com/foaf/0.1/knows",
        "object": "/sample-data/data-155.json"
      }
    }
  ]
}