{
  "_id": "55ee5e453d72b2f36242937d",
  "index": 1513,
  "guid": "74272e37-1f26-4add-8212-75c2a5c474b7",
  "isActive": false,
  "balance": "$96,222.64",
  "picture": "http://placehold.it/32x32",
  "age": 22,
  "eyeColor": "green",
  "name": "Joan Boone",
  "gender": "female",
  "company": "LOTRON",
  "email": "joanboone@lotron.com",
  "phone": "+1 (807) 412-3829",
  "address": "992 Lake Street, Osmond, Ohio, 9125",
  "about": "Proident do laboris sint aliquip quis. Dolore cillum sit qui consectetur sint commodo eiusmod Lorem irure officia sint do anim amet. Tempor id esse non eu ex cillum ea commodo velit. Nisi mollit deserunt qui proident ad ut consectetur quis culpa. Voluptate laborum sint dolor voluptate exercitation consequat sint incididunt anim commodo minim. Nostrud et et sit pariatur et minim voluptate laborum. Eu ut pariatur labore culpa esse commodo anim nulla occaecat tempor.\r\n",
  "registered": "2015-01-08T02:29:17-07:00",
  "tags": [
    "anim",
    "cupidatat",
    "eiusmod",
    "aliquip",
    "et",
    "sunt",
    "est"
  ],
  "friends": [
    {
      "id": 0,
      "name": "Deena Hart"
    },
    {
      "id": 1,
      "name": "Vonda Hughes"
    },
    {
      "id": 2,
      "name": "Audra Fletcher"
    }
  ],
  "greeting": "Hello, Joan Boone! You have 3 unread messages.",
  "favoriteFruit": "banana",
  "location": {
    "latitude": -4.220483,
    "longitude": -67.206131
  },
  "docFormat": "json",
  "triples": [
    {
      "triple": {
        "subject": "/sample-data/data-1513.json",
        "predicate": "http://www.w3.org/2000/01/rdf-schema#label",
        "object": "Joan Boone"
      }
    },
    {
      "triple": {
        "subject": "/sample-data/data-1513.json",
        "predicate": "http://www.w3.org/1999/02/22-rdf-syntax-ns#type",
        "object": "http://xmlns.com/foaf/0.1/Person"
      }
    },
    {
      "triple": {
        "subject": "/sample-data/data-1513.json",
        "predicate": "http://xmlns.com/foaf/0.1/knows",
        "object": "/sample-data/data-336.json"
      }
    },
    {
      "triple": {
        "subject": "/sample-data/data-1513.json",
        "predicate": "http://xmlns.com/foaf/0.1/knows",
        "object": "/sample-data/data-2037.json"
      }
    },
    {
      "triple": {
        "subject": "/sample-data/data-1513.json",
        "predicate": "http://xmlns.com/foaf/0.1/knows",
        "object": "/sample-data/data-1277.json"
      }
    }
  ]
}