{
  "_id": "55ee5e446d4fdba5fe8fe1cf",
  "index": 717,
  "guid": "58c73c5c-ebdb-4e2a-8163-482dd44a9105",
  "isActive": true,
  "balance": "$43,797.37",
  "picture": "http://placehold.it/32x32",
  "age": 33,
  "eyeColor": "green",
  "name": "Phoebe Gonzales",
  "gender": "female",
  "company": "NEBULEAN",
  "email": "phoebegonzales@nebulean.com",
  "phone": "+1 (902) 522-2571",
  "address": "380 Pine Street, Brownsville, Guam, 3549",
  "about": "Tempor sint aute id nulla minim est sit commodo amet occaecat nostrud incididunt cillum. Irure laborum irure ut laboris nisi. Deserunt minim ad ullamco cupidatat anim nulla adipisicing mollit enim tempor minim. Cillum esse reprehenderit in ipsum in est proident aliquip laboris consequat aute laboris.\r\n",
  "registered": "2015-04-22T06:47:29-07:00",
  "tags": [
    "fugiat",
    "id",
    "consectetur",
    "adipisicing",
    "dolore",
    "ea",
    "incididunt"
  ],
  "friends": [
    {
      "id": 0,
      "name": "Kate Floyd"
    },
    {
      "id": 1,
      "name": "Pollard Rose"
    },
    {
      "id": 2,
      "name": "Georgette Hyde"
    }
  ],
  "greeting": "Hello, Phoebe Gonzales! You have 3 unread messages.",
  "favoriteFruit": "orange",
  "location": {
    "latitude": 29.917118,
    "longitude": 99.364084
  },
  "docFormat": "json",
  "triples": [
    {
      "triple": {
        "subject": "/sample-data/data-717.json",
        "predicate": "http://www.w3.org/2000/01/rdf-schema#label",
        "object": "Phoebe Gonzales"
      }
    },
    {
      "triple": {
        "subject": "/sample-data/data-717.json",
        "predicate": "http://www.w3.org/1999/02/22-rdf-syntax-ns#type",
        "object": "http://xmlns.com/foaf/0.1/Person"
      }
    },
    {
      "triple": {
        "subject": "/sample-data/data-717.json",
        "predicate": "http://xmlns.com/foaf/0.1/knows",
        "object": "/sample-data/data-1544.json"
      }
    },
    {
      "triple": {
        "subject": "/sample-data/data-717.json",
        "predicate": "http://xmlns.com/foaf/0.1/knows",
        "object": "/sample-data/data-863.json"
      }
    },
    {
      "triple": {
        "subject": "/sample-data/data-717.json",
        "predicate": "http://xmlns.com/foaf/0.1/knows",
        "object": "/sample-data/data-230.json"
      }
    }
  ]
}