{
  "_id": "55ee5e45d34ffa4414b6d3b9",
  "index": 1565,
  "guid": "0af26924-dcf1-4f14-885a-d95f89b96da5",
  "isActive": false,
  "balance": "$34,784.50",
  "picture": "http://placehold.it/32x32",
  "age": 60,
  "eyeColor": "brown",
  "name": "Francine Juarez",
  "gender": "female",
  "company": "GEEKUS",
  "email": "francinejuarez@geekus.com",
  "phone": "+1 (839) 434-3854",
  "address": "227 Gerritsen Avenue, Evergreen, Pennsylvania, 8352",
  "about": "Ipsum adipisicing occaecat irure anim aute nostrud commodo nulla quis quis adipisicing amet aliquip esse. Cupidatat adipisicing pariatur laborum Lorem et consequat culpa minim nisi mollit magna eiusmod nisi do. Consectetur deserunt Lorem adipisicing anim duis laborum voluptate eiusmod ut ad anim ex. Ullamco excepteur et proident cupidatat fugiat nulla mollit ullamco amet Lorem proident minim. Ullamco aute nulla laboris Lorem esse sint Lorem velit aliquip ex labore Lorem in. Ad voluptate esse officia et duis incididunt cillum excepteur eiusmod exercitation do et consectetur.\r\n",
  "registered": "2015-01-24T05:43:45-07:00",
  "tags": [
    "proident",
    "eiusmod",
    "aute",
    "eu",
    "nostrud",
    "ut",
    "in"
  ],
  "friends": [
    {
      "id": 0,
      "name": "Lindsey Bradford"
    },
    {
      "id": 1,
      "name": "Phyllis Head"
    },
    {
      "id": 2,
      "name": "Jennings Bennett"
    }
  ],
  "greeting": "Hello, Francine Juarez! You have 9 unread messages.",
  "favoriteFruit": "strawberry",
  "location": {
    "latitude": 75.497472,
    "longitude": -76.917361
  },
  "docFormat": "json",
  "triples": [
    {
      "triple": {
        "subject": "/sample-data/data-1565.json",
        "predicate": "http://www.w3.org/2000/01/rdf-schema#label",
        "object": "Francine Juarez"
      }
    },
    {
      "triple": {
        "subject": "/sample-data/data-1565.json",
        "predicate": "http://www.w3.org/1999/02/22-rdf-syntax-ns#type",
        "object": "http://xmlns.com/foaf/0.1/Person"
      }
    },
    {
      "triple": {
        "subject": "/sample-data/data-1565.json",
        "predicate": "http://xmlns.com/foaf/0.1/knows",
        "object": "/sample-data/data-1091.json"
      }
    },
    {
      "triple": {
        "subject": "/sample-data/data-1565.json",
        "predicate": "http://xmlns.com/foaf/0.1/knows",
        "object": "/sample-data/data-654.json"
      }
    },
    {
      "triple": {
        "subject": "/sample-data/data-1565.json",
        "predicate": "http://xmlns.com/foaf/0.1/knows",
        "object": "/sample-data/data-306.json"
      }
    }
  ]
}