{
  "_id": "55ee5e44536bf412ccf4f3f0",
  "index": 977,
  "guid": "05809a65-8aa0-4023-9a43-5729327f110f",
  "isActive": true,
  "balance": "$37,731.57",
  "picture": "http://placehold.it/32x32",
  "age": 52,
  "eyeColor": "green",
  "name": "Gloria Marsh",
  "gender": "female",
  "company": "SNORUS",
  "email": "gloriamarsh@snorus.com",
  "phone": "+1 (920) 442-3795",
  "address": "732 Kathleen Court, Thornport, South Carolina, 5641",
  "about": "Ipsum sunt ex quis fugiat nostrud. Laboris laboris anim incididunt dolore fugiat ut. Ullamco incididunt ut qui officia ullamco nulla.\r\n",
  "registered": "2014-03-01T11:46:25-07:00",
  "tags": [
    "consectetur",
    "laborum",
    "labore",
    "id",
    "velit",
    "labore",
    "mollit"
  ],
  "friends": [
    {
      "id": 0,
      "name": "Mcdonald Roman"
    },
    {
      "id": 1,
      "name": "Dominguez Solomon"
    },
    {
      "id": 2,
      "name": "Ewing Klein"
    }
  ],
  "greeting": "Hello, Gloria Marsh! You have 4 unread messages.",
  "favoriteFruit": "orange",
  "location": {
    "latitude": 51.316611,
    "longitude": -173.4468
  },
  "docFormat": "json",
  "triples": [
    {
      "triple": {
        "subject": "/sample-data/data-977.json",
        "predicate": "http://www.w3.org/2000/01/rdf-schema#label",
        "object": "Gloria Marsh"
      }
    },
    {
      "triple": {
        "subject": "/sample-data/data-977.json",
        "predicate": "http://www.w3.org/1999/02/22-rdf-syntax-ns#type",
        "object": "http://xmlns.com/foaf/0.1/Person"
      }
    },
    {
      "triple": {
        "subject": "/sample-data/data-977.json",
        "predicate": "http://xmlns.com/foaf/0.1/knows",
        "object": "/sample-data/data-2042.json"
      }
    },
    {
      "triple": {
        "subject": "/sample-data/data-977.json",
        "predicate": "http://xmlns.com/foaf/0.1/knows",
        "object": "/sample-data/data-314.json"
      }
    },
    {
      "triple": {
        "subject": "/sample-data/data-977.json",
        "predicate": "http://xmlns.com/foaf/0.1/knows",
        "object": "/sample-data/data-110.json"
      }
    }
  ]
}