{
  "_id": "55ee5e45448511bd8a8c257b",
  "index": 1524,
  "guid": "6b9b0939-3bcd-4f27-be1b-552d72029911",
  "isActive": true,
  "balance": "$35,085.90",
  "picture": "http://placehold.it/32x32",
  "age": 68,
  "eyeColor": "green",
  "name": "Antoinette Payne",
  "gender": "female",
  "company": "UTARIAN",
  "email": "antoinettepayne@utarian.com",
  "phone": "+1 (830) 555-3821",
  "address": "329 Cumberland Walk, Kennedyville, Arkansas, 1500",
  "about": "Incididunt ex eu mollit non incididunt commodo consectetur qui amet elit. Ullamco non ullamco Lorem velit sit amet velit eiusmod quis. Sint dolore mollit non elit tempor consectetur mollit voluptate nostrud ad. Pariatur do sit cupidatat cillum ad velit anim irure non nulla ea labore. Consectetur voluptate laborum consequat dolor sint irure anim. Amet veniam sint occaecat adipisicing mollit eu incididunt amet laborum. Nostrud do excepteur sint nisi quis occaecat amet sunt dolore ad pariatur ea id.\r\n",
  "registered": "2015-01-02T09:57:28-07:00",
  "tags": [
    "consectetur",
    "tempor",
    "nostrud",
    "labore",
    "non",
    "irure",
    "ea"
  ],
  "friends": [
    {
      "id": 0,
      "name": "Lawson Cooper"
    },
    {
      "id": 1,
      "name": "Alissa Webster"
    },
    {
      "id": 2,
      "name": "Tina Lang"
    }
  ],
  "greeting": "Hello, Antoinette Payne! You have 5 unread messages.",
  "favoriteFruit": "strawberry",
  "location": {
    "latitude": 74.579819,
    "longitude": -40.370603
  },
  "docFormat": "json",
  "triples": [
    {
      "triple": {
        "subject": "/sample-data/data-1524.json",
        "predicate": "http://www.w3.org/2000/01/rdf-schema#label",
        "object": "Antoinette Payne"
      }
    },
    {
      "triple": {
        "subject": "/sample-data/data-1524.json",
        "predicate": "http://www.w3.org/1999/02/22-rdf-syntax-ns#type",
        "object": "http://xmlns.com/foaf/0.1/Person"
      }
    },
    {
      "triple": {
        "subject": "/sample-data/data-1524.json",
        "predicate": "http://xmlns.com/foaf/0.1/knows",
        "object": "/sample-data/data-448.json"
      }
    },
    {
      "triple": {
        "subject": "/sample-data/data-1524.json",
        "predicate": "http://xmlns.com/foaf/0.1/knows",
        "object": "/sample-data/data-886.json"
      }
    },
    {
      "triple": {
        "subject": "/sample-data/data-1524.json",
        "predicate": "http://xmlns.com/foaf/0.1/knows",
        "object": "/sample-data/data-893.json"
      }
    }
  ]
}