{
  "_id": "55ee5e44311feb565cd4113c",
  "index": 557,
  "guid": "1790915a-81f6-4f58-af0a-85d828cbe336",
  "isActive": false,
  "balance": "$40,695.69",
  "picture": "http://placehold.it/32x32",
  "age": 37,
  "eyeColor": "brown",
  "name": "Josie Orr",
  "gender": "female",
  "company": "NAMEBOX",
  "email": "josieorr@namebox.com",
  "phone": "+1 (917) 409-3678",
  "address": "833 Fillmore Place, Bannock, Rhode Island, 2349",
  "about": "Adipisicing sit elit aliquip commodo incididunt incididunt occaecat aliqua laborum aute nostrud eu sunt est. Excepteur ullamco do minim minim minim dolore nostrud pariatur exercitation cillum. Incididunt eiusmod ipsum cillum labore pariatur irure ullamco eiusmod incididunt aute et. Veniam Lorem deserunt dolor nulla pariatur consequat minim proident qui adipisicing sunt laboris aliqua ex. Laborum eu fugiat ullamco elit magna dolore incididunt. Voluptate non et nisi do aliquip laborum Lorem. Velit pariatur occaecat deserunt exercitation dolor dolor ut laborum nostrud ad dolor enim.\r\n",
  "registered": "2014-10-30T05:37:28-07:00",
  "tags": [
    "aliqua",
    "est",
    "aute",
    "eu",
    "irure",
    "commodo",
    "laboris"
  ],
  "friends": [
    {
      "id": 0,
      "name": "Elsa Saunders"
    },
    {
      "id": 1,
      "name": "Roach Martin"
    },
    {
      "id": 2,
      "name": "Joann Cline"
    }
  ],
  "greeting": "Hello, Josie Orr! You have 3 unread messages.",
  "favoriteFruit": "orange",
  "location": {
    "latitude": -7.209637,
    "longitude": 164.124824
  },
  "docFormat": "json",
  "triples": [
    {
      "triple": {
        "subject": "/sample-data/data-557.json",
        "predicate": "http://www.w3.org/2000/01/rdf-schema#label",
        "object": "Josie Orr"
      }
    },
    {
      "triple": {
        "subject": "/sample-data/data-557.json",
        "predicate": "http://www.w3.org/1999/02/22-rdf-syntax-ns#type",
        "object": "http://xmlns.com/foaf/0.1/Person"
      }
    },
    {
      "triple": {
        "subject": "/sample-data/data-557.json",
        "predicate": "http://xmlns.com/foaf/0.1/knows",
        "object": "/sample-data/data-1196.json"
      }
    },
    {
      "triple": {
        "subject": "/sample-data/data-557.json",
        "predicate": "http://xmlns.com/foaf/0.1/knows",
        "object": "/sample-data/data-1784.json"
      }
    },
    {
      "triple": {
        "subject": "/sample-data/data-557.json",
        "predicate": "http://xmlns.com/foaf/0.1/knows",
        "object": "/sample-data/data-611.json"
      }
    }
  ]
}