{
  "_id": "55ee5e98ece5e74e13892ded",
  "index": 2295,
  "guid": "a80a9c59-cd24-4af8-9266-80c047185234",
  "isActive": false,
  "balance": "$22,416.15",
  "picture": "http://placehold.it/32x32",
  "age": 39,
  "eyeColor": "brown",
  "name": "Terry Cortez",
  "gender": "male",
  "company": "DEEPENDS",
  "email": "terrycortez@deepends.com",
  "phone": "+1 (977) 527-3822",
  "address": "928 Lincoln Avenue, Guthrie, Pennsylvania, 5516",
  "about": "Consectetur consequat non sit cupidatat pariatur aliqua anim ullamco qui. Reprehenderit quis minim reprehenderit pariatur. Dolore magna ullamco consectetur adipisicing ullamco nisi. Irure officia veniam do ex in. Eiusmod anim nostrud sit eu est nostrud cillum nisi culpa ea.\r\n",
  "registered": "2014-11-19T01:22:17-07:00",
  "tags": [
    "exercitation",
    "occaecat",
    "laboris",
    "laborum",
    "sit",
    "nulla",
    "nisi"
  ],
  "friends": [
    {
      "id": 0,
      "name": "Haley Christensen"
    },
    {
      "id": 1,
      "name": "Doyle Camacho"
    },
    {
      "id": 2,
      "name": "Holland Galloway"
    }
  ],
  "greeting": "Hello, Terry Cortez! You have 7 unread messages.",
  "favoriteFruit": "pear",
  "location": {
    "latitude": -51.245115,
    "longitude": -169.029818
  },
  "docFormat": "json",
  "triples": [
    {
      "triple": {
        "subject": "/sample-data/data-2295.json",
        "predicate": "http://www.w3.org/2000/01/rdf-schema#label",
        "object": "Terry Cortez"
      }
    },
    {
      "triple": {
        "subject": "/sample-data/data-2295.json",
        "predicate": "http://www.w3.org/1999/02/22-rdf-syntax-ns#type",
        "object": "http://xmlns.com/foaf/0.1/Person"
      }
    },
    {
      "triple": {
        "subject": "/sample-data/data-2295.json",
        "predicate": "http://xmlns.com/foaf/0.1/knows",
        "object": "/sample-data/data-2308.json"
      }
    },
    {
      "triple": {
        "subject": "/sample-data/data-2295.json",
        "predicate": "http://xmlns.com/foaf/0.1/knows",
        "object": "/sample-data/data-448.json"
      }
    },
    {
      "triple": {
        "subject": "/sample-data/data-2295.json",
        "predicate": "http://xmlns.com/foaf/0.1/knows",
        "object": "/sample-data/data-1594.json"
      }
    }
  ]
}