{
  "_id": "55ee5e4484174eb1458e4a40",
  "index": 1498,
  "guid": "d73293e2-30ef-4981-840d-5563e863332a",
  "isActive": false,
  "balance": "$17,677.42",
  "picture": "http://placehold.it/32x32",
  "age": 37,
  "eyeColor": "green",
  "name": "Kristina Barlow",
  "gender": "female",
  "company": "GONKLE",
  "email": "kristinabarlow@gonkle.com",
  "phone": "+1 (852) 528-3902",
  "address": "529 Vandervoort Avenue, Elizaville, North Dakota, 210",
  "about": "Labore enim sit ipsum ea occaecat nisi. Pariatur cupidatat aute elit ipsum voluptate. Reprehenderit consectetur anim deserunt consectetur ut esse ad dolor esse et qui. Eu voluptate ad fugiat fugiat duis officia nostrud nulla adipisicing. Nulla Lorem velit in ullamco. Nostrud fugiat est nulla ea magna dolore veniam non commodo ipsum ad veniam sunt incididunt.\r\n",
  "registered": "2015-08-02T08:58:03-07:00",
  "tags": [
    "aute",
    "adipisicing",
    "occaecat",
    "id",
    "culpa",
    "consequat",
    "amet"
  ],
  "friends": [
    {
      "id": 0,
      "name": "Burt Decker"
    },
    {
      "id": 1,
      "name": "Chavez Schultz"
    },
    {
      "id": 2,
      "name": "Curry Rutledge"
    }
  ],
  "greeting": "Hello, Kristina Barlow! You have 4 unread messages.",
  "favoriteFruit": "orange",
  "location": {
    "latitude": -37.13823,
    "longitude": -129.359291
  },
  "docFormat": "json",
  "triples": [
    {
      "triple": {
        "subject": "/sample-data/data-1498.json",
        "predicate": "http://www.w3.org/2000/01/rdf-schema#label",
        "object": "Kristina Barlow"
      }
    },
    {
      "triple": {
        "subject": "/sample-data/data-1498.json",
        "predicate": "http://www.w3.org/1999/02/22-rdf-syntax-ns#type",
        "object": "http://xmlns.com/foaf/0.1/Person"
      }
    },
    {
      "triple": {
        "subject": "/sample-data/data-1498.json",
        "predicate": "http://xmlns.com/foaf/0.1/knows",
        "object": "/sample-data/data-435.json"
      }
    },
    {
      "triple": {
        "subject": "/sample-data/data-1498.json",
        "predicate": "http://xmlns.com/foaf/0.1/knows",
        "object": "/sample-data/data-2038.json"
      }
    },
    {
      "triple": {
        "subject": "/sample-data/data-1498.json",
        "predicate": "http://xmlns.com/foaf/0.1/knows",
        "object": "/sample-data/data-395.json"
      }
    }
  ]
}