{
  "_id": "55ee5e9873ab79601077f310",
  "index": 2391,
  "guid": "96f07b86-19ca-4754-b412-30475897a911",
  "isActive": true,
  "balance": "$86,880.80",
  "picture": "http://placehold.it/32x32",
  "age": 60,
  "eyeColor": "honey",
  "name": "Fuentes Mayo",
  "gender": "male",
  "company": "HOPELI",
  "email": "fuentesmayo@hopeli.com",
  "phone": "+1 (929) 525-3420",
  "address": "453 Danforth Street, Walker, Wisconsin, 7049",
  "about": "Aliquip ullamco aliquip dolore culpa reprehenderit reprehenderit laboris est nisi dolore consequat sint fugiat ipsum. Laborum irure sint aliquip proident laboris. Excepteur anim et id quis reprehenderit eiusmod minim magna fugiat eiusmod incididunt. Ad sit culpa exercitation dolore ea amet eu fugiat id eiusmod dolore cillum aliqua. Consequat dolor magna excepteur ullamco laborum proident ea anim nisi. Sunt dolor veniam mollit mollit voluptate incididunt quis in laboris laborum nulla in Lorem.\r\n",
  "registered": "2015-01-10T04:26:12-07:00",
  "tags": [
    "ullamco",
    "velit",
    "id",
    "Lorem",
    "ex",
    "culpa",
    "ea"
  ],
  "friends": [
    {
      "id": 0,
      "name": "Shepard Hoover"
    },
    {
      "id": 1,
      "name": "Sweet Russo"
    },
    {
      "id": 2,
      "name": "Pearl Robinson"
    }
  ],
  "greeting": "Hello, Fuentes Mayo! You have 3 unread messages.",
  "favoriteFruit": "pear",
  "location": {
    "latitude": 70.278786,
    "longitude": 21.421059
  },
  "docFormat": "json",
  "triples": [
    {
      "triple": {
        "subject": "/sample-data/data-2391.json",
        "predicate": "http://www.w3.org/2000/01/rdf-schema#label",
        "object": "Fuentes Mayo"
      }
    },
    {
      "triple": {
        "subject": "/sample-data/data-2391.json",
        "predicate": "http://www.w3.org/1999/02/22-rdf-syntax-ns#type",
        "object": "http://xmlns.com/foaf/0.1/Person"
      }
    },
    {
      "triple": {
        "subject": "/sample-data/data-2391.json",
        "predicate": "http://xmlns.com/foaf/0.1/knows",
        "object": "/sample-data/data-2085.json"
      }
    },
    {
      "triple": {
        "subject": "/sample-data/data-2391.json",
        "predicate": "http://xmlns.com/foaf/0.1/knows",
        "object": "/sample-data/data-2353.json"
      }
    },
    {
      "triple": {
        "subject": "/sample-data/data-2391.json",
        "predicate": "http://xmlns.com/foaf/0.1/knows",
        "object": "/sample-data/data-1853.json"
      }
    }
  ]
}