{
  "_id": "55ee5e44d0d992bff463e09d",
  "index": 1318,
  "guid": "4ae51de5-8513-4f1e-87c3-b1700788a849",
  "isActive": false,
  "balance": "$16,624.46",
  "picture": "http://placehold.it/32x32",
  "age": 52,
  "eyeColor": "blue",
  "name": "Casey Hahn",
  "gender": "female",
  "company": "THREDZ",
  "email": "caseyhahn@thredz.com",
  "phone": "+1 (997) 515-3111",
  "address": "665 Hewes Street, Alderpoint, Massachusetts, 4860",
  "about": "Velit in laboris consequat cupidatat. Consequat commodo nostrud aliqua do. Dolor eu laborum qui labore cupidatat eiusmod voluptate proident amet. Commodo non sint cillum ipsum do eiusmod quis officia eu incididunt.\r\n",
  "registered": "2015-07-01T02:18:08-07:00",
  "tags": [
    "Lorem",
    "duis",
    "Lorem",
    "do",
    "aliquip",
    "dolor",
    "Lorem"
  ],
  "friends": [
    {
      "id": 0,
      "name": "Katina Hayes"
    },
    {
      "id": 1,
      "name": "Darlene Williams"
    },
    {
      "id": 2,
      "name": "Michele Gallagher"
    }
  ],
  "greeting": "Hello, Casey Hahn! You have 6 unread messages.",
  "favoriteFruit": "banana",
  "location": {
    "latitude": 39.15411,
    "longitude": -171.923371
  },
  "docFormat": "json",
  "triples": [
    {
      "triple": {
        "subject": "/sample-data/data-1318.json",
        "predicate": "http://www.w3.org/2000/01/rdf-schema#label",
        "object": "Casey Hahn"
      }
    },
    {
      "triple": {
        "subject": "/sample-data/data-1318.json",
        "predicate": "http://www.w3.org/1999/02/22-rdf-syntax-ns#type",
        "object": "http://xmlns.com/foaf/0.1/Person"
      }
    },
    {
      "triple": {
        "subject": "/sample-data/data-1318.json",
        "predicate": "http://xmlns.com/foaf/0.1/knows",
        "object": "/sample-data/data-787.json"
      }
    },
    {
      "triple": {
        "subject": "/sample-data/data-1318.json",
        "predicate": "http://xmlns.com/foaf/0.1/knows",
        "object": "/sample-data/data-1976.json"
      }
    },
    {
      "triple": {
        "subject": "/sample-data/data-1318.json",
        "predicate": "http://xmlns.com/foaf/0.1/knows",
        "object": "/sample-data/data-960.json"
      }
    }
  ]
}