{
  "_id": "55ee5e986a154b7ca2c87e75",
  "index": 2893,
  "guid": "88821bf9-ac49-4fe8-8eef-adcd1823bf75",
  "isActive": true,
  "balance": "$79,186.62",
  "picture": "http://placehold.it/32x32",
  "age": 43,
  "eyeColor": "green",
  "name": "Black Simon",
  "gender": "male",
  "company": "CYTREK",
  "email": "blacksimon@cytrek.com",
  "phone": "+1 (883) 509-3319",
  "address": "719 Townsend Street, Benson, Arkansas, 4932",
  "about": "Velit nisi veniam duis aliqua occaecat laborum commodo adipisicing. Ex fugiat in aliqua elit nostrud qui et. Fugiat mollit minim ad esse dolor sit Lorem et esse pariatur mollit occaecat. Voluptate aliquip aute id non laborum et.\r\n",
  "registered": "2015-05-15T04:23:11-07:00",
  "tags": [
    "anim",
    "sint",
    "fugiat",
    "veniam",
    "id",
    "reprehenderit",
    "laboris"
  ],
  "friends": [
    {
      "id": 0,
      "name": "Hannah Shaffer"
    },
    {
      "id": 1,
      "name": "Meredith Frost"
    },
    {
      "id": 2,
      "name": "Rita Small"
    }
  ],
  "greeting": "Hello, Black Simon! You have 8 unread messages.",
  "favoriteFruit": "orange",
  "location": {
    "latitude": 22.036279,
    "longitude": -7.728675
  },
  "docFormat": "json",
  "triples": [
    {
      "triple": {
        "subject": "/sample-data/data-2893.json",
        "predicate": "http://www.w3.org/2000/01/rdf-schema#label",
        "object": "Black Simon"
      }
    },
    {
      "triple": {
        "subject": "/sample-data/data-2893.json",
        "predicate": "http://www.w3.org/1999/02/22-rdf-syntax-ns#type",
        "object": "http://xmlns.com/foaf/0.1/Person"
      }
    },
    {
      "triple": {
        "subject": "/sample-data/data-2893.json",
        "predicate": "http://xmlns.com/foaf/0.1/knows",
        "object": "/sample-data/data-1818.json"
      }
    },
    {
      "triple": {
        "subject": "/sample-data/data-2893.json",
        "predicate": "http://xmlns.com/foaf/0.1/knows",
        "object": "/sample-data/data-1377.json"
      }
    },
    {
      "triple": {
        "subject": "/sample-data/data-2893.json",
        "predicate": "http://xmlns.com/foaf/0.1/knows",
        "object": "/sample-data/data-1132.json"
      }
    }
  ]
}