{
  "_id": "55ee5e44866cd61dc21ee52d",
  "index": 279,
  "guid": "1fc95475-2ba6-42c7-81f9-608c2f21201e",
  "isActive": true,
  "balance": "$93,525.52",
  "picture": "http://placehold.it/32x32",
  "age": 20,
  "eyeColor": "blue",
  "name": "Drake Hunt",
  "gender": "male",
  "company": "TEMORAK",
  "email": "drakehunt@temorak.com",
  "phone": "+1 (883) 599-3692",
  "address": "213 Fleet Walk, Wikieup, Michigan, 7197",
  "about": "Deserunt proident laborum tempor aliquip consectetur aliqua fugiat. Officia tempor veniam esse ut id ex culpa anim tempor deserunt. Excepteur esse adipisicing proident proident excepteur aute officia ut elit est. Ullamco id cillum incididunt commodo et adipisicing sint do Lorem officia. Irure exercitation occaecat velit fugiat commodo eu sit magna sunt sit Lorem in. Sint culpa occaecat sit anim sint ex in dolor id.\r\n",
  "registered": "2014-08-25T03:38:53-07:00",
  "tags": [
    "dolore",
    "aliqua",
    "laboris",
    "elit",
    "minim",
    "sit",
    "mollit"
  ],
  "friends": [
    {
      "id": 0,
      "name": "Holland Wiggins"
    },
    {
      "id": 1,
      "name": "Hahn Garcia"
    },
    {
      "id": 2,
      "name": "Pat Hawkins"
    }
  ],
  "greeting": "Hello, Drake Hunt! You have 4 unread messages.",
  "favoriteFruit": "banana",
  "location": {
    "latitude": 50.560113,
    "longitude": -21.419634
  },
  "docFormat": "json",
  "triples": [
    {
      "triple": {
        "subject": "/sample-data/data-279.json",
        "predicate": "http://www.w3.org/2000/01/rdf-schema#label",
        "object": "Drake Hunt"
      }
    },
    {
      "triple": {
        "subject": "/sample-data/data-279.json",
        "predicate": "http://www.w3.org/1999/02/22-rdf-syntax-ns#type",
        "object": "http://xmlns.com/foaf/0.1/Person"
      }
    },
    {
      "triple": {
        "subject": "/sample-data/data-279.json",
        "predicate": "http://xmlns.com/foaf/0.1/knows",
        "object": "/sample-data/data-678.json"
      }
    },
    {
      "triple": {
        "subject": "/sample-data/data-279.json",
        "predicate": "http://xmlns.com/foaf/0.1/knows",
        "object": "/sample-data/data-1006.json"
      }
    },
    {
      "triple": {
        "subject": "/sample-data/data-279.json",
        "predicate": "http://xmlns.com/foaf/0.1/knows",
        "object": "/sample-data/data-1316.json"
      }
    }
  ]
}