{
  "_id": "55ee5e456299301d980aaff0",
  "index": 1913,
  "guid": "a587f4b6-20b6-46b6-aab8-da654fde5349",
  "isActive": false,
  "balance": "$30,768.53",
  "picture": "http://placehold.it/32x32",
  "age": 43,
  "eyeColor": "green",
  "name": "Kasey Lyons",
  "gender": "female",
  "company": "CONFERIA",
  "email": "kaseylyons@conferia.com",
  "phone": "+1 (831) 421-2259",
  "address": "135 Prospect Avenue, Hollins, Pennsylvania, 3392",
  "about": "Sunt anim occaecat enim proident cupidatat adipisicing. Nulla et id laborum enim amet. Aute eu cupidatat cillum id mollit ea officia officia quis consequat. Ullamco excepteur eu deserunt veniam sunt adipisicing dolore exercitation laboris non eu.\r\n",
  "registered": "2015-05-07T06:00:26-07:00",
  "tags": [
    "commodo",
    "veniam",
    "nostrud",
    "eiusmod",
    "esse",
    "enim",
    "elit"
  ],
  "friends": [
    {
      "id": 0,
      "name": "Bolton Morton"
    },
    {
      "id": 1,
      "name": "Sparks Duran"
    },
    {
      "id": 2,
      "name": "Miranda Clarke"
    }
  ],
  "greeting": "Hello, Kasey Lyons! You have 3 unread messages.",
  "favoriteFruit": "apple",
  "location": {
    "latitude": 42.414417,
    "longitude": 21.806228
  },
  "docFormat": "json",
  "triples": [
    {
      "triple": {
        "subject": "/sample-data/data-1913.json",
        "predicate": "http://www.w3.org/2000/01/rdf-schema#label",
        "object": "Kasey Lyons"
      }
    },
    {
      "triple": {
        "subject": "/sample-data/data-1913.json",
        "predicate": "http://www.w3.org/1999/02/22-rdf-syntax-ns#type",
        "object": "http://xmlns.com/foaf/0.1/Person"
      }
    },
    {
      "triple": {
        "subject": "/sample-data/data-1913.json",
        "predicate": "http://xmlns.com/foaf/0.1/knows",
        "object": "/sample-data/data-1203.json"
      }
    },
    {
      "triple": {
        "subject": "/sample-data/data-1913.json",
        "predicate": "http://xmlns.com/foaf/0.1/knows",
        "object": "/sample-data/data-2618.json"
      }
    },
    {
      "triple": {
        "subject": "/sample-data/data-1913.json",
        "predicate": "http://xmlns.com/foaf/0.1/knows",
        "object": "/sample-data/data-2635.json"
      }
    }
  ]
}