{
  "_id": "55ee5e45708d4b0186d59ad4",
  "index": 1877,
  "guid": "22d0c471-0b03-4e57-9fb1-c84c0ac07c78",
  "isActive": false,
  "balance": "$87,188.25",
  "picture": "http://placehold.it/32x32",
  "age": 46,
  "eyeColor": "blue",
  "name": "Bernadine Whitney",
  "gender": "female",
  "company": "ZILLACTIC",
  "email": "bernadinewhitney@zillactic.com",
  "phone": "+1 (976) 539-2148",
  "address": "194 Locust Street, Newkirk, Guam, 7253",
  "about": "Lorem ea duis sint et et ad nostrud eiusmod esse est commodo et laborum. Veniam laboris ad anim enim labore in irure eiusmod veniam enim. Lorem est ad fugiat sunt mollit do nulla aliquip enim est. Exercitation ex amet occaecat veniam exercitation pariatur consectetur laborum. Enim sit voluptate ad qui elit duis sit.\r\n",
  "registered": "2014-12-14T01:59:09-07:00",
  "tags": [
    "sint",
    "do",
    "do",
    "ad",
    "nisi",
    "proident",
    "et"
  ],
  "friends": [
    {
      "id": 0,
      "name": "Colon Forbes"
    },
    {
      "id": 1,
      "name": "Simon Leon"
    },
    {
      "id": 2,
      "name": "Rush Smith"
    }
  ],
  "greeting": "Hello, Bernadine Whitney! You have 10 unread messages.",
  "favoriteFruit": "orange",
  "location": {
    "latitude": 85.695201,
    "longitude": 98.392608
  },
  "docFormat": "json",
  "triples": [
    {
      "triple": {
        "subject": "/sample-data/data-1877.json",
        "predicate": "http://www.w3.org/2000/01/rdf-schema#label",
        "object": "Bernadine Whitney"
      }
    },
    {
      "triple": {
        "subject": "/sample-data/data-1877.json",
        "predicate": "http://www.w3.org/1999/02/22-rdf-syntax-ns#type",
        "object": "http://xmlns.com/foaf/0.1/Person"
      }
    },
    {
      "triple": {
        "subject": "/sample-data/data-1877.json",
        "predicate": "http://xmlns.com/foaf/0.1/knows",
        "object": "/sample-data/data-1628.json"
      }
    },
    {
      "triple": {
        "subject": "/sample-data/data-1877.json",
        "predicate": "http://xmlns.com/foaf/0.1/knows",
        "object": "/sample-data/data-1782.json"
      }
    },
    {
      "triple": {
        "subject": "/sample-data/data-1877.json",
        "predicate": "http://xmlns.com/foaf/0.1/knows",
        "object": "/sample-data/data-2486.json"
      }
    }
  ]
}