{
  "_id": "55ee5e983d5837306fb6e982",
  "index": 2016,
  "guid": "f2a608cf-897f-431e-9552-3f01faba6470",
  "isActive": true,
  "balance": "$92,227.90",
  "picture": "http://placehold.it/32x32",
  "age": 58,
  "eyeColor": "gray",
  "name": "Hooper Young",
  "gender": "male",
  "company": "FANFARE",
  "email": "hooperyoung@fanfare.com",
  "phone": "+1 (966) 521-3967",
  "address": "337 Willoughby Avenue, Dunlo, Minnesota, 613",
  "about": "Quis ea exercitation proident adipisicing elit veniam officia ad deserunt. Dolore do tempor reprehenderit consequat. Cupidatat duis ex amet excepteur veniam sint dolore officia dolor exercitation. Fugiat ullamco veniam do veniam aute cillum id. Cillum mollit irure magna enim ea ad cillum deserunt qui aliquip aute incididunt dolor nostrud. Ad labore exercitation enim incididunt.\r\n",
  "registered": "2014-03-30T10:44:49-07:00",
  "tags": [
    "laboris",
    "ea",
    "nisi",
    "dolore",
    "duis",
    "enim",
    "irure"
  ],
  "friends": [
    {
      "id": 0,
      "name": "Humphrey Haley"
    },
    {
      "id": 1,
      "name": "Gena Oliver"
    },
    {
      "id": 2,
      "name": "Callahan Whitfield"
    }
  ],
  "greeting": "Hello, Hooper Young! You have 7 unread messages.",
  "favoriteFruit": "apple",
  "location": {
    "latitude": 47.924403,
    "longitude": -85.26619
  },
  "docFormat": "json",
  "triples": [
    {
      "triple": {
        "subject": "/sample-data/data-2016.json",
        "predicate": "http://www.w3.org/2000/01/rdf-schema#label",
        "object": "Hooper Young"
      }
    },
    {
      "triple": {
        "subject": "/sample-data/data-2016.json",
        "predicate": "http://www.w3.org/1999/02/22-rdf-syntax-ns#type",
        "object": "http://xmlns.com/foaf/0.1/Person"
      }
    },
    {
      "triple": {
        "subject": "/sample-data/data-2016.json",
        "predicate": "http://xmlns.com/foaf/0.1/knows",
        "object": "/sample-data/data-755.json"
      }
    },
    {
      "triple": {
        "subject": "/sample-data/data-2016.json",
        "predicate": "http://xmlns.com/foaf/0.1/knows",
        "object": "/sample-data/data-2826.json"
      }
    },
    {
      "triple": {
        "subject": "/sample-data/data-2016.json",
        "predicate": "http://xmlns.com/foaf/0.1/knows",
        "object": "/sample-data/data-2853.json"
      }
    }
  ]
}