{
  "_id": "55ee5e986a98cb2162b72a65",
  "index": 2094,
  "guid": "967274ce-c498-4e56-844a-0ec9c4b6e6e3",
  "isActive": false,
  "balance": "$19,183.90",
  "picture": "http://placehold.it/32x32",
  "age": 50,
  "eyeColor": "green",
  "name": "Salas Maldonado",
  "gender": "male",
  "company": "COREPAN",
  "email": "salasmaldonado@corepan.com",
  "phone": "+1 (859) 581-2498",
  "address": "541 Polhemus Place, Thermal, Alabama, 8475",
  "about": "Ut nisi adipisicing mollit labore sit ex veniam eu sunt sint elit esse proident. Anim eiusmod minim ex minim incididunt ex esse pariatur est ullamco et cillum velit. Labore nulla irure anim laborum nisi fugiat voluptate dolor. Mollit est sint sint laboris elit in proident eu nulla ullamco est ex pariatur. Et est cillum adipisicing ea nostrud eu reprehenderit ullamco est in consequat.\r\n",
  "registered": "2015-06-05T07:11:22-07:00",
  "tags": [
    "ipsum",
    "pariatur",
    "duis",
    "sint",
    "tempor",
    "sint",
    "tempor"
  ],
  "friends": [
    {
      "id": 0,
      "name": "Luisa Holland"
    },
    {
      "id": 1,
      "name": "Johnson Roberson"
    },
    {
      "id": 2,
      "name": "Burns Barber"
    }
  ],
  "greeting": "Hello, Salas Maldonado! You have 10 unread messages.",
  "favoriteFruit": "banana",
  "location": {
    "latitude": 68.095271,
    "longitude": 146.82182
  },
  "docFormat": "json",
  "triples": [
    {
      "triple": {
        "subject": "/sample-data/data-2094.json",
        "predicate": "http://www.w3.org/2000/01/rdf-schema#label",
        "object": "Salas Maldonado"
      }
    },
    {
      "triple": {
        "subject": "/sample-data/data-2094.json",
        "predicate": "http://www.w3.org/1999/02/22-rdf-syntax-ns#type",
        "object": "http://xmlns.com/foaf/0.1/Person"
      }
    },
    {
      "triple": {
        "subject": "/sample-data/data-2094.json",
        "predicate": "http://xmlns.com/foaf/0.1/knows",
        "object": "/sample-data/data-940.json"
      }
    },
    {
      "triple": {
        "subject": "/sample-data/data-2094.json",
        "predicate": "http://xmlns.com/foaf/0.1/knows",
        "object": "/sample-data/data-2134.json"
      }
    },
    {
      "triple": {
        "subject": "/sample-data/data-2094.json",
        "predicate": "http://xmlns.com/foaf/0.1/knows",
        "object": "/sample-data/data-1776.json"
      }
    }
  ]
}