{
  "_id": "55ee5e44bad02d016630c283",
  "index": 536,
  "guid": "40f6376a-0bcd-4914-9153-fb29d3dbfcae",
  "isActive": true,
  "balance": "$4,765.36",
  "picture": "http://placehold.it/32x32",
  "age": 63,
  "eyeColor": "brown",
  "name": "Dianne Park",
  "gender": "female",
  "company": "KIOSK",
  "email": "diannepark@kiosk.com",
  "phone": "+1 (806) 510-2342",
  "address": "981 Roosevelt Place, Greer, New Mexico, 4927",
  "about": "Ipsum veniam in eiusmod in amet tempor laborum eu. Veniam in enim excepteur officia aliquip minim exercitation magna dolor. Cillum et eiusmod do sint proident velit proident laborum cillum qui duis sunt minim.\r\n",
  "registered": "2014-10-08T05:55:52-07:00",
  "tags": [
    "amet",
    "qui",
    "mollit",
    "amet",
    "non",
    "aute",
    "exercitation"
  ],
  "friends": [
    {
      "id": 0,
      "name": "Laurie Olsen"
    },
    {
      "id": 1,
      "name": "Latasha Horne"
    },
    {
      "id": 2,
      "name": "Stanley Miles"
    }
  ],
  "greeting": "Hello, Dianne Park! You have 7 unread messages.",
  "favoriteFruit": "banana",
  "location": {
    "latitude": -0.341109,
    "longitude": 84.959251
  },
  "docFormat": "json",
  "triples": [
    {
      "triple": {
        "subject": "/sample-data/data-536.json",
        "predicate": "http://www.w3.org/2000/01/rdf-schema#label",
        "object": "Dianne Park"
      }
    },
    {
      "triple": {
        "subject": "/sample-data/data-536.json",
        "predicate": "http://www.w3.org/1999/02/22-rdf-syntax-ns#type",
        "object": "http://xmlns.com/foaf/0.1/Person"
      }
    },
    {
      "triple": {
        "subject": "/sample-data/data-536.json",
        "predicate": "http://xmlns.com/foaf/0.1/knows",
        "object": "/sample-data/data-1428.json"
      }
    },
    {
      "triple": {
        "subject": "/sample-data/data-536.json",
        "predicate": "http://xmlns.com/foaf/0.1/knows",
        "object": "/sample-data/data-2354.json"
      }
    },
    {
      "triple": {
        "subject": "/sample-data/data-536.json",
        "predicate": "http://xmlns.com/foaf/0.1/knows",
        "object": "/sample-data/data-2374.json"
      }
    }
  ]
}