{
  "_id": "55ee5e441a443d535b1993b4",
  "index": 1476,
  "guid": "1478289e-a065-4648-be83-ef360771e9b6",
  "isActive": false,
  "balance": "$1,201.87",
  "picture": "http://placehold.it/32x32",
  "age": 52,
  "eyeColor": "green",
  "name": "Rowland Downs",
  "gender": "male",
  "company": "DUFLEX",
  "email": "rowlanddowns@duflex.com",
  "phone": "+1 (922) 431-3044",
  "address": "874 Delevan Street, Sisquoc, Delaware, 7348",
  "about": "Aliquip in irure et id mollit magna nulla et culpa ex laboris. Esse sint laborum cillum exercitation quis id velit cillum eiusmod elit consequat. Eiusmod anim ea duis adipisicing ut sint culpa nostrud. Ex labore eiusmod elit minim cupidatat et sit consectetur et voluptate eiusmod.\r\n",
  "registered": "2015-04-02T05:57:24-07:00",
  "tags": [
    "duis",
    "qui",
    "elit",
    "excepteur",
    "aliqua",
    "laboris",
    "id"
  ],
  "friends": [
    {
      "id": 0,
      "name": "Rosario Horn"
    },
    {
      "id": 1,
      "name": "Robles Marsh"
    },
    {
      "id": 2,
      "name": "Campos Roman"
    }
  ],
  "greeting": "Hello, Rowland Downs! You have 10 unread messages.",
  "favoriteFruit": "orange",
  "location": {
    "latitude": 48.693589,
    "longitude": -14.471769
  },
  "docFormat": "json",
  "triples": [
    {
      "triple": {
        "subject": "/sample-data/data-1476.json",
        "predicate": "http://www.w3.org/2000/01/rdf-schema#label",
        "object": "Rowland Downs"
      }
    },
    {
      "triple": {
        "subject": "/sample-data/data-1476.json",
        "predicate": "http://www.w3.org/1999/02/22-rdf-syntax-ns#type",
        "object": "http://xmlns.com/foaf/0.1/Person"
      }
    },
    {
      "triple": {
        "subject": "/sample-data/data-1476.json",
        "predicate": "http://xmlns.com/foaf/0.1/knows",
        "object": "/sample-data/data-2567.json"
      }
    },
    {
      "triple": {
        "subject": "/sample-data/data-1476.json",
        "predicate": "http://xmlns.com/foaf/0.1/knows",
        "object": "/sample-data/data-2730.json"
      }
    },
    {
      "triple": {
        "subject": "/sample-data/data-1476.json",
        "predicate": "http://xmlns.com/foaf/0.1/knows",
        "object": "/sample-data/data-2006.json"
      }
    }
  ]
}