{
  "_id": "55ee5e44cb4173e1bd965aa1",
  "index": 957,
  "guid": "5a34082b-2a7e-46d1-8a6c-4cea18dad90e",
  "isActive": true,
  "balance": "$7,903.63",
  "picture": "http://placehold.it/32x32",
  "age": 43,
  "eyeColor": "green",
  "name": "Reid Riley",
  "gender": "male",
  "company": "MIRACULA",
  "email": "reidriley@miracula.com",
  "phone": "+1 (844) 465-2256",
  "address": "810 Coleman Street, Bynum, Montana, 8599",
  "about": "Nulla proident reprehenderit commodo ea esse reprehenderit consectetur aute enim. Minim magna culpa anim enim duis velit culpa do. Magna sunt ullamco do voluptate cillum excepteur excepteur sint et do aliquip.\r\n",
  "registered": "2015-01-05T04:44:21-07:00",
  "tags": [
    "in",
    "pariatur",
    "mollit",
    "sunt",
    "duis",
    "voluptate",
    "sint"
  ],
  "friends": [
    {
      "id": 0,
      "name": "Elsie Duke"
    },
    {
      "id": 1,
      "name": "Goff Lara"
    },
    {
      "id": 2,
      "name": "Edwards Caldwell"
    }
  ],
  "greeting": "Hello, Reid Riley! You have 1 unread messages.",
  "favoriteFruit": "banana",
  "location": {
    "latitude": 26.79185,
    "longitude": 52.622221
  },
  "docFormat": "json",
  "triples": [
    {
      "triple": {
        "subject": "/sample-data/data-957.json",
        "predicate": "http://www.w3.org/2000/01/rdf-schema#label",
        "object": "Reid Riley"
      }
    },
    {
      "triple": {
        "subject": "/sample-data/data-957.json",
        "predicate": "http://www.w3.org/1999/02/22-rdf-syntax-ns#type",
        "object": "http://xmlns.com/foaf/0.1/Person"
      }
    },
    {
      "triple": {
        "subject": "/sample-data/data-957.json",
        "predicate": "http://xmlns.com/foaf/0.1/knows",
        "object": "/sample-data/data-318.json"
      }
    },
    {
      "triple": {
        "subject": "/sample-data/data-957.json",
        "predicate": "http://xmlns.com/foaf/0.1/knows",
        "object": "/sample-data/data-981.json"
      }
    },
    {
      "triple": {
        "subject": "/sample-data/data-957.json",
        "predicate": "http://xmlns.com/foaf/0.1/knows",
        "object": "/sample-data/data-2197.json"
      }
    }
  ]
}