{
  "_id": "55ee5e44d12d8a1868721531",
  "index": 994,
  "guid": "bea93832-5413-4dbd-8e91-b17ac99e05c5",
  "isActive": true,
  "balance": "$16,997.17",
  "picture": "http://placehold.it/32x32",
  "age": 40,
  "eyeColor": "brown",
  "name": "Mattie Clayton",
  "gender": "female",
  "company": "ELPRO",
  "email": "mattieclayton@elpro.com",
  "phone": "+1 (886) 554-3527",
  "address": "222 Everett Avenue, Grayhawk, Kansas, 3300",
  "about": "Ad cupidatat esse dolore proident ea enim. Pariatur reprehenderit exercitation laboris adipisicing qui laborum est cupidatat aute aliqua est. Nisi velit Lorem non excepteur culpa ad consequat esse officia reprehenderit exercitation pariatur excepteur pariatur. Fugiat culpa veniam deserunt excepteur ea mollit incididunt irure cupidatat id. Laborum mollit fugiat quis voluptate pariatur ea minim anim pariatur duis cupidatat.\r\n",
  "registered": "2015-05-23T01:08:18-07:00",
  "tags": [
    "labore",
    "deserunt",
    "irure",
    "non",
    "proident",
    "ut",
    "deserunt"
  ],
  "friends": [
    {
      "id": 0,
      "name": "Burt Melton"
    },
    {
      "id": 1,
      "name": "Alyce Roth"
    },
    {
      "id": 2,
      "name": "Katelyn Guzman"
    }
  ],
  "greeting": "Hello, Mattie Clayton! You have 5 unread messages.",
  "favoriteFruit": "apple",
  "location": {
    "latitude": 61.754121,
    "longitude": 57.215447
  },
  "docFormat": "json",
  "triples": [
    {
      "triple": {
        "subject": "/sample-data/data-994.json",
        "predicate": "http://www.w3.org/2000/01/rdf-schema#label",
        "object": "Mattie Clayton"
      }
    },
    {
      "triple": {
        "subject": "/sample-data/data-994.json",
        "predicate": "http://www.w3.org/1999/02/22-rdf-syntax-ns#type",
        "object": "http://xmlns.com/foaf/0.1/Person"
      }
    },
    {
      "triple": {
        "subject": "/sample-data/data-994.json",
        "predicate": "http://xmlns.com/foaf/0.1/knows",
        "object": "/sample-data/data-2724.json"
      }
    },
    {
      "triple": {
        "subject": "/sample-data/data-994.json",
        "predicate": "http://xmlns.com/foaf/0.1/knows",
        "object": "/sample-data/data-2201.json"
      }
    },
    {
      "triple": {
        "subject": "/sample-data/data-994.json",
        "predicate": "http://xmlns.com/foaf/0.1/knows",
        "object": "/sample-data/data-2966.json"
      }
    }
  ]
}