{
  "_id": "55ee5e98f7db90fe30c01085",
  "index": 2426,
  "guid": "e469348c-65b0-431f-a61a-17c3021da385",
  "isActive": true,
  "balance": "$27,144.04",
  "picture": "http://placehold.it/32x32",
  "age": 36,
  "eyeColor": "green",
  "name": "Mcdaniel Espinoza",
  "gender": "male",
  "company": "AMTAS",
  "email": "mcdanielespinoza@amtas.com",
  "phone": "+1 (806) 493-3796",
  "address": "618 Willmohr Street, Dahlen, South Carolina, 3312",
  "about": "Fugiat qui non eiusmod cillum sunt amet mollit. Aliquip adipisicing deserunt voluptate adipisicing aute voluptate laborum consequat aute excepteur. Laboris et quis enim irure eiusmod irure magna sint fugiat irure adipisicing. Enim laboris ea ipsum irure Lorem reprehenderit aute velit deserunt aliqua commodo. Deserunt qui reprehenderit occaecat dolore. Ut ex in id aliquip consectetur non commodo.\r\n",
  "registered": "2014-11-16T07:27:28-07:00",
  "tags": [
    "et",
    "nostrud",
    "magna",
    "eu",
    "elit",
    "nostrud",
    "reprehenderit"
  ],
  "friends": [
    {
      "id": 0,
      "name": "Dodson Bryan"
    },
    {
      "id": 1,
      "name": "Lacey Bentley"
    },
    {
      "id": 2,
      "name": "Joanne Neal"
    }
  ],
  "greeting": "Hello, Mcdaniel Espinoza! You have 9 unread messages.",
  "favoriteFruit": "strawberry",
  "location": {
    "latitude": 60.848843,
    "longitude": -157.652901
  },
  "docFormat": "json",
  "triples": [
    {
      "triple": {
        "subject": "/sample-data/data-2426.json",
        "predicate": "http://www.w3.org/2000/01/rdf-schema#label",
        "object": "Mcdaniel Espinoza"
      }
    },
    {
      "triple": {
        "subject": "/sample-data/data-2426.json",
        "predicate": "http://www.w3.org/1999/02/22-rdf-syntax-ns#type",
        "object": "http://xmlns.com/foaf/0.1/Person"
      }
    },
    {
      "triple": {
        "subject": "/sample-data/data-2426.json",
        "predicate": "http://xmlns.com/foaf/0.1/knows",
        "object": "/sample-data/data-1530.json"
      }
    },
    {
      "triple": {
        "subject": "/sample-data/data-2426.json",
        "predicate": "http://xmlns.com/foaf/0.1/knows",
        "object": "/sample-data/data-1606.json"
      }
    },
    {
      "triple": {
        "subject": "/sample-data/data-2426.json",
        "predicate": "http://xmlns.com/foaf/0.1/knows",
        "object": "/sample-data/data-361.json"
      }
    }
  ]
}