{
  "_id": "55ee5e44bde57db86f3692cc",
  "index": 664,
  "guid": "fabde0bf-e04e-405b-895e-c9d2e3f6c9b0",
  "isActive": false,
  "balance": "$53,547.66",
  "picture": "http://placehold.it/32x32",
  "age": 67,
  "eyeColor": "blue",
  "name": "Jordan Dillon",
  "gender": "female",
  "company": "PATHWAYS",
  "email": "jordandillon@pathways.com",
  "phone": "+1 (873) 402-3540",
  "address": "800 Dinsmore Place, Bath, Delaware, 139",
  "about": "Laborum sunt sit sit labore tempor nostrud irure eu dolor qui cillum. Ea enim officia cillum et nisi et occaecat ut eiusmod sunt eu. Laboris elit magna anim mollit minim nulla in amet occaecat sit eiusmod sunt magna. Incididunt aliquip pariatur aute laboris et velit cillum occaecat. Occaecat eiusmod occaecat magna consequat ea nulla do reprehenderit laboris ea eu. Cupidatat minim consequat laborum velit culpa nulla duis esse nulla magna mollit reprehenderit fugiat ut.\r\n",
  "registered": "2014-03-02T02:04:44-07:00",
  "tags": [
    "sit",
    "aliqua",
    "anim",
    "id",
    "voluptate",
    "pariatur",
    "nisi"
  ],
  "friends": [
    {
      "id": 0,
      "name": "Marina Lyons"
    },
    {
      "id": 1,
      "name": "Betsy Morton"
    },
    {
      "id": 2,
      "name": "Leonard Duran"
    }
  ],
  "greeting": "Hello, Jordan Dillon! You have 6 unread messages.",
  "favoriteFruit": "banana",
  "location": {
    "latitude": -8.89754,
    "longitude": 54.408751
  },
  "docFormat": "json",
  "triples": [
    {
      "triple": {
        "subject": "/sample-data/data-664.json",
        "predicate": "http://www.w3.org/2000/01/rdf-schema#label",
        "object": "Jordan Dillon"
      }
    },
    {
      "triple": {
        "subject": "/sample-data/data-664.json",
        "predicate": "http://www.w3.org/1999/02/22-rdf-syntax-ns#type",
        "object": "http://xmlns.com/foaf/0.1/Person"
      }
    },
    {
      "triple": {
        "subject": "/sample-data/data-664.json",
        "predicate": "http://xmlns.com/foaf/0.1/knows",
        "object": "/sample-data/data-909.json"
      }
    },
    {
      "triple": {
        "subject": "/sample-data/data-664.json",
        "predicate": "http://xmlns.com/foaf/0.1/knows",
        "object": "/sample-data/data-1592.json"
      }
    },
    {
      "triple": {
        "subject": "/sample-data/data-664.json",
        "predicate": "http://xmlns.com/foaf/0.1/knows",
        "object": "/sample-data/data-2924.json"
      }
    }
  ]
}