{
  "_id": "55ee5e98066ad758f9bbb91a",
  "index": 2702,
  "guid": "e6ebca6e-877f-4cb4-befd-bbc152de54e1",
  "isActive": false,
  "balance": "$39,647.70",
  "picture": "http://placehold.it/32x32",
  "age": 37,
  "eyeColor": "green",
  "name": "Dolores Holder",
  "gender": "female",
  "company": "LOCAZONE",
  "email": "doloresholder@locazone.com",
  "phone": "+1 (829) 434-2418",
  "address": "989 Lawton Street, Efland, American Samoa, 7448",
  "about": "Duis anim mollit dolore commodo officia anim nulla deserunt ea id. Excepteur irure nostrud fugiat deserunt irure non. Esse esse enim ad consequat. Officia fugiat excepteur non mollit. Aliquip consectetur incididunt culpa eu est ea aute.\r\n",
  "registered": "2014-01-07T02:58:07-07:00",
  "tags": [
    "eu",
    "pariatur",
    "velit",
    "eu",
    "non",
    "sint",
    "cillum"
  ],
  "friends": [
    {
      "id": 0,
      "name": "Hurley Hutchinson"
    },
    {
      "id": 1,
      "name": "Kline Stanley"
    },
    {
      "id": 2,
      "name": "Joyner Sandoval"
    }
  ],
  "greeting": "Hello, Dolores Holder! You have 7 unread messages.",
  "favoriteFruit": "strawberry",
  "location": {
    "latitude": -17.321284,
    "longitude": 124.681437
  },
  "docFormat": "json",
  "triples": [
    {
      "triple": {
        "subject": "/sample-data/data-2702.json",
        "predicate": "http://www.w3.org/2000/01/rdf-schema#label",
        "object": "Dolores Holder"
      }
    },
    {
      "triple": {
        "subject": "/sample-data/data-2702.json",
        "predicate": "http://www.w3.org/1999/02/22-rdf-syntax-ns#type",
        "object": "http://xmlns.com/foaf/0.1/Person"
      }
    },
    {
      "triple": {
        "subject": "/sample-data/data-2702.json",
        "predicate": "http://xmlns.com/foaf/0.1/knows",
        "object": "/sample-data/data-2106.json"
      }
    },
    {
      "triple": {
        "subject": "/sample-data/data-2702.json",
        "predicate": "http://xmlns.com/foaf/0.1/knows",
        "object": "/sample-data/data-1254.json"
      }
    },
    {
      "triple": {
        "subject": "/sample-data/data-2702.json",
        "predicate": "http://xmlns.com/foaf/0.1/knows",
        "object": "/sample-data/data-884.json"
      }
    }
  ]
}