{
  "_id": "55ee5e9877c745fb19d53e6e",
  "index": 2173,
  "guid": "fc20e5e4-8dfb-435d-86c9-0ffaba3dd129",
  "isActive": true,
  "balance": "$13,744.21",
  "picture": "http://placehold.it/32x32",
  "age": 20,
  "eyeColor": "honey",
  "name": "Cook Solomon",
  "gender": "male",
  "company": "ZILLANET",
  "email": "cooksolomon@zillanet.com",
  "phone": "+1 (905) 492-3234",
  "address": "787 Coffey Street, Homestead, Nebraska, 7266",
  "about": "Deserunt do quis deserunt elit qui Lorem id non dolor sint veniam qui magna esse. Ea in laborum incididunt dolore sit ut esse in anim adipisicing eiusmod. Et consequat magna dolore tempor id commodo proident. In occaecat sunt dolore aliqua do laborum officia excepteur id laborum tempor aliquip enim commodo.\r\n",
  "registered": "2014-04-01T11:03:50-07:00",
  "tags": [
    "consequat",
    "quis",
    "minim",
    "dolor",
    "ex",
    "et",
    "reprehenderit"
  ],
  "friends": [
    {
      "id": 0,
      "name": "Cabrera Gibbs"
    },
    {
      "id": 1,
      "name": "Felecia Mcbride"
    },
    {
      "id": 2,
      "name": "Salinas Bonner"
    }
  ],
  "greeting": "Hello, Cook Solomon! You have 2 unread messages.",
  "favoriteFruit": "orange",
  "location": {
    "latitude": 81.920053,
    "longitude": 53.732614
  },
  "docFormat": "json",
  "triples": [
    {
      "triple": {
        "subject": "/sample-data/data-2173.json",
        "predicate": "http://www.w3.org/2000/01/rdf-schema#label",
        "object": "Cook Solomon"
      }
    },
    {
      "triple": {
        "subject": "/sample-data/data-2173.json",
        "predicate": "http://www.w3.org/1999/02/22-rdf-syntax-ns#type",
        "object": "http://xmlns.com/foaf/0.1/Person"
      }
    },
    {
      "triple": {
        "subject": "/sample-data/data-2173.json",
        "predicate": "http://xmlns.com/foaf/0.1/knows",
        "object": "/sample-data/data-26.json"
      }
    },
    {
      "triple": {
        "subject": "/sample-data/data-2173.json",
        "predicate": "http://xmlns.com/foaf/0.1/knows",
        "object": "/sample-data/data-2122.json"
      }
    },
    {
      "triple": {
        "subject": "/sample-data/data-2173.json",
        "predicate": "http://xmlns.com/foaf/0.1/knows",
        "object": "/sample-data/data-1736.json"
      }
    }
  ]
}