{
  "_id": "55ee5e440be362d1b8ae7c93",
  "index": 370,
  "guid": "6cacf35f-3c0f-432b-b968-256aca41d9d8",
  "isActive": false,
  "balance": "$12,174.89",
  "picture": "http://placehold.it/32x32",
  "age": 24,
  "eyeColor": "green",
  "name": "Gould Bruce",
  "gender": "male",
  "company": "AFFLUEX",
  "email": "gouldbruce@affluex.com",
  "phone": "+1 (949) 530-3401",
  "address": "777 Lenox Road, Kempton, Federated States Of Micronesia, 4464",
  "about": "Proident veniam consequat anim Lorem ad ullamco dolor magna enim velit adipisicing esse. In occaecat sunt minim excepteur nostrud quis laborum minim ipsum enim. Lorem eiusmod est laboris cupidatat eiusmod Lorem id reprehenderit fugiat consequat officia magna. Sint ullamco anim mollit non aliquip nulla non culpa veniam nisi deserunt. Ea voluptate ullamco dolore ea. Excepteur irure commodo in deserunt esse voluptate.\r\n",
  "registered": "2015-06-27T05:19:36-07:00",
  "tags": [
    "consectetur",
    "adipisicing",
    "amet",
    "non",
    "ex",
    "do",
    "reprehenderit"
  ],
  "friends": [
    {
      "id": 0,
      "name": "Faulkner Finley"
    },
    {
      "id": 1,
      "name": "Puckett Morris"
    },
    {
      "id": 2,
      "name": "Beulah Munoz"
    }
  ],
  "greeting": "Hello, Gould Bruce! You have 6 unread messages.",
  "favoriteFruit": "banana",
  "location": {
    "latitude": 25.608192,
    "longitude": -126.528376
  },
  "docFormat": "json",
  "triples": [
    {
      "triple": {
        "subject": "/sample-data/data-370.json",
        "predicate": "http://www.w3.org/2000/01/rdf-schema#label",
        "object": "Gould Bruce"
      }
    },
    {
      "triple": {
        "subject": "/sample-data/data-370.json",
        "predicate": "http://www.w3.org/1999/02/22-rdf-syntax-ns#type",
        "object": "http://xmlns.com/foaf/0.1/Person"
      }
    },
    {
      "triple": {
        "subject": "/sample-data/data-370.json",
        "predicate": "http://xmlns.com/foaf/0.1/knows",
        "object": "/sample-data/data-540.json"
      }
    },
    {
      "triple": {
        "subject": "/sample-data/data-370.json",
        "predicate": "http://xmlns.com/foaf/0.1/knows",
        "object": "/sample-data/data-2092.json"
      }
    },
    {
      "triple": {
        "subject": "/sample-data/data-370.json",
        "predicate": "http://xmlns.com/foaf/0.1/knows",
        "object": "/sample-data/data-2960.json"
      }
    }
  ]
}