{
  "_id": "55ee5e44056a03f9e4cb40c7",
  "index": 1180,
  "guid": "04ad5b17-fc79-4add-9d57-5d2ffda227d1",
  "isActive": true,
  "balance": "$50,911.04",
  "picture": "http://placehold.it/32x32",
  "age": 70,
  "eyeColor": "blue",
  "name": "Rodgers Whitaker",
  "gender": "male",
  "company": "ZYPLE",
  "email": "rodgerswhitaker@zyple.com",
  "phone": "+1 (809) 427-3895",
  "address": "536 Milton Street, Eastmont, Oklahoma, 3566",
  "about": "Adipisicing aute proident do id magna sunt veniam aute fugiat deserunt do aute. Eiusmod officia eiusmod duis et tempor id dolore labore proident deserunt. Pariatur cupidatat deserunt est fugiat sunt ex in ad cupidatat consequat. Consectetur do nisi sit ex ex laborum occaecat ex adipisicing duis commodo ea Lorem. Cupidatat exercitation et ullamco laboris nostrud sint occaecat tempor cillum eu adipisicing id.\r\n",
  "registered": "2015-03-13T06:49:54-07:00",
  "tags": [
    "voluptate",
    "commodo",
    "magna",
    "adipisicing",
    "voluptate",
    "voluptate",
    "ut"
  ],
  "friends": [
    {
      "id": 0,
      "name": "Grimes Santana"
    },
    {
      "id": 1,
      "name": "Blackwell Ashley"
    },
    {
      "id": 2,
      "name": "Oconnor Hicks"
    }
  ],
  "greeting": "Hello, Rodgers Whitaker! You have 8 unread messages.",
  "favoriteFruit": "orange",
  "location": {
    "latitude": 75.84214,
    "longitude": 169.992138
  },
  "docFormat": "json",
  "triples": [
    {
      "triple": {
        "subject": "/sample-data/data-1180.json",
        "predicate": "http://www.w3.org/2000/01/rdf-schema#label",
        "object": "Rodgers Whitaker"
      }
    },
    {
      "triple": {
        "subject": "/sample-data/data-1180.json",
        "predicate": "http://www.w3.org/1999/02/22-rdf-syntax-ns#type",
        "object": "http://xmlns.com/foaf/0.1/Person"
      }
    },
    {
      "triple": {
        "subject": "/sample-data/data-1180.json",
        "predicate": "http://xmlns.com/foaf/0.1/knows",
        "object": "/sample-data/data-49.json"
      }
    },
    {
      "triple": {
        "subject": "/sample-data/data-1180.json",
        "predicate": "http://xmlns.com/foaf/0.1/knows",
        "object": "/sample-data/data-2969.json"
      }
    },
    {
      "triple": {
        "subject": "/sample-data/data-1180.json",
        "predicate": "http://xmlns.com/foaf/0.1/knows",
        "object": "/sample-data/data-14.json"
      }
    }
  ]
}