{
  "_id": "55ee5e44308d931c25d90ab1",
  "index": 185,
  "guid": "e15cedf1-8d14-43a9-8600-3ef791b21466",
  "isActive": true,
  "balance": "$13,650.99",
  "picture": "http://placehold.it/32x32",
  "age": 68,
  "eyeColor": "brown",
  "name": "Cecilia Callahan",
  "gender": "female",
  "company": "TRI@TRIBALOG",
  "email": "ceciliacallahan@tri@tribalog.com",
  "phone": "+1 (890) 529-3629",
  "address": "205 Beverly Road, Faxon, California, 6423",
  "about": "Amet culpa consectetur laborum anim nulla amet elit eiusmod sunt consectetur. Magna eu ea labore ullamco do nostrud consectetur. Cupidatat tempor ea Lorem enim aliquip occaecat dolor pariatur sint ex culpa. Cupidatat dolore exercitation consequat commodo ullamco ex aute et velit sit excepteur exercitation ullamco. Duis dolor nisi veniam quis sit aliqua sit.\r\n",
  "registered": "2014-08-11T01:44:47-07:00",
  "tags": [
    "incididunt",
    "excepteur",
    "laboris",
    "deserunt",
    "et",
    "tempor",
    "quis"
  ],
  "friends": [
    {
      "id": 0,
      "name": "Ollie Harris"
    },
    {
      "id": 1,
      "name": "Evangeline Beach"
    },
    {
      "id": 2,
      "name": "Faith Small"
    }
  ],
  "greeting": "Hello, Cecilia Callahan! You have 3 unread messages.",
  "favoriteFruit": "banana",
  "location": {
    "latitude": -1.950123,
    "longitude": -2.864274
  },
  "docFormat": "json",
  "triples": [
    {
      "triple": {
        "subject": "/sample-data/data-185.json",
        "predicate": "http://www.w3.org/2000/01/rdf-schema#label",
        "object": "Cecilia Callahan"
      }
    },
    {
      "triple": {
        "subject": "/sample-data/data-185.json",
        "predicate": "http://www.w3.org/1999/02/22-rdf-syntax-ns#type",
        "object": "http://xmlns.com/foaf/0.1/Person"
      }
    },
    {
      "triple": {
        "subject": "/sample-data/data-185.json",
        "predicate": "http://xmlns.com/foaf/0.1/knows",
        "object": "/sample-data/data-1696.json"
      }
    },
    {
      "triple": {
        "subject": "/sample-data/data-185.json",
        "predicate": "http://xmlns.com/foaf/0.1/knows",
        "object": "/sample-data/data-1112.json"
      }
    },
    {
      "triple": {
        "subject": "/sample-data/data-185.json",
        "predicate": "http://xmlns.com/foaf/0.1/knows",
        "object": "/sample-data/data-2315.json"
      }
    }
  ]
}