{
  "_id": "55ee5e981102dd712352c1b7",
  "index": 2373,
  "guid": "0d30773b-9e7e-466b-840e-01c81bc6cb72",
  "isActive": false,
  "balance": "$86,268.75",
  "picture": "http://placehold.it/32x32",
  "age": 30,
  "eyeColor": "brown",
  "name": "Marilyn Blackburn",
  "gender": "female",
  "company": "SNOWPOKE",
  "email": "marilynblackburn@snowpoke.com",
  "phone": "+1 (868) 459-3562",
  "address": "317 Horace Court, Celeryville, Idaho, 4591",
  "about": "Ea mollit non proident commodo qui voluptate ut occaecat amet labore dolor ullamco ullamco. Est voluptate voluptate et non irure cillum nostrud. Nisi pariatur laborum magna minim elit magna duis ullamco dolore enim dolor. Fugiat reprehenderit ad dolore magna ex consectetur cupidatat laborum incididunt qui ut duis fugiat culpa. Aute quis eu cillum do laborum. Sunt non irure labore cupidatat consequat aute ut nostrud mollit reprehenderit ullamco culpa cupidatat.\r\n",
  "registered": "2014-11-05T10:24:16-07:00",
  "tags": [
    "est",
    "pariatur",
    "cillum",
    "sint",
    "eiusmod",
    "sunt",
    "magna"
  ],
  "friends": [
    {
      "id": 0,
      "name": "Jocelyn Richards"
    },
    {
      "id": 1,
      "name": "Hallie Mccarthy"
    },
    {
      "id": 2,
      "name": "Kelley Robles"
    }
  ],
  "greeting": "Hello, Marilyn Blackburn! You have 9 unread messages.",
  "favoriteFruit": "orange",
  "location": {
    "latitude": -15.190469,
    "longitude": -10.272492
  },
  "docFormat": "json",
  "triples": [
    {
      "triple": {
        "subject": "/sample-data/data-2373.json",
        "predicate": "http://www.w3.org/2000/01/rdf-schema#label",
        "object": "Marilyn Blackburn"
      }
    },
    {
      "triple": {
        "subject": "/sample-data/data-2373.json",
        "predicate": "http://www.w3.org/1999/02/22-rdf-syntax-ns#type",
        "object": "http://xmlns.com/foaf/0.1/Person"
      }
    },
    {
      "triple": {
        "subject": "/sample-data/data-2373.json",
        "predicate": "http://xmlns.com/foaf/0.1/knows",
        "object": "/sample-data/data-2595.json"
      }
    },
    {
      "triple": {
        "subject": "/sample-data/data-2373.json",
        "predicate": "http://xmlns.com/foaf/0.1/knows",
        "object": "/sample-data/data-1260.json"
      }
    },
    {
      "triple": {
        "subject": "/sample-data/data-2373.json",
        "predicate": "http://xmlns.com/foaf/0.1/knows",
        "object": "/sample-data/data-1017.json"
      }
    }
  ]
}