{
  "_id": "55ee5e98eec8f0be82d56191",
  "index": 2923,
  "guid": "265c0676-8f90-4dea-aad0-f77ec66e4bd6",
  "isActive": false,
  "balance": "$68,347.77",
  "picture": "http://placehold.it/32x32",
  "age": 37,
  "eyeColor": "hazel",
  "name": "Madge Bonner",
  "gender": "female",
  "company": "HAIRPORT",
  "email": "madgebonner@hairport.com",
  "phone": "+1 (852) 494-3150",
  "address": "887 Marconi Place, Ivanhoe, Hawaii, 9069",
  "about": "Mollit ex dolore ex occaecat voluptate reprehenderit cupidatat nostrud mollit ad magna non consectetur aliquip. Cupidatat aliquip qui quis amet laboris officia aliquip. Laborum esse occaecat do ipsum aliqua reprehenderit in laborum Lorem nulla dolore velit minim.\r\n",
  "registered": "2014-10-09T03:34:18-07:00",
  "tags": [
    "officia",
    "deserunt",
    "tempor",
    "quis",
    "sunt",
    "et",
    "est"
  ],
  "friends": [
    {
      "id": 0,
      "name": "Foley Haney"
    },
    {
      "id": 1,
      "name": "Mcmillan Baxter"
    },
    {
      "id": 2,
      "name": "Reba Shaw"
    }
  ],
  "greeting": "Hello, Madge Bonner! You have 7 unread messages.",
  "favoriteFruit": "orange",
  "location": {
    "latitude": -31.239589,
    "longitude": 164.404594
  },
  "docFormat": "json",
  "triples": [
    {
      "triple": {
        "subject": "/sample-data/data-2923.json",
        "predicate": "http://www.w3.org/2000/01/rdf-schema#label",
        "object": "Madge Bonner"
      }
    },
    {
      "triple": {
        "subject": "/sample-data/data-2923.json",
        "predicate": "http://www.w3.org/1999/02/22-rdf-syntax-ns#type",
        "object": "http://xmlns.com/foaf/0.1/Person"
      }
    },
    {
      "triple": {
        "subject": "/sample-data/data-2923.json",
        "predicate": "http://xmlns.com/foaf/0.1/knows",
        "object": "/sample-data/data-2942.json"
      }
    },
    {
      "triple": {
        "subject": "/sample-data/data-2923.json",
        "predicate": "http://xmlns.com/foaf/0.1/knows",
        "object": "/sample-data/data-1801.json"
      }
    },
    {
      "triple": {
        "subject": "/sample-data/data-2923.json",
        "predicate": "http://xmlns.com/foaf/0.1/knows",
        "object": "/sample-data/data-132.json"
      }
    }
  ]
}