{
  "_id": "55ee5e45dddc5aff048660c6",
  "index": 1973,
  "guid": "67d07710-c508-4e81-b633-ab8c40268dbf",
  "isActive": true,
  "balance": "$28,690.50",
  "picture": "http://placehold.it/32x32",
  "age": 22,
  "eyeColor": "brown",
  "name": "Concetta Wallace",
  "gender": "female",
  "company": "HOMELUX",
  "email": "concettawallace@homelux.com",
  "phone": "+1 (977) 455-2252",
  "address": "222 Gatling Place, Chumuckla, Missouri, 6967",
  "about": "Eiusmod occaecat proident commodo mollit deserunt dolor. Dolor proident et laboris incididunt officia. Aliquip officia deserunt adipisicing consectetur pariatur dolor deserunt velit nulla. Aute elit deserunt incididunt occaecat exercitation magna incididunt elit et. Reprehenderit voluptate qui mollit anim amet aute proident occaecat excepteur aute labore. Ex commodo sint laborum adipisicing consequat. Voluptate cillum laboris et deserunt.\r\n",
  "registered": "2014-05-25T12:28:25-07:00",
  "tags": [
    "adipisicing",
    "mollit",
    "sunt",
    "qui",
    "ad",
    "amet",
    "laboris"
  ],
  "friends": [
    {
      "id": 0,
      "name": "Summer Avery"
    },
    {
      "id": 1,
      "name": "Dina Guerra"
    },
    {
      "id": 2,
      "name": "Duran Lynch"
    }
  ],
  "greeting": "Hello, Concetta Wallace! You have 1 unread messages.",
  "favoriteFruit": "orange",
  "location": {
    "latitude": 83.686048,
    "longitude": 26.193991
  },
  "docFormat": "json",
  "triples": [
    {
      "triple": {
        "subject": "/sample-data/data-1973.json",
        "predicate": "http://www.w3.org/2000/01/rdf-schema#label",
        "object": "Concetta Wallace"
      }
    },
    {
      "triple": {
        "subject": "/sample-data/data-1973.json",
        "predicate": "http://www.w3.org/1999/02/22-rdf-syntax-ns#type",
        "object": "http://xmlns.com/foaf/0.1/Person"
      }
    },
    {
      "triple": {
        "subject": "/sample-data/data-1973.json",
        "predicate": "http://xmlns.com/foaf/0.1/knows",
        "object": "/sample-data/data-1692.json"
      }
    },
    {
      "triple": {
        "subject": "/sample-data/data-1973.json",
        "predicate": "http://xmlns.com/foaf/0.1/knows",
        "object": "/sample-data/data-1676.json"
      }
    },
    {
      "triple": {
        "subject": "/sample-data/data-1973.json",
        "predicate": "http://xmlns.com/foaf/0.1/knows",
        "object": "/sample-data/data-1005.json"
      }
    }
  ]
}