{
  "_id": "55ee5e98118cc96ec10cdad1",
  "index": 2515,
  "guid": "c2cec3c1-be4e-48d9-a308-88cfb6a88363",
  "isActive": false,
  "balance": "$59,362.74",
  "picture": "http://placehold.it/32x32",
  "age": 68,
  "eyeColor": "hazel",
  "name": "Tabitha Perkins",
  "gender": "female",
  "company": "PROFLEX",
  "email": "tabithaperkins@proflex.com",
  "phone": "+1 (924) 474-2122",
  "address": "746 Revere Place, Richmond, Maryland, 6334",
  "about": "Consequat ullamco commodo ex labore cupidatat sunt. Sint laboris sunt exercitation duis nisi aliquip cillum. Consectetur nisi commodo nostrud minim esse deserunt adipisicing enim labore cillum aliquip nulla ipsum. Enim esse mollit cupidatat aliqua enim consequat ea minim veniam tempor.\r\n",
  "registered": "2014-03-23T08:27:22-07:00",
  "tags": [
    "amet",
    "et",
    "minim",
    "laboris",
    "minim",
    "et",
    "tempor"
  ],
  "friends": [
    {
      "id": 0,
      "name": "Todd Dyer"
    },
    {
      "id": 1,
      "name": "Kemp Young"
    },
    {
      "id": 2,
      "name": "Ashlee Haley"
    }
  ],
  "greeting": "Hello, Tabitha Perkins! You have 1 unread messages.",
  "favoriteFruit": "pear",
  "location": {
    "latitude": 69.151413,
    "longitude": 47.261121
  },
  "docFormat": "json",
  "triples": [
    {
      "triple": {
        "subject": "/sample-data/data-2515.json",
        "predicate": "http://www.w3.org/2000/01/rdf-schema#label",
        "object": "Tabitha Perkins"
      }
    },
    {
      "triple": {
        "subject": "/sample-data/data-2515.json",
        "predicate": "http://www.w3.org/1999/02/22-rdf-syntax-ns#type",
        "object": "http://xmlns.com/foaf/0.1/Person"
      }
    },
    {
      "triple": {
        "subject": "/sample-data/data-2515.json",
        "predicate": "http://xmlns.com/foaf/0.1/knows",
        "object": "/sample-data/data-2897.json"
      }
    },
    {
      "triple": {
        "subject": "/sample-data/data-2515.json",
        "predicate": "http://xmlns.com/foaf/0.1/knows",
        "object": "/sample-data/data-550.json"
      }
    },
    {
      "triple": {
        "subject": "/sample-data/data-2515.json",
        "predicate": "http://xmlns.com/foaf/0.1/knows",
        "object": "/sample-data/data-1121.json"
      }
    }
  ]
}