{
  "_id": "55ee5e44e3e1968fdeee8dd4",
  "index": 808,
  "guid": "cdc8c382-b070-4e59-adef-3812606d71f2",
  "isActive": false,
  "balance": "$3,972.21",
  "picture": "http://placehold.it/32x32",
  "age": 27,
  "eyeColor": "green",
  "name": "Katina Monroe",
  "gender": "female",
  "company": "VIRXO",
  "email": "katinamonroe@virxo.com",
  "phone": "+1 (953) 548-3123",
  "address": "185 Sapphire Street, Marion, Maryland, 8013",
  "about": "Eu ut consectetur enim et exercitation deserunt duis ad do consectetur. Eu proident id est officia veniam. Quis et tempor Lorem ea tempor anim sint tempor. Dolore excepteur pariatur enim exercitation. Quis incididunt cupidatat enim sunt exercitation aute. Culpa aliquip sint consequat in non qui ad labore eu exercitation ex. Irure quis officia mollit ipsum.\r\n",
  "registered": "2014-09-23T07:25:01-07:00",
  "tags": [
    "nulla",
    "adipisicing",
    "sunt",
    "voluptate",
    "proident",
    "irure",
    "aute"
  ],
  "friends": [
    {
      "id": 0,
      "name": "Blake Bailey"
    },
    {
      "id": 1,
      "name": "Darlene Ward"
    },
    {
      "id": 2,
      "name": "Michele Bond"
    }
  ],
  "greeting": "Hello, Katina Monroe! You have 6 unread messages.",
  "favoriteFruit": "strawberry",
  "location": {
    "latitude": -58.771724,
    "longitude": 148.331258
  },
  "docFormat": "json",
  "triples": [
    {
      "triple": {
        "subject": "/sample-data/data-808.json",
        "predicate": "http://www.w3.org/2000/01/rdf-schema#label",
        "object": "Katina Monroe"
      }
    },
    {
      "triple": {
        "subject": "/sample-data/data-808.json",
        "predicate": "http://www.w3.org/1999/02/22-rdf-syntax-ns#type",
        "object": "http://xmlns.com/foaf/0.1/Person"
      }
    },
    {
      "triple": {
        "subject": "/sample-data/data-808.json",
        "predicate": "http://xmlns.com/foaf/0.1/knows",
        "object": "/sample-data/data-164.json"
      }
    },
    {
      "triple": {
        "subject": "/sample-data/data-808.json",
        "predicate": "http://xmlns.com/foaf/0.1/knows",
        "object": "/sample-data/data-2969.json"
      }
    },
    {
      "triple": {
        "subject": "/sample-data/data-808.json",
        "predicate": "http://xmlns.com/foaf/0.1/knows",
        "object": "/sample-data/data-2151.json"
      }
    }
  ]
}