{
  "_id": "55ee5e98700d3ec0fe3c3bfb",
  "index": 2057,
  "guid": "3fb80d57-a094-47ef-91c6-eb30d92fae82",
  "isActive": true,
  "balance": "$87,230.63",
  "picture": "http://placehold.it/32x32",
  "age": 38,
  "eyeColor": "amethyst",
  "name": "Gwendolyn Beck",
  "gender": "female",
  "company": "SUPREMIA",
  "email": "gwendolynbeck@supremia.com",
  "phone": "+1 (808) 545-3902",
  "address": "436 Powers Street, Enetai, Nebraska, 145",
  "about": "Adipisicing qui esse mollit pariatur non magna exercitation dolor dolore ex. Amet proident non voluptate commodo dolor. In ipsum consectetur tempor eu veniam culpa. Magna elit id nostrud et voluptate sint est voluptate occaecat anim officia.\r\n",
  "registered": "2015-04-02T09:49:03-07:00",
  "tags": [
    "sit",
    "magna",
    "culpa",
    "eu",
    "anim",
    "sunt",
    "ea"
  ],
  "friends": [
    {
      "id": 0,
      "name": "Frances Mckenzie"
    },
    {
      "id": 1,
      "name": "Winnie Gonzales"
    },
    {
      "id": 2,
      "name": "Lela Perry"
    }
  ],
  "greeting": "Hello, Gwendolyn Beck! You have 1 unread messages.",
  "favoriteFruit": "banana",
  "location": {
    "latitude": -62.681863,
    "longitude": 2.754518
  },
  "docFormat": "json",
  "triples": [
    {
      "triple": {
        "subject": "/sample-data/data-2057.json",
        "predicate": "http://www.w3.org/2000/01/rdf-schema#label",
        "object": "Gwendolyn Beck"
      }
    },
    {
      "triple": {
        "subject": "/sample-data/data-2057.json",
        "predicate": "http://www.w3.org/1999/02/22-rdf-syntax-ns#type",
        "object": "http://xmlns.com/foaf/0.1/Person"
      }
    },
    {
      "triple": {
        "subject": "/sample-data/data-2057.json",
        "predicate": "http://xmlns.com/foaf/0.1/knows",
        "object": "/sample-data/data-2913.json"
      }
    },
    {
      "triple": {
        "subject": "/sample-data/data-2057.json",
        "predicate": "http://xmlns.com/foaf/0.1/knows",
        "object": "/sample-data/data-268.json"
      }
    },
    {
      "triple": {
        "subject": "/sample-data/data-2057.json",
        "predicate": "http://xmlns.com/foaf/0.1/knows",
        "object": "/sample-data/data-1508.json"
      }
    }
  ]
}