{
  "_id": "55ee5e447a43f67c5d4fc1d8",
  "index": 916,
  "guid": "c5775183-7b03-4a42-bbdd-5fa874c693b4",
  "isActive": false,
  "balance": "$40,606.71",
  "picture": "http://placehold.it/32x32",
  "age": 24,
  "eyeColor": "green",
  "name": "Cochran Cardenas",
  "gender": "male",
  "company": "OLYMPIX",
  "email": "cochrancardenas@olympix.com",
  "phone": "+1 (819) 571-3783",
  "address": "244 Sharon Street, Toftrees, Kentucky, 2717",
  "about": "Voluptate laborum laboris eiusmod sit officia id cillum ullamco consequat. In voluptate qui adipisicing nostrud aute. Adipisicing anim reprehenderit velit occaecat non eiusmod quis in reprehenderit magna sit adipisicing. Do ipsum aliqua enim veniam non exercitation ut sunt adipisicing Lorem. Aliquip officia irure non aliquip officia magna ipsum. Ullamco sit exercitation non esse irure et occaecat nulla enim quis anim cupidatat.\r\n",
  "registered": "2014-11-01T01:38:08-07:00",
  "tags": [
    "dolore",
    "laborum",
    "ea",
    "amet",
    "ea",
    "laboris",
    "consequat"
  ],
  "friends": [
    {
      "id": 0,
      "name": "Christensen Strong"
    },
    {
      "id": 1,
      "name": "Latisha Holder"
    },
    {
      "id": 2,
      "name": "Brewer Leach"
    }
  ],
  "greeting": "Hello, Cochran Cardenas! You have 5 unread messages.",
  "favoriteFruit": "orange",
  "location": {
    "latitude": -28.290337,
    "longitude": -120.03217
  },
  "docFormat": "json",
  "triples": [
    {
      "triple": {
        "subject": "/sample-data/data-916.json",
        "predicate": "http://www.w3.org/2000/01/rdf-schema#label",
        "object": "Cochran Cardenas"
      }
    },
    {
      "triple": {
        "subject": "/sample-data/data-916.json",
        "predicate": "http://www.w3.org/1999/02/22-rdf-syntax-ns#type",
        "object": "http://xmlns.com/foaf/0.1/Person"
      }
    },
    {
      "triple": {
        "subject": "/sample-data/data-916.json",
        "predicate": "http://xmlns.com/foaf/0.1/knows",
        "object": "/sample-data/data-235.json"
      }
    },
    {
      "triple": {
        "subject": "/sample-data/data-916.json",
        "predicate": "http://xmlns.com/foaf/0.1/knows",
        "object": "/sample-data/data-1420.json"
      }
    },
    {
      "triple": {
        "subject": "/sample-data/data-916.json",
        "predicate": "http://xmlns.com/foaf/0.1/knows",
        "object": "/sample-data/data-2826.json"
      }
    }
  ]
}