{
  "_id": "55ee5e4425db8f5f2d4b3e17",
  "index": 864,
  "guid": "afaa6038-df62-494d-840a-342bb9a94c76",
  "isActive": true,
  "balance": "$4,544.75",
  "picture": "http://placehold.it/32x32",
  "age": 53,
  "eyeColor": "green",
  "name": "Courtney Chase",
  "gender": "female",
  "company": "SNIPS",
  "email": "courtneychase@snips.com",
  "phone": "+1 (934) 420-3124",
  "address": "213 Gerry Street, Navarre, Utah, 5644",
  "about": "Reprehenderit anim laboris exercitation id quis tempor quis id laborum consectetur amet anim consequat pariatur. Nisi pariatur et labore et. Ad consectetur aute anim consequat elit. Amet id mollit incididunt aliqua sunt consequat enim velit duis eu. Nulla non cillum minim sit dolore enim. Et excepteur incididunt ex irure eiusmod ad.\r\n",
  "registered": "2015-06-14T06:07:45-07:00",
  "tags": [
    "quis",
    "ad",
    "aliquip",
    "eu",
    "exercitation",
    "elit",
    "voluptate"
  ],
  "friends": [
    {
      "id": 0,
      "name": "Zelma Moore"
    },
    {
      "id": 1,
      "name": "Angeline Robles"
    },
    {
      "id": 2,
      "name": "Cassandra Scott"
    }
  ],
  "greeting": "Hello, Courtney Chase! You have 4 unread messages.",
  "favoriteFruit": "pear",
  "location": {
    "latitude": -86.37076,
    "longitude": 59.400559
  },
  "docFormat": "json",
  "triples": [
    {
      "triple": {
        "subject": "/sample-data/data-864.json",
        "predicate": "http://www.w3.org/2000/01/rdf-schema#label",
        "object": "Courtney Chase"
      }
    },
    {
      "triple": {
        "subject": "/sample-data/data-864.json",
        "predicate": "http://www.w3.org/1999/02/22-rdf-syntax-ns#type",
        "object": "http://xmlns.com/foaf/0.1/Person"
      }
    },
    {
      "triple": {
        "subject": "/sample-data/data-864.json",
        "predicate": "http://xmlns.com/foaf/0.1/knows",
        "object": "/sample-data/data-401.json"
      }
    },
    {
      "triple": {
        "subject": "/sample-data/data-864.json",
        "predicate": "http://xmlns.com/foaf/0.1/knows",
        "object": "/sample-data/data-342.json"
      }
    },
    {
      "triple": {
        "subject": "/sample-data/data-864.json",
        "predicate": "http://xmlns.com/foaf/0.1/knows",
        "object": "/sample-data/data-2463.json"
      }
    }
  ]
}