{
  "_id": "55ee5e98d0a50b9250d6e8d9",
  "index": 2689,
  "guid": "69b0f93d-c421-4db1-bd66-e8a7685589ef",
  "isActive": false,
  "balance": "$96,519.34",
  "picture": "http://placehold.it/32x32",
  "age": 66,
  "eyeColor": "honey",
  "name": "Holder Slater",
  "gender": "male",
  "company": "NAMEBOX",
  "email": "holderslater@namebox.com",
  "phone": "+1 (994) 597-3051",
  "address": "875 Ocean Avenue, Smock, Maryland, 2781",
  "about": "Amet magna do eu irure eiusmod sit aliquip officia in duis quis pariatur qui. Tempor labore labore officia cupidatat mollit qui eiusmod magna sint aliqua adipisicing reprehenderit cupidatat non. Commodo ad Lorem quis sunt dolore nisi. Anim id proident ad excepteur aute pariatur id. Consectetur quis ullamco ipsum nulla. Ipsum ullamco dolore laborum magna mollit aute labore exercitation ad officia Lorem mollit cupidatat. Nisi mollit veniam et nisi anim.\r\n",
  "registered": "2014-12-31T07:59:15-07:00",
  "tags": [
    "aliquip",
    "ipsum",
    "eu",
    "est",
    "quis",
    "veniam",
    "ullamco"
  ],
  "friends": [
    {
      "id": 0,
      "name": "Christian Hayes"
    },
    {
      "id": 1,
      "name": "Carey Underwood"
    },
    {
      "id": 2,
      "name": "Pruitt Tanner"
    }
  ],
  "greeting": "Hello, Holder Slater! You have 3 unread messages.",
  "favoriteFruit": "strawberry",
  "location": {
    "latitude": 41.010985,
    "longitude": 151.049281
  },
  "docFormat": "json",
  "triples": [
    {
      "triple": {
        "subject": "/sample-data/data-2689.json",
        "predicate": "http://www.w3.org/2000/01/rdf-schema#label",
        "object": "Holder Slater"
      }
    },
    {
      "triple": {
        "subject": "/sample-data/data-2689.json",
        "predicate": "http://www.w3.org/1999/02/22-rdf-syntax-ns#type",
        "object": "http://xmlns.com/foaf/0.1/Person"
      }
    },
    {
      "triple": {
        "subject": "/sample-data/data-2689.json",
        "predicate": "http://xmlns.com/foaf/0.1/knows",
        "object": "/sample-data/data-441.json"
      }
    },
    {
      "triple": {
        "subject": "/sample-data/data-2689.json",
        "predicate": "http://xmlns.com/foaf/0.1/knows",
        "object": "/sample-data/data-653.json"
      }
    },
    {
      "triple": {
        "subject": "/sample-data/data-2689.json",
        "predicate": "http://xmlns.com/foaf/0.1/knows",
        "object": "/sample-data/data-2616.json"
      }
    }
  ]
}