{
  "_id": "55ee5e98e7a3f9980d759f0f",
  "index": 2534,
  "guid": "6624b606-33b9-49df-911d-1181667ade17",
  "isActive": true,
  "balance": "$78,692.51",
  "picture": "http://placehold.it/32x32",
  "age": 40,
  "eyeColor": "brown",
  "name": "Cortez Hicks",
  "gender": "male",
  "company": "FURNITECH",
  "email": "cortezhicks@furnitech.com",
  "phone": "+1 (898) 591-2271",
  "address": "452 Hillel Place, Rodanthe, New Jersey, 9158",
  "about": "Labore cillum aliquip excepteur do et culpa amet. Consequat magna minim elit id. Quis non ipsum excepteur id eiusmod labore laboris laboris nostrud. Dolore irure id do incididunt. Eiusmod adipisicing Lorem aliqua laborum consequat ut tempor sit quis ea veniam consectetur dolor reprehenderit. Ut sint ad minim tempor officia cillum quis. Eu cupidatat eiusmod cillum fugiat incididunt.\r\n",
  "registered": "2014-01-23T02:38:25-07:00",
  "tags": [
    "enim",
    "fugiat",
    "occaecat",
    "do",
    "consectetur",
    "velit",
    "id"
  ],
  "friends": [
    {
      "id": 0,
      "name": "Sosa Heath"
    },
    {
      "id": 1,
      "name": "Marie Bradshaw"
    },
    {
      "id": 2,
      "name": "Alvarez Battle"
    }
  ],
  "greeting": "Hello, Cortez Hicks! You have 5 unread messages.",
  "favoriteFruit": "pear",
  "location": {
    "latitude": -27.488031,
    "longitude": -45.215827
  },
  "docFormat": "json",
  "triples": [
    {
      "triple": {
        "subject": "/sample-data/data-2534.json",
        "predicate": "http://www.w3.org/2000/01/rdf-schema#label",
        "object": "Cortez Hicks"
      }
    },
    {
      "triple": {
        "subject": "/sample-data/data-2534.json",
        "predicate": "http://www.w3.org/1999/02/22-rdf-syntax-ns#type",
        "object": "http://xmlns.com/foaf/0.1/Person"
      }
    },
    {
      "triple": {
        "subject": "/sample-data/data-2534.json",
        "predicate": "http://xmlns.com/foaf/0.1/knows",
        "object": "/sample-data/data-2297.json"
      }
    },
    {
      "triple": {
        "subject": "/sample-data/data-2534.json",
        "predicate": "http://xmlns.com/foaf/0.1/knows",
        "object": "/sample-data/data-2667.json"
      }
    },
    {
      "triple": {
        "subject": "/sample-data/data-2534.json",
        "predicate": "http://xmlns.com/foaf/0.1/knows",
        "object": "/sample-data/data-1814.json"
      }
    }
  ]
}