{
  "_id": "55ee5e984e1a2c10ac1ec8ce",
  "index": 2963,
  "guid": "6cd7eabd-cbf8-47fd-a518-4f81b063bba8",
  "isActive": false,
  "balance": "$55,093.19",
  "picture": "http://placehold.it/32x32",
  "age": 42,
  "eyeColor": "green",
  "name": "Evangeline Phelps",
  "gender": "female",
  "company": "RUGSTARS",
  "email": "evangelinephelps@rugstars.com",
  "phone": "+1 (896) 548-2214",
  "address": "341 Stone Avenue, Windsor, Arizona, 752",
  "about": "Duis nisi proident aliqua ullamco. Pariatur ut aliqua deserunt sunt laborum pariatur. Ex fugiat ea cupidatat enim nisi exercitation ad adipisicing ea aliquip nostrud aliquip consequat.\r\n",
  "registered": "2014-12-18T11:28:37-07:00",
  "tags": [
    "dolore",
    "velit",
    "consequat",
    "deserunt",
    "sit",
    "consectetur",
    "aute"
  ],
  "friends": [
    {
      "id": 0,
      "name": "Payne Gillespie"
    },
    {
      "id": 1,
      "name": "Pitts Michael"
    },
    {
      "id": 2,
      "name": "Duke Malone"
    }
  ],
  "greeting": "Hello, Evangeline Phelps! You have 4 unread messages.",
  "favoriteFruit": "orange",
  "location": {
    "latitude": 6.257506,
    "longitude": 133.66266
  },
  "docFormat": "json",
  "triples": [
    {
      "triple": {
        "subject": "/sample-data/data-2963.json",
        "predicate": "http://www.w3.org/2000/01/rdf-schema#label",
        "object": "Evangeline Phelps"
      }
    },
    {
      "triple": {
        "subject": "/sample-data/data-2963.json",
        "predicate": "http://www.w3.org/1999/02/22-rdf-syntax-ns#type",
        "object": "http://xmlns.com/foaf/0.1/Person"
      }
    },
    {
      "triple": {
        "subject": "/sample-data/data-2963.json",
        "predicate": "http://xmlns.com/foaf/0.1/knows",
        "object": "/sample-data/data-16.json"
      }
    },
    {
      "triple": {
        "subject": "/sample-data/data-2963.json",
        "predicate": "http://xmlns.com/foaf/0.1/knows",
        "object": "/sample-data/data-237.json"
      }
    },
    {
      "triple": {
        "subject": "/sample-data/data-2963.json",
        "predicate": "http://xmlns.com/foaf/0.1/knows",
        "object": "/sample-data/data-617.json"
      }
    }
  ]
}