{
  "_id": "55ee5e44cda83ecc60de3524",
  "index": 582,
  "guid": "607081c0-e7cd-41a6-b81a-b959b7dd57d5",
  "isActive": true,
  "balance": "$18,281.51",
  "picture": "http://placehold.it/32x32",
  "age": 46,
  "eyeColor": "brown",
  "name": "Iva Phillips",
  "gender": "female",
  "company": "ISODRIVE",
  "email": "ivaphillips@isodrive.com",
  "phone": "+1 (954) 471-2461",
  "address": "303 Herkimer Street, Sunnyside, Maine, 6137",
  "about": "Consectetur ea amet adipisicing sint laborum. Velit minim nostrud labore veniam amet nisi mollit qui labore amet officia labore ex. Excepteur labore culpa adipisicing veniam deserunt fugiat aliqua esse. Deserunt commodo non cillum laboris excepteur consequat anim esse aliquip adipisicing sint deserunt excepteur esse. Ut aliquip dolor labore id.\r\n",
  "registered": "2014-02-21T02:55:51-07:00",
  "tags": [
    "cupidatat",
    "cillum",
    "ipsum",
    "voluptate",
    "aliqua",
    "qui",
    "ex"
  ],
  "friends": [
    {
      "id": 0,
      "name": "Mcdowell Jimenez"
    },
    {
      "id": 1,
      "name": "May Velez"
    },
    {
      "id": 2,
      "name": "Alba Willis"
    }
  ],
  "greeting": "Hello, Iva Phillips! You have 8 unread messages.",
  "favoriteFruit": "strawberry",
  "location": {
    "latitude": 16.568775,
    "longitude": 8.047933
  },
  "docFormat": "json",
  "triples": [
    {
      "triple": {
        "subject": "/sample-data/data-582.json",
        "predicate": "http://www.w3.org/2000/01/rdf-schema#label",
        "object": "Iva Phillips"
      }
    },
    {
      "triple": {
        "subject": "/sample-data/data-582.json",
        "predicate": "http://www.w3.org/1999/02/22-rdf-syntax-ns#type",
        "object": "http://xmlns.com/foaf/0.1/Person"
      }
    },
    {
      "triple": {
        "subject": "/sample-data/data-582.json",
        "predicate": "http://xmlns.com/foaf/0.1/knows",
        "object": "/sample-data/data-2109.json"
      }
    },
    {
      "triple": {
        "subject": "/sample-data/data-582.json",
        "predicate": "http://xmlns.com/foaf/0.1/knows",
        "object": "/sample-data/data-2515.json"
      }
    },
    {
      "triple": {
        "subject": "/sample-data/data-582.json",
        "predicate": "http://xmlns.com/foaf/0.1/knows",
        "object": "/sample-data/data-1637.json"
      }
    }
  ]
}