{
  "_id": "55ee5e983a2bb077877c1bd6",
  "index": 2503,
  "guid": "a9380db6-f2f6-4842-8fc0-24be1ac4d976",
  "isActive": true,
  "balance": "$87,765.15",
  "picture": "http://placehold.it/32x32",
  "age": 61,
  "eyeColor": "amethyst",
  "name": "Wagner Rivas",
  "gender": "male",
  "company": "AQUASURE",
  "email": "wagnerrivas@aquasure.com",
  "phone": "+1 (877) 500-3644",
  "address": "513 Berkeley Place, Tyhee, Iowa, 3761",
  "about": "Eiusmod commodo enim voluptate ex in sit voluptate elit ea proident occaecat tempor mollit. Dolor esse commodo non quis do. Duis eiusmod eu do aliqua.\r\n",
  "registered": "2014-09-13T07:49:43-07:00",
  "tags": [
    "sint",
    "est",
    "est",
    "ullamco",
    "eiusmod",
    "sunt",
    "officia"
  ],
  "friends": [
    {
      "id": 0,
      "name": "Emily Finch"
    },
    {
      "id": 1,
      "name": "Holt Key"
    },
    {
      "id": 2,
      "name": "Bender Watts"
    }
  ],
  "greeting": "Hello, Wagner Rivas! You have 3 unread messages.",
  "favoriteFruit": "strawberry",
  "location": {
    "latitude": 15.810124,
    "longitude": 65.386257
  },
  "docFormat": "json",
  "triples": [
    {
      "triple": {
        "subject": "/sample-data/data-2503.json",
        "predicate": "http://www.w3.org/2000/01/rdf-schema#label",
        "object": "Wagner Rivas"
      }
    },
    {
      "triple": {
        "subject": "/sample-data/data-2503.json",
        "predicate": "http://www.w3.org/1999/02/22-rdf-syntax-ns#type",
        "object": "http://xmlns.com/foaf/0.1/Person"
      }
    },
    {
      "triple": {
        "subject": "/sample-data/data-2503.json",
        "predicate": "http://xmlns.com/foaf/0.1/knows",
        "object": "/sample-data/data-1613.json"
      }
    },
    {
      "triple": {
        "subject": "/sample-data/data-2503.json",
        "predicate": "http://xmlns.com/foaf/0.1/knows",
        "object": "/sample-data/data-1100.json"
      }
    },
    {
      "triple": {
        "subject": "/sample-data/data-2503.json",
        "predicate": "http://xmlns.com/foaf/0.1/knows",
        "object": "/sample-data/data-1606.json"
      }
    }
  ]
}