{
  "_id": "55ee5e9846cd6040ddb20b99",
  "index": 2606,
  "guid": "b7a5fde0-2184-4be4-b2d1-d31f7d484839",
  "isActive": true,
  "balance": "$15,915.75",
  "picture": "http://placehold.it/32x32",
  "age": 42,
  "eyeColor": "green",
  "name": "Roseann Allison",
  "gender": "female",
  "company": "PANZENT",
  "email": "roseannallison@panzent.com",
  "phone": "+1 (859) 514-2594",
  "address": "608 Colin Place, Stockdale, California, 2793",
  "about": "Nostrud quis eu ullamco ipsum sit. Duis minim tempor non minim ullamco fugiat anim reprehenderit proident aliquip ea aute. Consectetur sint amet cillum ullamco ad sint sit. Tempor occaecat ad officia laborum nostrud laborum pariatur non. Nulla anim eiusmod officia non. Tempor dolor sint minim consectetur culpa commodo cillum irure ad duis duis aute.\r\n",
  "registered": "2015-08-31T02:19:55-07:00",
  "tags": [
    "sit",
    "velit",
    "commodo",
    "proident",
    "laboris",
    "irure",
    "anim"
  ],
  "friends": [
    {
      "id": 0,
      "name": "Joni Wade"
    },
    {
      "id": 1,
      "name": "Melba Guerra"
    },
    {
      "id": 2,
      "name": "Lynne Cooley"
    }
  ],
  "greeting": "Hello, Roseann Allison! You have 5 unread messages.",
  "favoriteFruit": "pear",
  "location": {
    "latitude": 72.161205,
    "longitude": -38.461224
  },
  "docFormat": "json",
  "triples": [
    {
      "triple": {
        "subject": "/sample-data/data-2606.json",
        "predicate": "http://www.w3.org/2000/01/rdf-schema#label",
        "object": "Roseann Allison"
      }
    },
    {
      "triple": {
        "subject": "/sample-data/data-2606.json",
        "predicate": "http://www.w3.org/1999/02/22-rdf-syntax-ns#type",
        "object": "http://xmlns.com/foaf/0.1/Person"
      }
    },
    {
      "triple": {
        "subject": "/sample-data/data-2606.json",
        "predicate": "http://xmlns.com/foaf/0.1/knows",
        "object": "/sample-data/data-1081.json"
      }
    },
    {
      "triple": {
        "subject": "/sample-data/data-2606.json",
        "predicate": "http://xmlns.com/foaf/0.1/knows",
        "object": "/sample-data/data-1616.json"
      }
    },
    {
      "triple": {
        "subject": "/sample-data/data-2606.json",
        "predicate": "http://xmlns.com/foaf/0.1/knows",
        "object": "/sample-data/data-2139.json"
      }
    }
  ]
}