{
  "_id": "55ee5e448b8a542038828f87",
  "index": 243,
  "guid": "eec1523b-f082-4e5d-8353-3265c7daf94f",
  "isActive": true,
  "balance": "$44,673.20",
  "picture": "http://placehold.it/32x32",
  "age": 62,
  "eyeColor": "green",
  "name": "Moss Trevino",
  "gender": "male",
  "company": "KEGULAR",
  "email": "mosstrevino@kegular.com",
  "phone": "+1 (991) 533-2691",
  "address": "580 Ridgewood Place, Richmond, California, 1577",
  "about": "Sunt elit nisi aliqua reprehenderit elit laborum adipisicing aliqua fugiat dolor ipsum pariatur officia est. Officia nisi ullamco ea adipisicing commodo qui adipisicing. Mollit ex exercitation nostrud cupidatat aliqua do id fugiat mollit amet excepteur esse proident fugiat. Nulla elit ea deserunt dolor dolor est sint veniam reprehenderit nostrud sit duis. Tempor eiusmod non voluptate aute. Dolore sit ex dolor cillum ex laborum velit sint aute.\r\n",
  "registered": "2014-02-28T02:11:16-07:00",
  "tags": [
    "mollit",
    "duis",
    "laboris",
    "id",
    "consequat",
    "pariatur",
    "et"
  ],
  "friends": [
    {
      "id": 0,
      "name": "Mayra Mcdowell"
    },
    {
      "id": 1,
      "name": "Cooke Joyner"
    },
    {
      "id": 2,
      "name": "Whitney Sherman"
    }
  ],
  "greeting": "Hello, Moss Trevino! You have 6 unread messages.",
  "favoriteFruit": "orange",
  "location": {
    "latitude": 22.025836,
    "longitude": -114.874715
  },
  "docFormat": "json",
  "triples": [
    {
      "triple": {
        "subject": "/sample-data/data-243.json",
        "predicate": "http://www.w3.org/2000/01/rdf-schema#label",
        "object": "Moss Trevino"
      }
    },
    {
      "triple": {
        "subject": "/sample-data/data-243.json",
        "predicate": "http://www.w3.org/1999/02/22-rdf-syntax-ns#type",
        "object": "http://xmlns.com/foaf/0.1/Person"
      }
    },
    {
      "triple": {
        "subject": "/sample-data/data-243.json",
        "predicate": "http://xmlns.com/foaf/0.1/knows",
        "object": "/sample-data/data-1412.json"
      }
    },
    {
      "triple": {
        "subject": "/sample-data/data-243.json",
        "predicate": "http://xmlns.com/foaf/0.1/knows",
        "object": "/sample-data/data-2584.json"
      }
    },
    {
      "triple": {
        "subject": "/sample-data/data-243.json",
        "predicate": "http://xmlns.com/foaf/0.1/knows",
        "object": "/sample-data/data-212.json"
      }
    }
  ]
}