{
  "_id": "55ee5e44b63ec44a7955beb2",
  "index": 849,
  "guid": "7657db14-4681-4d78-87a7-db0e1ad79437",
  "isActive": true,
  "balance": "$81,620.82",
  "picture": "http://placehold.it/32x32",
  "age": 65,
  "eyeColor": "blue",
  "name": "Bertie Alvarez",
  "gender": "female",
  "company": "SQUISH",
  "email": "bertiealvarez@squish.com",
  "phone": "+1 (904) 528-3390",
  "address": "894 Foster Avenue, Dunnavant, New York, 826",
  "about": "Consectetur voluptate cillum sunt enim eu deserunt velit magna ullamco adipisicing. Dolor minim cillum magna pariatur ullamco ad nulla est. Anim nostrud velit duis ullamco ex ullamco reprehenderit ullamco.\r\n",
  "registered": "2014-04-08T09:20:11-07:00",
  "tags": [
    "quis",
    "minim",
    "amet",
    "velit",
    "excepteur",
    "ullamco",
    "est"
  ],
  "friends": [
    {
      "id": 0,
      "name": "Weiss Ochoa"
    },
    {
      "id": 1,
      "name": "Griffin Cunningham"
    },
    {
      "id": 2,
      "name": "Sexton Gillespie"
    }
  ],
  "greeting": "Hello, Bertie Alvarez! You have 7 unread messages.",
  "favoriteFruit": "apple",
  "location": {
    "latitude": 52.347682,
    "longitude": -7.573588
  },
  "docFormat": "json",
  "triples": [
    {
      "triple": {
        "subject": "/sample-data/data-849.json",
        "predicate": "http://www.w3.org/2000/01/rdf-schema#label",
        "object": "Bertie Alvarez"
      }
    },
    {
      "triple": {
        "subject": "/sample-data/data-849.json",
        "predicate": "http://www.w3.org/1999/02/22-rdf-syntax-ns#type",
        "object": "http://xmlns.com/foaf/0.1/Person"
      }
    },
    {
      "triple": {
        "subject": "/sample-data/data-849.json",
        "predicate": "http://xmlns.com/foaf/0.1/knows",
        "object": "/sample-data/data-505.json"
      }
    },
    {
      "triple": {
        "subject": "/sample-data/data-849.json",
        "predicate": "http://xmlns.com/foaf/0.1/knows",
        "object": "/sample-data/data-1721.json"
      }
    },
    {
      "triple": {
        "subject": "/sample-data/data-849.json",
        "predicate": "http://xmlns.com/foaf/0.1/knows",
        "object": "/sample-data/data-1548.json"
      }
    }
  ]
}