{
  "_id": "55ee5e98bb441dfc5ff21c18",
  "index": 2165,
  "guid": "fea31628-4348-4b1a-86f8-d5130fa90814",
  "isActive": false,
  "balance": "$59,124.40",
  "picture": "http://placehold.it/32x32",
  "age": 55,
  "eyeColor": "green",
  "name": "Coleen Gonzalez",
  "gender": "female",
  "company": "ANOCHA",
  "email": "coleengonzalez@anocha.com",
  "phone": "+1 (840) 568-3059",
  "address": "193 Newel Street, Templeton, Indiana, 7146",
  "about": "Lorem laboris fugiat labore culpa occaecat sit ipsum tempor non elit anim. In quis eiusmod elit fugiat sunt occaecat nulla sunt in in incididunt. Sunt nostrud id culpa commodo ullamco consectetur esse.\r\n",
  "registered": "2015-04-19T07:18:17-07:00",
  "tags": [
    "cillum",
    "anim",
    "nulla",
    "proident",
    "laboris",
    "non",
    "minim"
  ],
  "friends": [
    {
      "id": 0,
      "name": "Aisha Poole"
    },
    {
      "id": 1,
      "name": "Neva Howard"
    },
    {
      "id": 2,
      "name": "Sherri Pollard"
    }
  ],
  "greeting": "Hello, Coleen Gonzalez! You have 5 unread messages.",
  "favoriteFruit": "strawberry",
  "location": {
    "latitude": 85.703902,
    "longitude": 55.90477
  },
  "docFormat": "json",
  "triples": [
    {
      "triple": {
        "subject": "/sample-data/data-2165.json",
        "predicate": "http://www.w3.org/2000/01/rdf-schema#label",
        "object": "Coleen Gonzalez"
      }
    },
    {
      "triple": {
        "subject": "/sample-data/data-2165.json",
        "predicate": "http://www.w3.org/1999/02/22-rdf-syntax-ns#type",
        "object": "http://xmlns.com/foaf/0.1/Person"
      }
    },
    {
      "triple": {
        "subject": "/sample-data/data-2165.json",
        "predicate": "http://xmlns.com/foaf/0.1/knows",
        "object": "/sample-data/data-1970.json"
      }
    },
    {
      "triple": {
        "subject": "/sample-data/data-2165.json",
        "predicate": "http://xmlns.com/foaf/0.1/knows",
        "object": "/sample-data/data-2069.json"
      }
    },
    {
      "triple": {
        "subject": "/sample-data/data-2165.json",
        "predicate": "http://xmlns.com/foaf/0.1/knows",
        "object": "/sample-data/data-696.json"
      }
    }
  ]
}