{
  "_id": "55ee5e9832f47c96b316b701",
  "index": 2889,
  "guid": "0bee8dd5-f4a2-4255-8ef4-47d244dab522",
  "isActive": true,
  "balance": "$64,550.34",
  "picture": "http://placehold.it/32x32",
  "age": 26,
  "eyeColor": "green",
  "name": "Lee Nelson",
  "gender": "female",
  "company": "GEEKFARM",
  "email": "leenelson@geekfarm.com",
  "phone": "+1 (900) 509-3031",
  "address": "362 Miller Avenue, Witmer, Marshall Islands, 4389",
  "about": "Ut esse voluptate consectetur anim. Ut mollit ad ut qui. Ea adipisicing nulla quis enim fugiat do proident excepteur laboris culpa do. Commodo officia exercitation aute voluptate nisi aute pariatur fugiat tempor. Sit fugiat Lorem elit mollit est in. Sint ad aliquip amet anim exercitation mollit sint ex exercitation et minim culpa. Labore culpa Lorem dolore fugiat quis irure reprehenderit cillum non aliquip ad.\r\n",
  "registered": "2014-05-29T03:47:27-07:00",
  "tags": [
    "enim",
    "et",
    "enim",
    "adipisicing",
    "incididunt",
    "elit",
    "do"
  ],
  "friends": [
    {
      "id": 0,
      "name": "Marsh Peters"
    },
    {
      "id": 1,
      "name": "Cleo Anthony"
    },
    {
      "id": 2,
      "name": "Betty Lott"
    }
  ],
  "greeting": "Hello, Lee Nelson! You have 1 unread messages.",
  "favoriteFruit": "orange",
  "location": {
    "latitude": -48.53356,
    "longitude": -2.885497
  },
  "docFormat": "json",
  "triples": [
    {
      "triple": {
        "subject": "/sample-data/data-2889.json",
        "predicate": "http://www.w3.org/2000/01/rdf-schema#label",
        "object": "Lee Nelson"
      }
    },
    {
      "triple": {
        "subject": "/sample-data/data-2889.json",
        "predicate": "http://www.w3.org/1999/02/22-rdf-syntax-ns#type",
        "object": "http://xmlns.com/foaf/0.1/Person"
      }
    },
    {
      "triple": {
        "subject": "/sample-data/data-2889.json",
        "predicate": "http://xmlns.com/foaf/0.1/knows",
        "object": "/sample-data/data-722.json"
      }
    },
    {
      "triple": {
        "subject": "/sample-data/data-2889.json",
        "predicate": "http://xmlns.com/foaf/0.1/knows",
        "object": "/sample-data/data-1210.json"
      }
    },
    {
      "triple": {
        "subject": "/sample-data/data-2889.json",
        "predicate": "http://xmlns.com/foaf/0.1/knows",
        "object": "/sample-data/data-980.json"
      }
    }
  ]
}