{
  "_id": "55ee5e45aedc642f34367e96",
  "index": 1724,
  "guid": "10602945-001c-4625-80d4-e2405dcb516b",
  "isActive": false,
  "balance": "$42,669.79",
  "picture": "http://placehold.it/32x32",
  "age": 66,
  "eyeColor": "blue",
  "name": "Bray Lynch",
  "gender": "male",
  "company": "LOVEPAD",
  "email": "braylynch@lovepad.com",
  "phone": "+1 (844) 578-3666",
  "address": "795 Crown Street, Hayes, Massachusetts, 1320",
  "about": "Labore proident fugiat id dolor sint id non enim. Consectetur ut nostrud deserunt qui voluptate occaecat dolor. Sunt incididunt ea sit tempor sint irure eu et quis pariatur. Mollit sunt tempor pariatur ut anim eu est cupidatat sint ipsum. Veniam sunt ut dolor deserunt do pariatur irure veniam aute ullamco aute sunt magna nulla.\r\n",
  "registered": "2014-03-24T11:01:35-07:00",
  "tags": [
    "fugiat",
    "aliquip",
    "aliqua",
    "dolore",
    "tempor",
    "ullamco",
    "dolor"
  ],
  "friends": [
    {
      "id": 0,
      "name": "Conway Buck"
    },
    {
      "id": 1,
      "name": "Kelley Copeland"
    },
    {
      "id": 2,
      "name": "Sheppard Campos"
    }
  ],
  "greeting": "Hello, Bray Lynch! You have 5 unread messages.",
  "favoriteFruit": "banana",
  "location": {
    "latitude": 39.497402,
    "longitude": -106.393638
  },
  "docFormat": "json",
  "triples": [
    {
      "triple": {
        "subject": "/sample-data/data-1724.json",
        "predicate": "http://www.w3.org/2000/01/rdf-schema#label",
        "object": "Bray Lynch"
      }
    },
    {
      "triple": {
        "subject": "/sample-data/data-1724.json",
        "predicate": "http://www.w3.org/1999/02/22-rdf-syntax-ns#type",
        "object": "http://xmlns.com/foaf/0.1/Person"
      }
    },
    {
      "triple": {
        "subject": "/sample-data/data-1724.json",
        "predicate": "http://xmlns.com/foaf/0.1/knows",
        "object": "/sample-data/data-1046.json"
      }
    },
    {
      "triple": {
        "subject": "/sample-data/data-1724.json",
        "predicate": "http://xmlns.com/foaf/0.1/knows",
        "object": "/sample-data/data-1386.json"
      }
    },
    {
      "triple": {
        "subject": "/sample-data/data-1724.json",
        "predicate": "http://xmlns.com/foaf/0.1/knows",
        "object": "/sample-data/data-755.json"
      }
    }
  ]
}