{
  "_id": "55ee5e982bc536bd2ea5e17c",
  "index": 2299,
  "guid": "2fe8fb54-b0a1-4b93-8cff-3a54f180e214",
  "isActive": false,
  "balance": "$9,486.83",
  "picture": "http://placehold.it/32x32",
  "age": 53,
  "eyeColor": "brown",
  "name": "Shelby Ward",
  "gender": "female",
  "company": "ZAGGLES",
  "email": "shelbyward@zaggles.com",
  "phone": "+1 (845) 512-3015",
  "address": "197 Guider Avenue, Loomis, West Virginia, 1010",
  "about": "Commodo consectetur aliquip cillum aliquip ea consectetur irure non adipisicing dolor do commodo aute consectetur. Pariatur in labore commodo eu qui do nulla ipsum laboris anim pariatur nisi. Nostrud occaecat magna commodo id aute aliquip duis est laboris esse commodo do. Aliquip nostrud ea est do sunt esse. Voluptate est dolor deserunt incididunt.\r\n",
  "registered": "2014-01-09T02:57:53-07:00",
  "tags": [
    "consectetur",
    "aute",
    "nostrud",
    "ut",
    "quis",
    "ex",
    "nisi"
  ],
  "friends": [
    {
      "id": 0,
      "name": "Hill Smith"
    },
    {
      "id": 1,
      "name": "Jillian Ware"
    },
    {
      "id": 2,
      "name": "Liza Houston"
    }
  ],
  "greeting": "Hello, Shelby Ward! You have 3 unread messages.",
  "favoriteFruit": "strawberry",
  "location": {
    "latitude": 35.773857,
    "longitude": -138.883841
  },
  "docFormat": "json",
  "triples": [
    {
      "triple": {
        "subject": "/sample-data/data-2299.json",
        "predicate": "http://www.w3.org/2000/01/rdf-schema#label",
        "object": "Shelby Ward"
      }
    },
    {
      "triple": {
        "subject": "/sample-data/data-2299.json",
        "predicate": "http://www.w3.org/1999/02/22-rdf-syntax-ns#type",
        "object": "http://xmlns.com/foaf/0.1/Person"
      }
    },
    {
      "triple": {
        "subject": "/sample-data/data-2299.json",
        "predicate": "http://xmlns.com/foaf/0.1/knows",
        "object": "/sample-data/data-1665.json"
      }
    },
    {
      "triple": {
        "subject": "/sample-data/data-2299.json",
        "predicate": "http://xmlns.com/foaf/0.1/knows",
        "object": "/sample-data/data-79.json"
      }
    },
    {
      "triple": {
        "subject": "/sample-data/data-2299.json",
        "predicate": "http://xmlns.com/foaf/0.1/knows",
        "object": "/sample-data/data-374.json"
      }
    }
  ]
}