{
  "_id": "55ee5e44ada5a45382000117",
  "index": 259,
  "guid": "70d1e366-fd5a-417e-a350-01ba08d9bcb5",
  "isActive": true,
  "balance": "$1,265.69",
  "picture": "http://placehold.it/32x32",
  "age": 37,
  "eyeColor": "brown",
  "name": "Meyers Guy",
  "gender": "male",
  "company": "NORSUL",
  "email": "meyersguy@norsul.com",
  "phone": "+1 (839) 484-3113",
  "address": "411 Delmonico Place, Vienna, Hawaii, 2927",
  "about": "Ullamco enim minim ad labore cillum. Tempor proident laboris eu in aliqua do do id ipsum. Lorem excepteur exercitation ea in aliqua id sint.\r\n",
  "registered": "2014-02-01T09:17:01-07:00",
  "tags": [
    "ullamco",
    "laboris",
    "esse",
    "ullamco",
    "officia",
    "excepteur",
    "in"
  ],
  "friends": [
    {
      "id": 0,
      "name": "Effie Hogan"
    },
    {
      "id": 1,
      "name": "Keller Levine"
    },
    {
      "id": 2,
      "name": "Elvia Barron"
    }
  ],
  "greeting": "Hello, Meyers Guy! You have 5 unread messages.",
  "favoriteFruit": "pear",
  "location": {
    "latitude": 31.382517,
    "longitude": -3.936997
  },
  "docFormat": "json",
  "triples": [
    {
      "triple": {
        "subject": "/sample-data/data-259.json",
        "predicate": "http://www.w3.org/2000/01/rdf-schema#label",
        "object": "Meyers Guy"
      }
    },
    {
      "triple": {
        "subject": "/sample-data/data-259.json",
        "predicate": "http://www.w3.org/1999/02/22-rdf-syntax-ns#type",
        "object": "http://xmlns.com/foaf/0.1/Person"
      }
    },
    {
      "triple": {
        "subject": "/sample-data/data-259.json",
        "predicate": "http://xmlns.com/foaf/0.1/knows",
        "object": "/sample-data/data-997.json"
      }
    },
    {
      "triple": {
        "subject": "/sample-data/data-259.json",
        "predicate": "http://xmlns.com/foaf/0.1/knows",
        "object": "/sample-data/data-12.json"
      }
    },
    {
      "triple": {
        "subject": "/sample-data/data-259.json",
        "predicate": "http://xmlns.com/foaf/0.1/knows",
        "object": "/sample-data/data-2549.json"
      }
    }
  ]
}