{
  "_id": "55ee5e4535f3d6b17f396902",
  "index": 1817,
  "guid": "d83d38cd-5866-451b-99eb-aa18d779a2ed",
  "isActive": true,
  "balance": "$96,225.48",
  "picture": "http://placehold.it/32x32",
  "age": 58,
  "eyeColor": "blue",
  "name": "Amy Rodriguez",
  "gender": "female",
  "company": "TROPOLIS",
  "email": "amyrodriguez@tropolis.com",
  "phone": "+1 (929) 592-3802",
  "address": "760 Little Street, Rutherford, Marshall Islands, 387",
  "about": "Magna mollit Lorem velit elit sit voluptate. Occaecat exercitation laboris non cupidatat quis velit eu duis mollit. Tempor et consectetur esse sint. Cupidatat elit dolore magna nulla irure nisi deserunt.\r\n",
  "registered": "2014-08-16T09:39:53-07:00",
  "tags": [
    "veniam",
    "sunt",
    "ullamco",
    "culpa",
    "do",
    "nisi",
    "ea"
  ],
  "friends": [
    {
      "id": 0,
      "name": "Nunez Madden"
    },
    {
      "id": 1,
      "name": "Miriam Hahn"
    },
    {
      "id": 2,
      "name": "Jones Hayes"
    }
  ],
  "greeting": "Hello, Amy Rodriguez! You have 8 unread messages.",
  "favoriteFruit": "banana",
  "location": {
    "latitude": -35.819885,
    "longitude": -165.805383
  },
  "docFormat": "json",
  "triples": [
    {
      "triple": {
        "subject": "/sample-data/data-1817.json",
        "predicate": "http://www.w3.org/2000/01/rdf-schema#label",
        "object": "Amy Rodriguez"
      }
    },
    {
      "triple": {
        "subject": "/sample-data/data-1817.json",
        "predicate": "http://www.w3.org/1999/02/22-rdf-syntax-ns#type",
        "object": "http://xmlns.com/foaf/0.1/Person"
      }
    },
    {
      "triple": {
        "subject": "/sample-data/data-1817.json",
        "predicate": "http://xmlns.com/foaf/0.1/knows",
        "object": "/sample-data/data-915.json"
      }
    },
    {
      "triple": {
        "subject": "/sample-data/data-1817.json",
        "predicate": "http://xmlns.com/foaf/0.1/knows",
        "object": "/sample-data/data-2422.json"
      }
    },
    {
      "triple": {
        "subject": "/sample-data/data-1817.json",
        "predicate": "http://xmlns.com/foaf/0.1/knows",
        "object": "/sample-data/data-2543.json"
      }
    }
  ]
}