{
  "_id": "55ee5e980ca7d3ec13a844d6",
  "index": 2128,
  "guid": "28c567d6-b5c3-4eec-8b20-165a1bdf7be1",
  "isActive": false,
  "balance": "$53,539.19",
  "picture": "http://placehold.it/32x32",
  "age": 35,
  "eyeColor": "amethyst",
  "name": "Rivera Benjamin",
  "gender": "male",
  "company": "XIXAN",
  "email": "riverabenjamin@xixan.com",
  "phone": "+1 (898) 494-2899",
  "address": "926 Cleveland Street, Skyland, New Jersey, 2132",
  "about": "Elit nostrud minim nulla reprehenderit tempor qui culpa. Aliqua ut laborum proident voluptate ex deserunt amet ipsum ut ipsum labore ex. Fugiat veniam cillum irure aliquip adipisicing pariatur pariatur sint incididunt ut tempor incididunt exercitation.\r\n",
  "registered": "2015-05-08T07:48:28-07:00",
  "tags": [
    "ut",
    "in",
    "anim",
    "mollit",
    "laboris",
    "ea",
    "exercitation"
  ],
  "friends": [
    {
      "id": 0,
      "name": "Patsy Good"
    },
    {
      "id": 1,
      "name": "Carroll Foley"
    },
    {
      "id": 2,
      "name": "Concepcion Hall"
    }
  ],
  "greeting": "Hello, Rivera Benjamin! You have 1 unread messages.",
  "favoriteFruit": "orange",
  "location": {
    "latitude": 54.822833,
    "longitude": 12.518201
  },
  "docFormat": "json",
  "triples": [
    {
      "triple": {
        "subject": "/sample-data/data-2128.json",
        "predicate": "http://www.w3.org/2000/01/rdf-schema#label",
        "object": "Rivera Benjamin"
      }
    },
    {
      "triple": {
        "subject": "/sample-data/data-2128.json",
        "predicate": "http://www.w3.org/1999/02/22-rdf-syntax-ns#type",
        "object": "http://xmlns.com/foaf/0.1/Person"
      }
    },
    {
      "triple": {
        "subject": "/sample-data/data-2128.json",
        "predicate": "http://xmlns.com/foaf/0.1/knows",
        "object": "/sample-data/data-1028.json"
      }
    },
    {
      "triple": {
        "subject": "/sample-data/data-2128.json",
        "predicate": "http://xmlns.com/foaf/0.1/knows",
        "object": "/sample-data/data-1392.json"
      }
    },
    {
      "triple": {
        "subject": "/sample-data/data-2128.json",
        "predicate": "http://xmlns.com/foaf/0.1/knows",
        "object": "/sample-data/data-1752.json"
      }
    }
  ]
}