{
  "_id": "55ee5e98f06ed1cefefce995",
  "index": 2871,
  "guid": "135b016d-cacd-4409-8745-641e17c3086a",
  "isActive": true,
  "balance": "$3,858.86",
  "picture": "http://placehold.it/32x32",
  "age": 59,
  "eyeColor": "hazel",
  "name": "Vang Odonnell",
  "gender": "male",
  "company": "COMVEYOR",
  "email": "vangodonnell@comveyor.com",
  "phone": "+1 (982) 587-2731",
  "address": "512 Erasmus Street, Eden, North Dakota, 956",
  "about": "Cupidatat labore Lorem consequat veniam deserunt voluptate amet. Eiusmod qui cupidatat non amet culpa in id adipisicing eiusmod magna. Ex magna ad aute exercitation ut laboris exercitation cupidatat proident eu excepteur deserunt fugiat proident. Deserunt consectetur in dolore tempor ad. Id ipsum quis elit proident ipsum veniam ullamco.\r\n",
  "registered": "2014-01-11T02:53:03-07:00",
  "tags": [
    "consequat",
    "nulla",
    "occaecat",
    "qui",
    "dolore",
    "ullamco",
    "ullamco"
  ],
  "friends": [
    {
      "id": 0,
      "name": "Miller Dixon"
    },
    {
      "id": 1,
      "name": "Rachel Sullivan"
    },
    {
      "id": 2,
      "name": "Mathis Guy"
    }
  ],
  "greeting": "Hello, Vang Odonnell! You have 1 unread messages.",
  "favoriteFruit": "pear",
  "location": {
    "latitude": 9.915975,
    "longitude": -117.660983
  },
  "docFormat": "json",
  "triples": [
    {
      "triple": {
        "subject": "/sample-data/data-2871.json",
        "predicate": "http://www.w3.org/2000/01/rdf-schema#label",
        "object": "Vang Odonnell"
      }
    },
    {
      "triple": {
        "subject": "/sample-data/data-2871.json",
        "predicate": "http://www.w3.org/1999/02/22-rdf-syntax-ns#type",
        "object": "http://xmlns.com/foaf/0.1/Person"
      }
    },
    {
      "triple": {
        "subject": "/sample-data/data-2871.json",
        "predicate": "http://xmlns.com/foaf/0.1/knows",
        "object": "/sample-data/data-2548.json"
      }
    },
    {
      "triple": {
        "subject": "/sample-data/data-2871.json",
        "predicate": "http://xmlns.com/foaf/0.1/knows",
        "object": "/sample-data/data-2157.json"
      }
    },
    {
      "triple": {
        "subject": "/sample-data/data-2871.json",
        "predicate": "http://xmlns.com/foaf/0.1/knows",
        "object": "/sample-data/data-2098.json"
      }
    }
  ]
}