{
  "_id": "55ee5e44bf44ff42b7ba5afe",
  "index": 691,
  "guid": "6ba3e8fc-972a-4f7b-8563-cbb44279cd17",
  "isActive": false,
  "balance": "$7,041.05",
  "picture": "http://placehold.it/32x32",
  "age": 34,
  "eyeColor": "green",
  "name": "Mercedes Hobbs",
  "gender": "female",
  "company": "NETROPIC",
  "email": "mercedeshobbs@netropic.com",
  "phone": "+1 (953) 425-2883",
  "address": "315 Hamilton Walk, Lithium, Nevada, 8716",
  "about": "Et Lorem laborum ipsum mollit anim voluptate. Pariatur elit consequat in laboris. Minim ex culpa ipsum duis officia do ipsum labore dolore culpa.\r\n",
  "registered": "2014-01-14T06:44:34-07:00",
  "tags": [
    "aute",
    "nulla",
    "nisi",
    "dolor",
    "deserunt",
    "tempor",
    "esse"
  ],
  "friends": [
    {
      "id": 0,
      "name": "Caitlin Shepard"
    },
    {
      "id": 1,
      "name": "Santiago Valenzuela"
    },
    {
      "id": 2,
      "name": "Nancy Rhodes"
    }
  ],
  "greeting": "Hello, Mercedes Hobbs! You have 1 unread messages.",
  "favoriteFruit": "pear",
  "location": {
    "latitude": -78.211392,
    "longitude": 109.320038
  },
  "docFormat": "json",
  "triples": [
    {
      "triple": {
        "subject": "/sample-data/data-691.json",
        "predicate": "http://www.w3.org/2000/01/rdf-schema#label",
        "object": "Mercedes Hobbs"
      }
    },
    {
      "triple": {
        "subject": "/sample-data/data-691.json",
        "predicate": "http://www.w3.org/1999/02/22-rdf-syntax-ns#type",
        "object": "http://xmlns.com/foaf/0.1/Person"
      }
    },
    {
      "triple": {
        "subject": "/sample-data/data-691.json",
        "predicate": "http://xmlns.com/foaf/0.1/knows",
        "object": "/sample-data/data-1805.json"
      }
    },
    {
      "triple": {
        "subject": "/sample-data/data-691.json",
        "predicate": "http://xmlns.com/foaf/0.1/knows",
        "object": "/sample-data/data-1523.json"
      }
    },
    {
      "triple": {
        "subject": "/sample-data/data-691.json",
        "predicate": "http://xmlns.com/foaf/0.1/knows",
        "object": "/sample-data/data-218.json"
      }
    }
  ]
}