{
  "_id": "55ee5e98df0821a73fb91b08",
  "index": 2888,
  "guid": "861c2ad3-b8b9-49ff-8352-169e7b3dca9b",
  "isActive": false,
  "balance": "$42,545.51",
  "picture": "http://placehold.it/32x32",
  "age": 33,
  "eyeColor": "blue",
  "name": "Oneal Hart",
  "gender": "male",
  "company": "XINWARE",
  "email": "onealhart@xinware.com",
  "phone": "+1 (972) 587-3262",
  "address": "752 Lake Place, Madrid, Rhode Island, 1212",
  "about": "Nulla do voluptate irure quis et adipisicing ipsum commodo ex aliquip exercitation adipisicing. Qui officia exercitation velit do minim adipisicing nulla id consequat cillum tempor eu exercitation. Veniam consequat magna occaecat ut ipsum duis occaecat consectetur sunt amet occaecat ex dolor. Enim qui aliqua culpa Lorem nostrud. Velit dolore excepteur ut do eiusmod ad. Voluptate dolore cupidatat occaecat id id irure nulla aute minim pariatur officia.\r\n",
  "registered": "2014-05-29T12:56:10-07:00",
  "tags": [
    "cupidatat",
    "Lorem",
    "sunt",
    "tempor",
    "in",
    "eu",
    "sint"
  ],
  "friends": [
    {
      "id": 0,
      "name": "Meghan Leblanc"
    },
    {
      "id": 1,
      "name": "Bond Pope"
    },
    {
      "id": 2,
      "name": "Odessa Love"
    }
  ],
  "greeting": "Hello, Oneal Hart! You have 9 unread messages.",
  "favoriteFruit": "strawberry",
  "location": {
    "latitude": 65.161089,
    "longitude": 150.252849
  },
  "docFormat": "json",
  "triples": [
    {
      "triple": {
        "subject": "/sample-data/data-2888.json",
        "predicate": "http://www.w3.org/2000/01/rdf-schema#label",
        "object": "Oneal Hart"
      }
    },
    {
      "triple": {
        "subject": "/sample-data/data-2888.json",
        "predicate": "http://www.w3.org/1999/02/22-rdf-syntax-ns#type",
        "object": "http://xmlns.com/foaf/0.1/Person"
      }
    },
    {
      "triple": {
        "subject": "/sample-data/data-2888.json",
        "predicate": "http://xmlns.com/foaf/0.1/knows",
        "object": "/sample-data/data-1803.json"
      }
    },
    {
      "triple": {
        "subject": "/sample-data/data-2888.json",
        "predicate": "http://xmlns.com/foaf/0.1/knows",
        "object": "/sample-data/data-526.json"
      }
    },
    {
      "triple": {
        "subject": "/sample-data/data-2888.json",
        "predicate": "http://xmlns.com/foaf/0.1/knows",
        "object": "/sample-data/data-1259.json"
      }
    }
  ]
}