{
  "_id": "55ee5e98f9edc67484339c34",
  "index": 2190,
  "guid": "42f8868d-2fa4-42b2-8bef-344e50e2ee1d",
  "isActive": false,
  "balance": "$66,662.72",
  "picture": "http://placehold.it/32x32",
  "age": 47,
  "eyeColor": "blue",
  "name": "Vera Underwood",
  "gender": "female",
  "company": "ZILLA",
  "email": "veraunderwood@zilla.com",
  "phone": "+1 (801) 503-3259",
  "address": "889 Remsen Street, Rodman, Minnesota, 5162",
  "about": "Mollit ea reprehenderit enim eiusmod cupidatat. Ea id incididunt in exercitation incididunt officia tempor consequat amet sit eiusmod amet esse exercitation. Sint commodo nulla nulla enim ut velit commodo. Officia voluptate dolor dolor proident. Lorem dolor reprehenderit nisi commodo tempor magna non cupidatat. In ipsum anim do laboris dolor veniam qui culpa enim. Ea consectetur ex occaecat aliqua aliqua laboris nulla.\r\n",
  "registered": "2014-09-17T06:06:17-07:00",
  "tags": [
    "sunt",
    "do",
    "occaecat",
    "minim",
    "proident",
    "nisi",
    "laborum"
  ],
  "friends": [
    {
      "id": 0,
      "name": "Doreen Tanner"
    },
    {
      "id": 1,
      "name": "Hopkins Hurley"
    },
    {
      "id": 2,
      "name": "Rosario Donaldson"
    }
  ],
  "greeting": "Hello, Vera Underwood! You have 8 unread messages.",
  "favoriteFruit": "strawberry",
  "location": {
    "latitude": -80.518931,
    "longitude": 14.797814
  },
  "docFormat": "json",
  "triples": [
    {
      "triple": {
        "subject": "/sample-data/data-2190.json",
        "predicate": "http://www.w3.org/2000/01/rdf-schema#label",
        "object": "Vera Underwood"
      }
    },
    {
      "triple": {
        "subject": "/sample-data/data-2190.json",
        "predicate": "http://www.w3.org/1999/02/22-rdf-syntax-ns#type",
        "object": "http://xmlns.com/foaf/0.1/Person"
      }
    },
    {
      "triple": {
        "subject": "/sample-data/data-2190.json",
        "predicate": "http://xmlns.com/foaf/0.1/knows",
        "object": "/sample-data/data-300.json"
      }
    },
    {
      "triple": {
        "subject": "/sample-data/data-2190.json",
        "predicate": "http://xmlns.com/foaf/0.1/knows",
        "object": "/sample-data/data-2807.json"
      }
    },
    {
      "triple": {
        "subject": "/sample-data/data-2190.json",
        "predicate": "http://xmlns.com/foaf/0.1/knows",
        "object": "/sample-data/data-1490.json"
      }
    }
  ]
}