{
  "_id": "55ee5e98c443aa20b1a1e581",
  "index": 2427,
  "guid": "7312cfbd-32f9-4bc3-a440-c9e7dd77666a",
  "isActive": true,
  "balance": "$62,234.66",
  "picture": "http://placehold.it/32x32",
  "age": 37,
  "eyeColor": "hazel",
  "name": "Huff Woods",
  "gender": "male",
  "company": "ORBIN",
  "email": "huffwoods@orbin.com",
  "phone": "+1 (897) 472-3565",
  "address": "950 Will Place, Nicut, District Of Columbia, 7738",
  "about": "Reprehenderit exercitation irure eiusmod exercitation. Sunt non consectetur ut amet esse tempor duis enim sit ea. Eiusmod qui incididunt ut nostrud nisi tempor.\r\n",
  "registered": "2015-05-01T03:11:19-07:00",
  "tags": [
    "aliquip",
    "commodo",
    "elit",
    "pariatur",
    "cillum",
    "cillum",
    "aliquip"
  ],
  "friends": [
    {
      "id": 0,
      "name": "Freda Yang"
    },
    {
      "id": 1,
      "name": "Gay Armstrong"
    },
    {
      "id": 2,
      "name": "Melanie Doyle"
    }
  ],
  "greeting": "Hello, Huff Woods! You have 1 unread messages.",
  "favoriteFruit": "apple",
  "location": {
    "latitude": -55.408743,
    "longitude": -170.155153
  },
  "docFormat": "json",
  "triples": [
    {
      "triple": {
        "subject": "/sample-data/data-2427.json",
        "predicate": "http://www.w3.org/2000/01/rdf-schema#label",
        "object": "Huff Woods"
      }
    },
    {
      "triple": {
        "subject": "/sample-data/data-2427.json",
        "predicate": "http://www.w3.org/1999/02/22-rdf-syntax-ns#type",
        "object": "http://xmlns.com/foaf/0.1/Person"
      }
    },
    {
      "triple": {
        "subject": "/sample-data/data-2427.json",
        "predicate": "http://xmlns.com/foaf/0.1/knows",
        "object": "/sample-data/data-161.json"
      }
    },
    {
      "triple": {
        "subject": "/sample-data/data-2427.json",
        "predicate": "http://xmlns.com/foaf/0.1/knows",
        "object": "/sample-data/data-299.json"
      }
    },
    {
      "triple": {
        "subject": "/sample-data/data-2427.json",
        "predicate": "http://xmlns.com/foaf/0.1/knows",
        "object": "/sample-data/data-2439.json"
      }
    }
  ]
}