{
  "_id": "55ee5e440628855dfe1040db",
  "index": 521,
  "guid": "a7b34920-ea24-4961-9836-a15dea604e96",
  "isActive": true,
  "balance": "$54,884.96",
  "picture": "http://placehold.it/32x32",
  "age": 48,
  "eyeColor": "green",
  "name": "Whitehead Griffin",
  "gender": "male",
  "company": "ZOXY",
  "email": "whiteheadgriffin@zoxy.com",
  "phone": "+1 (864) 471-3402",
  "address": "661 Loring Avenue, Sabillasville, Pennsylvania, 5103",
  "about": "Cillum est elit et non incididunt laborum ad est officia. Labore reprehenderit velit eu irure mollit nulla est sunt consectetur. Ipsum ipsum ipsum cupidatat id sunt nostrud qui sint nisi ut Lorem ipsum id tempor. Excepteur et elit duis adipisicing consectetur do.\r\n",
  "registered": "2014-01-09T10:05:51-07:00",
  "tags": [
    "commodo",
    "nostrud",
    "quis",
    "est",
    "ut",
    "aliquip",
    "ullamco"
  ],
  "friends": [
    {
      "id": 0,
      "name": "Banks Davis"
    },
    {
      "id": 1,
      "name": "Barry Powell"
    },
    {
      "id": 2,
      "name": "Daniels Luna"
    }
  ],
  "greeting": "Hello, Whitehead Griffin! You have 7 unread messages.",
  "favoriteFruit": "pear",
  "location": {
    "latitude": -62.963049,
    "longitude": 169.362705
  },
  "docFormat": "json",
  "triples": [
    {
      "triple": {
        "subject": "/sample-data/data-521.json",
        "predicate": "http://www.w3.org/2000/01/rdf-schema#label",
        "object": "Whitehead Griffin"
      }
    },
    {
      "triple": {
        "subject": "/sample-data/data-521.json",
        "predicate": "http://www.w3.org/1999/02/22-rdf-syntax-ns#type",
        "object": "http://xmlns.com/foaf/0.1/Person"
      }
    },
    {
      "triple": {
        "subject": "/sample-data/data-521.json",
        "predicate": "http://xmlns.com/foaf/0.1/knows",
        "object": "/sample-data/data-472.json"
      }
    },
    {
      "triple": {
        "subject": "/sample-data/data-521.json",
        "predicate": "http://xmlns.com/foaf/0.1/knows",
        "object": "/sample-data/data-1733.json"
      }
    },
    {
      "triple": {
        "subject": "/sample-data/data-521.json",
        "predicate": "http://xmlns.com/foaf/0.1/knows",
        "object": "/sample-data/data-1835.json"
      }
    }
  ]
}