{
  "_id": "55ee5e98d78d6da772f6d4a4",
  "index": 2718,
  "guid": "7820e995-55ea-4ca8-a644-7de80f854d9b",
  "isActive": false,
  "balance": "$79,827.51",
  "picture": "http://placehold.it/32x32",
  "age": 29,
  "eyeColor": "hazel",
  "name": "Carpenter Sheppard",
  "gender": "male",
  "company": "GENMY",
  "email": "carpentersheppard@genmy.com",
  "phone": "+1 (891) 567-2556",
  "address": "767 Portland Avenue, Rockhill, Missouri, 3435",
  "about": "Lorem id sint tempor laboris fugiat dolor irure elit nostrud qui quis sunt. Sit culpa minim deserunt sint ipsum reprehenderit duis pariatur ullamco incididunt aliqua est. Magna labore nisi nulla eiusmod enim laborum ex. Incididunt reprehenderit adipisicing labore irure. Excepteur magna eu reprehenderit nulla velit ea excepteur ut culpa laboris aliqua qui ullamco. Tempor aliquip tempor aliqua aliqua dolor eu eiusmod ut velit ipsum dolore proident. Dolore occaecat nisi consequat elit anim.\r\n",
  "registered": "2015-05-23T09:33:48-07:00",
  "tags": [
    "non",
    "sit",
    "Lorem",
    "occaecat",
    "adipisicing",
    "do",
    "elit"
  ],
  "friends": [
    {
      "id": 0,
      "name": "Sonia Mercado"
    },
    {
      "id": 1,
      "name": "Jacquelyn Weiss"
    },
    {
      "id": 2,
      "name": "Gillespie Wallace"
    }
  ],
  "greeting": "Hello, Carpenter Sheppard! You have 6 unread messages.",
  "favoriteFruit": "banana",
  "location": {
    "latitude": -42.094709,
    "longitude": 8.780765
  },
  "docFormat": "json",
  "triples": [
    {
      "triple": {
        "subject": "/sample-data/data-2718.json",
        "predicate": "http://www.w3.org/2000/01/rdf-schema#label",
        "object": "Carpenter Sheppard"
      }
    },
    {
      "triple": {
        "subject": "/sample-data/data-2718.json",
        "predicate": "http://www.w3.org/1999/02/22-rdf-syntax-ns#type",
        "object": "http://xmlns.com/foaf/0.1/Person"
      }
    },
    {
      "triple": {
        "subject": "/sample-data/data-2718.json",
        "predicate": "http://xmlns.com/foaf/0.1/knows",
        "object": "/sample-data/data-2608.json"
      }
    },
    {
      "triple": {
        "subject": "/sample-data/data-2718.json",
        "predicate": "http://xmlns.com/foaf/0.1/knows",
        "object": "/sample-data/data-978.json"
      }
    },
    {
      "triple": {
        "subject": "/sample-data/data-2718.json",
        "predicate": "http://xmlns.com/foaf/0.1/knows",
        "object": "/sample-data/data-2768.json"
      }
    }
  ]
}