{
  "_id": "55ee5e445d653d97647e34c2",
  "index": 500,
  "guid": "54ac3797-50a5-4c5f-b3ec-3c081b5f7a5f",
  "isActive": true,
  "balance": "$8,929.65",
  "picture": "http://placehold.it/32x32",
  "age": 37,
  "eyeColor": "brown",
  "name": "Montoya Mccall",
  "gender": "male",
  "company": "SKINSERVE",
  "email": "montoyamccall@skinserve.com",
  "phone": "+1 (869) 557-3448",
  "address": "340 Whitney Avenue, Wolcott, Nebraska, 7573",
  "about": "Deserunt reprehenderit exercitation esse tempor sit veniam aliquip ex deserunt deserunt veniam proident minim. Ut culpa cupidatat magna nostrud veniam ullamco irure mollit nulla dolore ea reprehenderit mollit. Nulla ut eiusmod proident non magna tempor.\r\n",
  "registered": "2014-11-13T05:51:58-07:00",
  "tags": [
    "incididunt",
    "enim",
    "magna",
    "ipsum",
    "Lorem",
    "non",
    "commodo"
  ],
  "friends": [
    {
      "id": 0,
      "name": "Carver Jacobs"
    },
    {
      "id": 1,
      "name": "Chandler Mccray"
    },
    {
      "id": 2,
      "name": "Mcguire Stout"
    }
  ],
  "greeting": "Hello, Montoya Mccall! You have 5 unread messages.",
  "favoriteFruit": "pear",
  "location": {
    "latitude": 1.111631,
    "longitude": -76.244731
  },
  "docFormat": "json",
  "triples": [
    {
      "triple": {
        "subject": "/sample-data/data-500.json",
        "predicate": "http://www.w3.org/2000/01/rdf-schema#label",
        "object": "Montoya Mccall"
      }
    },
    {
      "triple": {
        "subject": "/sample-data/data-500.json",
        "predicate": "http://www.w3.org/1999/02/22-rdf-syntax-ns#type",
        "object": "http://xmlns.com/foaf/0.1/Person"
      }
    },
    {
      "triple": {
        "subject": "/sample-data/data-500.json",
        "predicate": "http://xmlns.com/foaf/0.1/knows",
        "object": "/sample-data/data-735.json"
      }
    },
    {
      "triple": {
        "subject": "/sample-data/data-500.json",
        "predicate": "http://xmlns.com/foaf/0.1/knows",
        "object": "/sample-data/data-930.json"
      }
    },
    {
      "triple": {
        "subject": "/sample-data/data-500.json",
        "predicate": "http://xmlns.com/foaf/0.1/knows",
        "object": "/sample-data/data-1907.json"
      }
    }
  ]
}