{
  "_id": "55ee5e45ea07e7af7f3d6b77",
  "index": 1733,
  "guid": "ee75d8e1-b539-479b-87f9-53ea54eda3ed",
  "isActive": false,
  "balance": "$98,466.01",
  "picture": "http://placehold.it/32x32",
  "age": 44,
  "eyeColor": "blue",
  "name": "Kristie Williamson",
  "gender": "female",
  "company": "MAGMINA",
  "email": "kristiewilliamson@magmina.com",
  "phone": "+1 (982) 505-2315",
  "address": "454 Highland Place, Cloverdale, Palau, 9662",
  "about": "Consequat mollit consectetur irure mollit non cillum nostrud mollit. Elit deserunt ex nostrud et ad reprehenderit fugiat cillum sit proident nulla aliquip aliqua. Enim esse consequat consequat est nisi id deserunt ipsum anim nulla. Minim nulla reprehenderit cillum eiusmod. Voluptate incididunt labore enim mollit exercitation consequat sint elit.\r\n",
  "registered": "2014-07-24T07:19:44-07:00",
  "tags": [
    "nulla",
    "esse",
    "eiusmod",
    "mollit",
    "anim",
    "anim",
    "veniam"
  ],
  "friends": [
    {
      "id": 0,
      "name": "Leila Mayo"
    },
    {
      "id": 1,
      "name": "Dominique Johns"
    },
    {
      "id": 2,
      "name": "Gladys Lynn"
    }
  ],
  "greeting": "Hello, Kristie Williamson! You have 6 unread messages.",
  "favoriteFruit": "strawberry",
  "location": {
    "latitude": 83.517212,
    "longitude": 15.30834
  },
  "docFormat": "json",
  "triples": [
    {
      "triple": {
        "subject": "/sample-data/data-1733.json",
        "predicate": "http://www.w3.org/2000/01/rdf-schema#label",
        "object": "Kristie Williamson"
      }
    },
    {
      "triple": {
        "subject": "/sample-data/data-1733.json",
        "predicate": "http://www.w3.org/1999/02/22-rdf-syntax-ns#type",
        "object": "http://xmlns.com/foaf/0.1/Person"
      }
    },
    {
      "triple": {
        "subject": "/sample-data/data-1733.json",
        "predicate": "http://xmlns.com/foaf/0.1/knows",
        "object": "/sample-data/data-736.json"
      }
    },
    {
      "triple": {
        "subject": "/sample-data/data-1733.json",
        "predicate": "http://xmlns.com/foaf/0.1/knows",
        "object": "/sample-data/data-538.json"
      }
    },
    {
      "triple": {
        "subject": "/sample-data/data-1733.json",
        "predicate": "http://xmlns.com/foaf/0.1/knows",
        "object": "/sample-data/data-246.json"
      }
    }
  ]
}