{
  "_id": "55ee5e44ec602543f8c239fa",
  "index": 433,
  "guid": "32f0b6bc-479d-4828-a15e-10c8135038d4",
  "isActive": false,
  "balance": "$32,664.11",
  "picture": "http://placehold.it/32x32",
  "age": 47,
  "eyeColor": "green",
  "name": "Sims Collier",
  "gender": "male",
  "company": "EXOTECHNO",
  "email": "simscollier@exotechno.com",
  "phone": "+1 (800) 520-3475",
  "address": "500 Miller Place, Barronett, Hawaii, 7356",
  "about": "Pariatur incididunt labore ullamco minim non voluptate elit eu reprehenderit anim. Eu deserunt aute in dolor cillum ipsum sunt nisi reprehenderit aliqua duis fugiat. Ut consectetur minim deserunt in aliqua culpa. Incididunt pariatur sunt id deserunt. Dolor consequat nisi cillum cillum sit sit dolor magna mollit incididunt mollit irure. Velit consectetur fugiat excepteur duis nisi adipisicing laboris officia amet qui. Et laboris dolor et aliquip consectetur occaecat id sunt elit magna minim.\r\n",
  "registered": "2015-06-25T01:02:50-07:00",
  "tags": [
    "nulla",
    "in",
    "veniam",
    "fugiat",
    "culpa",
    "ea",
    "elit"
  ],
  "friends": [
    {
      "id": 0,
      "name": "Sawyer Hood"
    },
    {
      "id": 1,
      "name": "Melisa Cox"
    },
    {
      "id": 2,
      "name": "Ines Stuart"
    }
  ],
  "greeting": "Hello, Sims Collier! You have 8 unread messages.",
  "favoriteFruit": "pear",
  "location": {
    "latitude": -35.101764,
    "longitude": 174.404783
  },
  "docFormat": "json",
  "triples": [
    {
      "triple": {
        "subject": "/sample-data/data-433.json",
        "predicate": "http://www.w3.org/2000/01/rdf-schema#label",
        "object": "Sims Collier"
      }
    },
    {
      "triple": {
        "subject": "/sample-data/data-433.json",
        "predicate": "http://www.w3.org/1999/02/22-rdf-syntax-ns#type",
        "object": "http://xmlns.com/foaf/0.1/Person"
      }
    },
    {
      "triple": {
        "subject": "/sample-data/data-433.json",
        "predicate": "http://xmlns.com/foaf/0.1/knows",
        "object": "/sample-data/data-1903.json"
      }
    },
    {
      "triple": {
        "subject": "/sample-data/data-433.json",
        "predicate": "http://xmlns.com/foaf/0.1/knows",
        "object": "/sample-data/data-2596.json"
      }
    },
    {
      "triple": {
        "subject": "/sample-data/data-433.json",
        "predicate": "http://xmlns.com/foaf/0.1/knows",
        "object": "/sample-data/data-627.json"
      }
    }
  ]
}