{
  "_id": "55ee5e45d54f178407b65079",
  "index": 1698,
  "guid": "979104de-fdb6-47d3-acb9-9549e8ed68d4",
  "isActive": true,
  "balance": "$92,877.61",
  "picture": "http://placehold.it/32x32",
  "age": 70,
  "eyeColor": "blue",
  "name": "Briana Fitzpatrick",
  "gender": "female",
  "company": "UXMOX",
  "email": "brianafitzpatrick@uxmox.com",
  "phone": "+1 (839) 536-2767",
  "address": "799 Kaufman Place, Layhill, Arkansas, 4703",
  "about": "Reprehenderit fugiat occaecat consequat anim occaecat nulla irure cupidatat qui et nulla irure est est. Id officia do labore do esse excepteur reprehenderit reprehenderit do. Qui non culpa cupidatat veniam Lorem do consequat et elit ex ad ut dolore. In et magna laboris voluptate laboris dolore ea.\r\n",
  "registered": "2014-03-08T04:14:59-07:00",
  "tags": [
    "nulla",
    "dolore",
    "ea",
    "laboris",
    "tempor",
    "consequat",
    "est"
  ],
  "friends": [
    {
      "id": 0,
      "name": "Joseph Garner"
    },
    {
      "id": 1,
      "name": "Mcclain Steele"
    },
    {
      "id": 2,
      "name": "Graves Hoover"
    }
  ],
  "greeting": "Hello, Briana Fitzpatrick! You have 1 unread messages.",
  "favoriteFruit": "apple",
  "location": {
    "latitude": 8.640947,
    "longitude": 15.987172
  },
  "docFormat": "json",
  "triples": [
    {
      "triple": {
        "subject": "/sample-data/data-1698.json",
        "predicate": "http://www.w3.org/2000/01/rdf-schema#label",
        "object": "Briana Fitzpatrick"
      }
    },
    {
      "triple": {
        "subject": "/sample-data/data-1698.json",
        "predicate": "http://www.w3.org/1999/02/22-rdf-syntax-ns#type",
        "object": "http://xmlns.com/foaf/0.1/Person"
      }
    },
    {
      "triple": {
        "subject": "/sample-data/data-1698.json",
        "predicate": "http://xmlns.com/foaf/0.1/knows",
        "object": "/sample-data/data-1896.json"
      }
    },
    {
      "triple": {
        "subject": "/sample-data/data-1698.json",
        "predicate": "http://xmlns.com/foaf/0.1/knows",
        "object": "/sample-data/data-650.json"
      }
    },
    {
      "triple": {
        "subject": "/sample-data/data-1698.json",
        "predicate": "http://xmlns.com/foaf/0.1/knows",
        "object": "/sample-data/data-1346.json"
      }
    }
  ]
}