{
  "_id": "55ee5e44d73350efeddb0857",
  "index": 799,
  "guid": "0b5db6a7-f791-4871-a883-2e8a7238b898",
  "isActive": false,
  "balance": "$40,729.02",
  "picture": "http://placehold.it/32x32",
  "age": 40,
  "eyeColor": "blue",
  "name": "Esther Jennings",
  "gender": "female",
  "company": "COGNICODE",
  "email": "estherjennings@cognicode.com",
  "phone": "+1 (812) 462-3725",
  "address": "922 Hill Street, Ahwahnee, North Carolina, 3930",
  "about": "Dolor exercitation ad ut ad et ipsum ullamco consectetur ad esse laboris. Sunt officia velit nostrud reprehenderit occaecat qui aliqua quis excepteur magna proident velit dolore. Mollit consectetur Lorem adipisicing aute et. Pariatur magna tempor id fugiat cupidatat eiusmod ullamco deserunt fugiat ad do dolor quis.\r\n",
  "registered": "2014-12-25T01:38:41-07:00",
  "tags": [
    "ut",
    "laboris",
    "minim",
    "tempor",
    "dolor",
    "enim",
    "nulla"
  ],
  "friends": [
    {
      "id": 0,
      "name": "Daisy Byrd"
    },
    {
      "id": 1,
      "name": "Mccoy Barrera"
    },
    {
      "id": 2,
      "name": "Kay Michael"
    }
  ],
  "greeting": "Hello, Esther Jennings! You have 4 unread messages.",
  "favoriteFruit": "strawberry",
  "location": {
    "latitude": -12.367403,
    "longitude": -67.289062
  },
  "docFormat": "json",
  "triples": [
    {
      "triple": {
        "subject": "/sample-data/data-799.json",
        "predicate": "http://www.w3.org/2000/01/rdf-schema#label",
        "object": "Esther Jennings"
      }
    },
    {
      "triple": {
        "subject": "/sample-data/data-799.json",
        "predicate": "http://www.w3.org/1999/02/22-rdf-syntax-ns#type",
        "object": "http://xmlns.com/foaf/0.1/Person"
      }
    },
    {
      "triple": {
        "subject": "/sample-data/data-799.json",
        "predicate": "http://xmlns.com/foaf/0.1/knows",
        "object": "/sample-data/data-1426.json"
      }
    },
    {
      "triple": {
        "subject": "/sample-data/data-799.json",
        "predicate": "http://xmlns.com/foaf/0.1/knows",
        "object": "/sample-data/data-2538.json"
      }
    },
    {
      "triple": {
        "subject": "/sample-data/data-799.json",
        "predicate": "http://xmlns.com/foaf/0.1/knows",
        "object": "/sample-data/data-1729.json"
      }
    }
  ]
}