{
  "_id": "55ee5e4421b26f40858110d2",
  "index": 193,
  "guid": "18e84dd1-4873-47a1-b2fe-1e4634578948",
  "isActive": true,
  "balance": "$37,939.53",
  "picture": "http://placehold.it/32x32",
  "age": 50,
  "eyeColor": "brown",
  "name": "Wilcox Nichols",
  "gender": "male",
  "company": "PARLEYNET",
  "email": "wilcoxnichols@parleynet.com",
  "phone": "+1 (929) 502-2172",
  "address": "524 Minna Street, Mulino, Marshall Islands, 3150",
  "about": "Labore minim ut cillum excepteur non. Fugiat nostrud irure minim officia fugiat proident consectetur id elit anim labore aliquip officia sint. Est aute est occaecat esse occaecat est.\r\n",
  "registered": "2015-03-12T12:02:07-07:00",
  "tags": [
    "non",
    "consequat",
    "dolore",
    "cupidatat",
    "ipsum",
    "cupidatat",
    "laborum"
  ],
  "friends": [
    {
      "id": 0,
      "name": "Stefanie Mcclain"
    },
    {
      "id": 1,
      "name": "Meghan Benjamin"
    },
    {
      "id": 2,
      "name": "Roslyn Casey"
    }
  ],
  "greeting": "Hello, Wilcox Nichols! You have 9 unread messages.",
  "favoriteFruit": "apple",
  "location": {
    "latitude": -4.205539,
    "longitude": 78.044243
  },
  "docFormat": "json",
  "triples": [
    {
      "triple": {
        "subject": "/sample-data/data-193.json",
        "predicate": "http://www.w3.org/2000/01/rdf-schema#label",
        "object": "Wilcox Nichols"
      }
    },
    {
      "triple": {
        "subject": "/sample-data/data-193.json",
        "predicate": "http://www.w3.org/1999/02/22-rdf-syntax-ns#type",
        "object": "http://xmlns.com/foaf/0.1/Person"
      }
    },
    {
      "triple": {
        "subject": "/sample-data/data-193.json",
        "predicate": "http://xmlns.com/foaf/0.1/knows",
        "object": "/sample-data/data-2057.json"
      }
    },
    {
      "triple": {
        "subject": "/sample-data/data-193.json",
        "predicate": "http://xmlns.com/foaf/0.1/knows",
        "object": "/sample-data/data-2391.json"
      }
    },
    {
      "triple": {
        "subject": "/sample-data/data-193.json",
        "predicate": "http://xmlns.com/foaf/0.1/knows",
        "object": "/sample-data/data-705.json"
      }
    }
  ]
}