{
  "_id": "55ee5e459429bdac6bdafdb1",
  "index": 1909,
  "guid": "0bbf29dc-6bd6-485d-8efb-034a4cd44962",
  "isActive": true,
  "balance": "$13,666.60",
  "picture": "http://placehold.it/32x32",
  "age": 23,
  "eyeColor": "blue",
  "name": "Kelley Goff",
  "gender": "male",
  "company": "ISOTERNIA",
  "email": "kelleygoff@isoternia.com",
  "phone": "+1 (866) 455-3467",
  "address": "572 Gilmore Court, Turpin, Nevada, 736",
  "about": "Officia duis ex cillum nostrud magna fugiat voluptate ea sit elit non id. Ullamco culpa ad deserunt incididunt culpa sunt enim. Cupidatat tempor nisi laboris nulla sint dolor dolor Lorem aute ut nostrud sunt eu ut. Mollit commodo irure quis occaecat nostrud nulla ullamco magna dolor proident est.\r\n",
  "registered": "2014-08-05T03:28:55-07:00",
  "tags": [
    "laborum",
    "consequat",
    "deserunt",
    "ea",
    "qui",
    "ut",
    "minim"
  ],
  "friends": [
    {
      "id": 0,
      "name": "Wheeler West"
    },
    {
      "id": 1,
      "name": "Farrell Hendrix"
    },
    {
      "id": 2,
      "name": "Lavonne Vinson"
    }
  ],
  "greeting": "Hello, Kelley Goff! You have 2 unread messages.",
  "favoriteFruit": "orange",
  "location": {
    "latitude": -4.031294,
    "longitude": -98.422031
  },
  "docFormat": "json",
  "triples": [
    {
      "triple": {
        "subject": "/sample-data/data-1909.json",
        "predicate": "http://www.w3.org/2000/01/rdf-schema#label",
        "object": "Kelley Goff"
      }
    },
    {
      "triple": {
        "subject": "/sample-data/data-1909.json",
        "predicate": "http://www.w3.org/1999/02/22-rdf-syntax-ns#type",
        "object": "http://xmlns.com/foaf/0.1/Person"
      }
    },
    {
      "triple": {
        "subject": "/sample-data/data-1909.json",
        "predicate": "http://xmlns.com/foaf/0.1/knows",
        "object": "/sample-data/data-845.json"
      }
    },
    {
      "triple": {
        "subject": "/sample-data/data-1909.json",
        "predicate": "http://xmlns.com/foaf/0.1/knows",
        "object": "/sample-data/data-2534.json"
      }
    },
    {
      "triple": {
        "subject": "/sample-data/data-1909.json",
        "predicate": "http://xmlns.com/foaf/0.1/knows",
        "object": "/sample-data/data-1424.json"
      }
    }
  ]
}